00:01.450  cycles           | WARNING HIPEW initialization failed: Error opening HIP dynamic library
/home/akamel/hero3d/still223/still.py:283: DeprecationWarning: 'Material.use_nodes' is expected to be removed in Blender 6.0
  mat.use_nodes = True
/home/akamel/hero3d/still223/still.py:310: DeprecationWarning: 'Material.use_nodes' is expected to be removed in Blender 6.0
  mat.use_nodes = True
still: shots=['tall', 'wide'] outdir=/home/akamel/hero3d/out/still-223/p1 az=0.0 res=native
00:08.070  render           | Rendering frame 1
00:08.070  render           | Start rendering: Scene, ViewLayer
00:08.070  render           | Engine: Cycles
00:09.901  render           | Fra: 1 | Mem: 1M | Synchronizing object | ValleyMist
Blender 5.2.2 LTS (hash d13f752e3b9c built 2026-09-15 01:34:58)
00:13.198  render           | Fra: 1 | Mem: 1M | Synchronizing object | Island
00:13.215  render           | Fra: 1 | Mem: 1M | Synchronizing object | TopMoss
00:13.215  render           | Fra: 1 | Mem: 1M | Synchronizing object | moss_01_d_LOD0
00:13.215  render           | Fra: 1 | Mem: 1M | Synchronizing object | moss_01_h_LOD0
00:13.215  render           | Fra: 1 | Mem: 1M | Synchronizing object | moss_01_i_LOD0
00:13.215  render           | Fra: 1 | Mem: 1M | Synchronizing object | moss_01_e_LOD0
00:13.215  render           | Fra: 1 | Mem: 1M | Synchronizing object | moss_01_tall_a_LOD0
00:13.215  render           | Fra: 1 | Mem: 1M | Synchronizing object | moss_01_a_LOD0
00:13.215  render           | Fra: 1 | Mem: 1M | Synchronizing object | moss_01_f_LOD0
00:13.215  render           | Fra: 1 | Mem: 1M | Synchronizing object | moss_01_tall_b_LOD0
00:13.215  render           | Fra: 1 | Mem: 1M | Synchronizing object | moss_01_b_LOD0
00:13.216  render           | Fra: 1 | Mem: 1M | Synchronizing object | moss_01_g_LOD0
00:13.216  render           | Fra: 1 | Mem: 1M | Synchronizing object | moss_01_c_LOD0
00:13.216  render           | Fra: 1 | Mem: 1M | Synchronizing object | moss_01_j_LOD0
00:13.426  render           | Fra: 1 | Mem: 1M | Synchronizing object | grass_medium_01_tiny_e_LOD0
00:13.426  render           | Fra: 1 | Mem: 1M | Synchronizing object | TopGrass
00:13.426  render           | Fra: 1 | Mem: 1M | Synchronizing object | grass_medium_01_tiny_f_LOD0
00:13.427  render           | Fra: 1 | Mem: 1M | Synchronizing object | grass_medium_01_small_a_LOD0
00:13.427  render           | Fra: 1 | Mem: 1M | Synchronizing object | grass_medium_01_mid_c_LOD0
00:13.427  render           | Fra: 1 | Mem: 1M | Synchronizing object | grass_medium_01_mid_b_LOD0
00:13.427  render           | Fra: 1 | Mem: 1M | Synchronizing object | grass_medium_01_tiny_d_LOD0
00:13.427  render           | Fra: 1 | Mem: 1M | Synchronizing object | grass_medium_01_tiny_a_LOD0
00:13.427  render           | Fra: 1 | Mem: 1M | Synchronizing object | grass_medium_01_small_b_LOD0
00:13.427  render           | Fra: 1 | Mem: 1M | Synchronizing object | grass_medium_01_tiny_c_LOD0
00:13.427  render           | Fra: 1 | Mem: 1M | Synchronizing object | grass_medium_01_tiny_b_LOD0
00:13.431  render           | Fra: 1 | Mem: 1M | Synchronizing object | TopGrassTall
00:13.431  render           | Fra: 1 | Mem: 1M | Synchronizing object | grass_medium_01_tall_a_LOD0
00:13.431  render           | Fra: 1 | Mem: 1M | Synchronizing object | grass_medium_01_tall_b_LOD0
00:13.431  render           | Fra: 1 | Mem: 1M | Synchronizing object | grass_medium_01_tall_c_LOD0
00:13.443  render           | Fra: 1 | Mem: 1M | Synchronizing object | LipMoss
00:13.678  render           | Fra: 1 | Mem: 1M | Synchronizing object | flower_heliophila_medium_LOD0
00:13.678  render           | Fra: 1 | Mem: 1M | Synchronizing object | Flowers
00:13.681  render           | Fra: 1 | Mem: 1M | Synchronizing object | flower_heliophila_small_LOD0
00:13.684  render           | Fra: 1 | Mem: 1M | Synchronizing object | rock_moss_set_01_rock06.001
00:13.684  render           | Fra: 1 | Mem: 1M | Synchronizing object | Terrain
00:13.686  render           | Fra: 1 | Mem: 1M | Synchronizing object | rock_moss_set_01_rock05.001
00:13.686  render           | Fra: 1 | Mem: 1M | Synchronizing object | rock_moss_set_01_rock06.003
00:13.686  render           | Fra: 1 | Mem: 1M | Synchronizing object | rock_moss_set_01_rock04.002
00:13.686  render           | Fra: 1 | Mem: 1M | Synchronizing object | rock_moss_set_01_rock06.004
00:13.686  render           | Fra: 1 | Mem: 1M | Synchronizing object | rock_moss_set_01_rock05.005
00:13.686  render           | Fra: 1 | Mem: 1M | Synchronizing object | rock_moss_set_01_rock04.004
00:13.686  render           | Fra: 1 | Mem: 1M | Synchronizing object | rock_moss_set_01_rock06.006
00:13.686  render           | Fra: 1 | Mem: 1M | Synchronizing object | rock_moss_set_01_rock05.006
00:13.687  render           | Fra: 1 | Mem: 1M | Synchronizing object | rock_moss_set_01_rock04.005
00:13.687  render           | Fra: 1 | Mem: 1M | Synchronizing object | rock_moss_set_01_rock06.007
00:13.687  render           | Fra: 1 | Mem: 1M | Synchronizing object | rock_moss_set_01_rock05.007
00:13.687  render           | Fra: 1 | Mem: 1M | Synchronizing object | rock_moss_set_01_rock04.006
00:13.687  render           | Fra: 1 | Mem: 1M | Synchronizing object | rock_moss_set_01_rock06.008
00:13.687  render           | Fra: 1 | Mem: 1M | Synchronizing object | rock_moss_set_01_rock05.008
00:13.687  render           | Fra: 1 | Mem: 1M | Synchronizing object | rock_moss_set_01_rock04.007
00:13.687  render           | Fra: 1 | Mem: 1M | Synchronizing object | rock_moss_set_01_rock06.009
00:13.688  render           | Fra: 1 | Mem: 1M | Synchronizing object | rock_moss_set_01_rock05.009
00:13.689  render           | Fra: 1 | Mem: 1M | Synchronizing object | fir_sapling_medium_a_LOD0.001
00:13.690  render           | Fra: 1 | Mem: 1M | Synchronizing object | fir_sapling_medium_b_LOD0.001
00:13.691  render           | Fra: 1 | Mem: 1M | Synchronizing object | Sun
00:13.780  render           | Fra: 1 | Mem: 1M | Initializing
00:13.936  render           | Fra: 1 | Mem: 1M | Waiting for render to start
00:13.936  render           | Fra: 1 | Mem: 1M | Updating Scene
00:13.936  render           | Fra: 1 | Mem: 1M | Updating Shaders
00:13.942  render           | Fra: 1 | Mem: 1M | Loading render kernels (may take a few minutes the first time)
00:14.076  render           | Fra: 1 | Mem: 1M | Updating Procedurals
Update statistics:
Scene:
    Total time: 0.131008s
        device_update                            0.131008s
Geometry:
    Total time: 0.000000s
Light:
    Total time: 0.000000s
Object:
    Total time: 0.000000s
Image:
    Total time: 0.000000s
Background:
    Total time: 0.000000s
Bake:
    Total time: 0.000000s
Camera:
    Total time: 0.000000s
Film:
    Total time: 0.000000s
Integrator:
    Total time: 0.000000s
OSL:
    Total time: 0.000000s
Particles:
    Total time: 0.000000s
SVM:
    Total time: 0.000000s
Tables:
    Total time: 0.000000s
Procedurals:
    Total time: 0.000000s

00:14.076  render           | Fra: 1 | Mem: 1M | Updating Background
00:14.076  render           | Fra: 1 | Mem: 1M | Updating Scene Attribute
00:14.076  render           | Fra: 1 | Mem: 1M | Updating Camera
00:14.076  render           | Fra: 1 | Mem: 1M | Updating Meshes Flags
00:14.076  render           | Fra: 1 | Mem: 1M | Updating Objects
00:14.079  render           | Fra: 1 | Mem: 1M | Updating Objects | Copying Transformations to device
00:14.096  render           | Fra: 1 | Mem: 37M | Updating Particle Systems
00:14.096  render           | Fra: 1 | Mem: 37M | Updating Particle Systems | Copying Particles to device
00:14.096  render           | Fra: 1 | Mem: 37M | Updating Meshes
00:14.492  render           | Fra: 1 | Mem: 37M | Updating Displacement Images
00:14.492  render           | Fra: 1 | Mem: 37M | Updating Images | Loading forest_ground_04_nor_gl_2k.jpg
00:14.492  render           | Fra: 1 | Mem: 37M | Updating Images | Loading lichen_rock_Diffuse_2k.jpg
00:14.492  render           | Fra: 1 | Mem: 37M | Updating Images | Loading lichen_rock_Rough_2k.jpg
00:14.493  render           | Fra: 1 | Mem: 37M | Updating Images | Loading aerial_rocks_02_Diffuse_2k.jpg
00:14.688  render           | Fra: 1 | Mem: 185M | Updating Mesh | Computing normals
00:14.733  render           | Fra: 1 | Mem: 185M | Updating Mesh | Copying Mesh to device
00:14.740  render           | Fra: 1 | Mem: 248M | Updating Objects | Applying Static Transformations
00:14.754  render           | Fra: 1 | Mem: 248M | Updating Mesh | Computing attributes
00:14.882  render           | Fra: 1 | Mem: 248M | Updating Mesh | Copying Attributes to device
00:14.921  render           | Fra: 1 | Mem: 423M | Updating Mesh | Computing Displacement Island
00:15.990  render           | Fra: 1 | Mem: 423M | Updating Mesh | Computing Displacement mesh1-geometry.001
00:16.002  render           | Fra: 1 | Mem: 423M | Updating Mesh | Computing Displacement modelShape.001
00:16.020  render           | Fra: 1 | Mem: 423M | Updating Mesh | Computing Displacement medium.002
00:16.035  render           | Fra: 1 | Mem: 423M | Updating Mesh | Computing Displacement mesh1-geometry.002
00:16.046  render           | Fra: 1 | Mem: 423M | Updating Mesh | Computing Displacement modelShape.002
00:16.061  render           | Fra: 1 | Mem: 423M | Updating Mesh | Computing Displacement medium.003
00:16.076  render           | Fra: 1 | Mem: 423M | Updating Mesh | Computing Displacement mesh1-geometry.004
00:16.087  render           | Fra: 1 | Mem: 423M | Updating Mesh | Computing Displacement modelShape.004
00:16.107  render           | Fra: 1 | Mem: 423M | Updating Mesh | Computing Displacement medium.004
00:16.121  render           | Fra: 1 | Mem: 423M | Updating Mesh | Computing Displacement mesh1-geometry.005
00:16.132  render           | Fra: 1 | Mem: 423M | Updating Mesh | Computing Displacement modelShape.005
00:16.149  render           | Fra: 1 | Mem: 423M | Updating Mesh | Computing Displacement medium.005
00:16.161  render           | Fra: 1 | Mem: 423M | Updating Mesh | Computing Displacement mesh1-geometry.006
00:16.172  render           | Fra: 1 | Mem: 423M | Updating Mesh | Computing Displacement modelShape.006
00:16.187  render           | Fra: 1 | Mem: 423M | Updating Mesh | Computing Displacement medium.006
00:16.201  render           | Fra: 1 | Mem: 423M | Updating Mesh | Computing Displacement mesh1-geometry.007
00:16.213  render           | Fra: 1 | Mem: 423M | Updating Mesh | Computing Displacement modelShape.007
00:16.230  render           | Fra: 1 | Mem: 423M | Updating Mesh | Computing Displacement medium.007
00:16.245  render           | Fra: 1 | Mem: 423M | Updating Mesh | Computing Displacement mesh1-geometry.008
00:16.256  render           | Fra: 1 | Mem: 423M | Updating Mesh | Computing Displacement modelShape.008
00:16.289  render           | Fra: 1 | Mem: 185M | Updating Geometry BVH backgroundlight 63/62 | Building BVH
00:16.290  render           | Fra: 1 | Mem: 185M | Updating Geometry BVH backgroundlight 63/62 | Building OptiX acceleration structure
00:16.290  render           | Fra: 1 | Mem: 185M | Updating Geometry BVH Grid 62/62 | Building BVH
00:16.290  render           | Fra: 1 | Mem: 185M | Updating Geometry BVH Grid 62/62 | Building OptiX acceleration structure
00:16.293  render           | Fra: 1 | Mem: 188M | Updating Geometry BVH Sun 61/62 | Building BVH
00:16.293  render           | Fra: 1 | Mem: 188M | Updating Geometry BVH Sun 61/62 | Building OptiX acceleration structure
00:16.294  render           | Fra: 1 | Mem: 188M | Updating Geometry BVH NurbsPath.005 60/62 | Building BVH
00:16.294  render           | Fra: 1 | Mem: 188M | Updating Geometry BVH NurbsPath.005 60/62 | Building OptiX acceleration structure
00:16.299  render           | Fra: 1 | Mem: 188M | Updating Geometry BVH Cube 2/62 | Building BVH
00:16.300  render           | Fra: 1 | Mem: 188M | Updating Geometry BVH Cube 2/62 | Building OptiX acceleration structure
00:16.300  render           | Fra: 1 | Mem: 188M | Updating Geometry BVH TopMoss 4/62 | Building BVH
00:16.300  render           | Fra: 1 | Mem: 188M | Updating Geometry BVH TopMoss 4/62 | Building OptiX acceleration structure
00:16.302  render           | Fra: 1 | Mem: 239M | Updating Geometry BVH Island 3/62 | Building BVH
00:16.302  render           | Fra: 1 | Mem: 239M | Updating Geometry BVH Island 3/62 | Building OptiX acceleration structure
00:16.303  render           | Fra: 1 | Mem: 221M | Updating Geometry BVH Plane.004 5/62 | Building BVH
00:16.303  render           | Fra: 1 | Mem: 221M | Updating Geometry BVH Plane.004 5/62 | Building OptiX acceleration structure
00:16.306  render           | Fra: 1 | Mem: 221M | Updating Geometry BVH Plane.010 6/62 | Building BVH
00:16.307  render           | Fra: 1 | Mem: 233M | Updating Geometry BVH Plane.010 6/62 | Building OptiX acceleration structure
00:16.309  render           | Fra: 1 | Mem: 200M | Updating Geometry BVH NurbsPath.007 59/62 | Building BVH
00:16.309  render           | Fra: 1 | Mem: 200M | Updating Geometry BVH NurbsPath.007 59/62 | Building OptiX acceleration structure
00:16.309  render           | Fra: 1 | Mem: 200M | Updating Geometry BVH Plane.011 7/62 | Building BVH
00:16.309  render           | Fra: 1 | Mem: 200M | Updating Geometry BVH Plane.011 7/62 | Building OptiX acceleration structure
00:16.309  render           | Fra: 1 | Mem: 200M | Updating Geometry BVH Plane.005 8/62 | Building BVH
00:16.309  render           | Fra: 1 | Mem: 200M | Updating Geometry BVH Plane.005 8/62 | Building OptiX acceleration structure
00:16.309  render           | Fra: 1 | Mem: 200M | Updating Geometry BVH Plane.035 9/62 | Building BVH
00:16.309  render           | Fra: 1 | Mem: 200M | Updating Geometry BVH Plane.035 9/62 | Building OptiX acceleration structure
00:16.310  render           | Fra: 1 | Mem: 200M | Updating Geometry BVH Plane.009 10/62 | Building BVH
00:16.310  render           | Fra: 1 | Mem: 200M | Updating Geometry BVH Plane.009 10/62 | Building OptiX acceleration structure
00:16.310  render           | Fra: 1 | Mem: 200M | Updating Geometry BVH Plane.006 11/62 | Building BVH
00:16.310  render           | Fra: 1 | Mem: 200M | Updating Geometry BVH Plane.006 11/62 | Building OptiX acceleration structure
00:16.310  render           | Fra: 1 | Mem: 200M | Updating Geometry BVH Plane.040 12/62 | Building BVH
00:16.310  render           | Fra: 1 | Mem: 200M | Updating Geometry BVH Plane.040 12/62 | Building OptiX acceleration structure
00:16.311  render           | Fra: 1 | Mem: 200M | Updating Geometry BVH Plane.007 13/62 | Building BVH
00:16.311  render           | Fra: 1 | Mem: 200M | Updating Geometry BVH Plane.007 13/62 | Building OptiX acceleration structure
00:16.311  render           | Fra: 1 | Mem: 200M | Updating Geometry BVH Plane.008 14/62 | Building BVH
00:16.311  render           | Fra: 1 | Mem: 200M | Updating Geometry BVH Plane.008 14/62 | Building OptiX acceleration structure
00:16.311  render           | Fra: 1 | Mem: 200M | Updating Geometry BVH Plane.003 15/62 | Building BVH
00:16.311  render           | Fra: 1 | Mem: 200M | Updating Geometry BVH Plane.003 15/62 | Building OptiX acceleration structure
00:16.311  render           | Fra: 1 | Mem: 200M | Updating Geometry BVH Plane.032 16/62 | Building BVH
00:16.311  render           | Fra: 1 | Mem: 200M | Updating Geometry BVH Plane.032 16/62 | Building OptiX acceleration structure
00:16.312  render           | Fra: 1 | Mem: 200M | Updating Geometry BVH TopGrass 17/62 | Building BVH
00:16.312  render           | Fra: 1 | Mem: 200M | Updating Geometry BVH TopGrass 17/62 | Building OptiX acceleration structure
00:16.312  render           | Fra: 1 | Mem: 200M | Updating Geometry BVH Plane.058 18/62 | Building BVH
00:16.312  render           | Fra: 1 | Mem: 200M | Updating Geometry BVH Plane.058 18/62 | Building OptiX acceleration structure
00:16.312  render           | Fra: 1 | Mem: 200M | Updating Geometry BVH Plane.059 19/62 | Building BVH
00:16.312  render           | Fra: 1 | Mem: 200M | Updating Geometry BVH Plane.059 19/62 | Building OptiX acceleration structure
00:16.312  render           | Fra: 1 | Mem: 200M | Updating Geometry BVH Plane.037 20/62 | Building BVH
00:16.312  render           | Fra: 1 | Mem: 200M | Updating Geometry BVH Plane.037 20/62 | Building OptiX acceleration structure
00:16.312  render           | Fra: 1 | Mem: 200M | Updating Geometry BVH Plane.048 21/62 | Building BVH
00:16.313  render           | Fra: 1 | Mem: 200M | Updating Geometry BVH Plane.048 21/62 | Building OptiX acceleration structure
00:16.314  render           | Fra: 1 | Mem: 200M | Updating Geometry BVH Plane.039 22/62 | Building BVH
00:16.315  render           | Fra: 1 | Mem: 200M | Updating Geometry BVH Plane.039 22/62 | Building OptiX acceleration structure
00:16.315  render           | Fra: 1 | Mem: 200M | Updating Geometry BVH Plane.057 23/62 | Building BVH
00:16.316  render           | Fra: 1 | Mem: 200M | Updating Geometry BVH Plane.057 23/62 | Building OptiX acceleration structure
00:16.316  render           | Fra: 1 | Mem: 200M | Updating Geometry BVH Plane.055 24/62 | Building BVH
00:16.316  render           | Fra: 1 | Mem: 200M | Updating Geometry BVH Plane.047 25/62 | Building OptiX acceleration structure
00:16.316  render           | Fra: 1 | Mem: 200M | Updating Geometry BVH Plane.054 26/62 | Building BVH
00:16.316  render           | Fra: 1 | Mem: 200M | Updating Geometry BVH Plane.054 26/62 | Building OptiX acceleration structure
00:16.317  render           | Fra: 1 | Mem: 200M | Updating Geometry BVH Plane.056 27/62 | Building BVH
00:16.317  render           | Fra: 1 | Mem: 200M | Updating Geometry BVH Plane.056 27/62 | Building OptiX acceleration structure
00:16.317  render           | Fra: 1 | Mem: 200M | Updating Geometry BVH TopGrassTall 28/62 | Building BVH
00:16.317  render           | Fra: 1 | Mem: 200M | Updating Geometry BVH TopGrassTall 28/62 | Building OptiX acceleration structure
00:16.317  render           | Fra: 1 | Mem: 200M | Updating Geometry BVH Plane.043 29/62 | Building BVH
00:16.317  render           | Fra: 1 | Mem: 200M | Updating Geometry BVH Plane.043 29/62 | Building OptiX acceleration structure
00:16.317  render           | Fra: 1 | Mem: 200M | Updating Geometry BVH Plane.042 30/62 | Building BVH
00:16.318  render           | Fra: 1 | Mem: 200M | Updating Geometry BVH Plane.042 30/62 | Building OptiX acceleration structure
00:16.318  render           | Fra: 1 | Mem: 200M | Updating Geometry BVH Plane.045 31/62 | Building BVH
00:16.318  render           | Fra: 1 | Mem: 200M | Updating Geometry BVH Plane.045 31/62 | Building OptiX acceleration structure
00:16.321  render           | Fra: 1 | Mem: 200M | Updating Geometry BVH LipMoss 32/62 | Building BVH
00:16.321  render           | Fra: 1 | Mem: 200M | Updating Geometry BVH LipMoss 32/62 | Building OptiX acceleration structure
00:16.321  render           | Fra: 1 | Mem: 200M | Updating Geometry BVH Flowers 33/62 | Building BVH
00:16.321  render           | Fra: 1 | Mem: 200M | Updating Geometry BVH Flowers 33/62 | Building OptiX acceleration structure
00:16.321  render           | Fra: 1 | Mem: 200M | Updating Geometry BVH Plane.5143 34/62 | Building BVH
00:16.321  render           | Fra: 1 | Mem: 200M | Updating Geometry BVH Plane.5143 34/62 | Building OptiX acceleration structure
00:16.321  render           | Fra: 1 | Mem: 201M | Updating Geometry BVH Plane.2197 35/62 | Building BVH
00:16.321  render           | Fra: 1 | Mem: 201M | Updating Geometry BVH Plane.2197 35/62 | Building OptiX acceleration structure
00:16.323  render           | Fra: 1 | Mem: 201M | Updating Geometry BVH mesh1-geometry.003 36/62 | Building BVH
00:16.324  render           | Fra: 1 | Mem: 201M | Updating Geometry BVH mesh1-geometry.003 36/62 | Building OptiX acceleration structure
00:16.325  render           | Fra: 1 | Mem: 201M | Updating Geometry BVH modelShape.003 37/62 | Building BVH
00:16.325  render           | Fra: 1 | Mem: 201M | Updating Geometry BVH modelShape.003 37/62 | Building OptiX acceleration structure
00:16.325  render           | Fra: 1 | Mem: 201M | Updating Geometry BVH medium.001 38/62 | Building BVH
00:16.325  render           | Fra: 1 | Mem: 201M | Updating Geometry BVH medium.001 38/62 | Building OptiX acceleration structure
00:16.325  render           | Fra: 1 | Mem: 201M | Updating Geometry BVH mesh1-geometry.001 39/62 | Building BVH
00:16.325  render           | Fra: 1 | Mem: 201M | Updating Geometry BVH mesh1-geometry.001 39/62 | Building OptiX acceleration structure
00:16.326  render           | Fra: 1 | Mem: 202M | Updating Geometry BVH modelShape.001 40/62 | Building BVH
00:16.326  render           | Fra: 1 | Mem: 202M | Updating Geometry BVH modelShape.001 40/62 | Building OptiX acceleration structure
00:16.326  render           | Fra: 1 | Mem: 204M | Updating Geometry BVH medium.002 41/62 | Building BVH
00:16.326  render           | Fra: 1 | Mem: 204M | Updating Geometry BVH medium.002 41/62 | Building OptiX acceleration structure
00:16.330  render           | Fra: 1 | Mem: 203M | Updating Geometry BVH mesh1-geometry.002 42/62 | Building BVH
00:16.331  render           | Fra: 1 | Mem: 203M | Updating Geometry BVH mesh1-geometry.002 42/62 | Building OptiX acceleration structure
00:16.332  render           | Fra: 1 | Mem: 203M | Updating Geometry BVH modelShape.002 43/62 | Building BVH
00:16.332  render           | Fra: 1 | Mem: 203M | Updating Geometry BVH modelShape.002 43/62 | Building OptiX acceleration structure
00:16.332  render           | Fra: 1 | Mem: 203M | Updating Geometry BVH medium.003 44/62 | Building BVH
00:16.332  render           | Fra: 1 | Mem: 203M | Updating Geometry BVH medium.003 44/62 | Building OptiX acceleration structure
00:16.332  render           | Fra: 1 | Mem: 204M | Updating Geometry BVH mesh1-geometry.004 45/62 | Building BVH
00:16.333  render           | Fra: 1 | Mem: 204M | Updating Geometry BVH mesh1-geometry.004 45/62 | Building OptiX acceleration structure
00:16.333  render           | Fra: 1 | Mem: 204M | Updating Geometry BVH modelShape.004 46/62 | Building BVH
00:16.333  render           | Fra: 1 | Mem: 204M | Updating Geometry BVH modelShape.004 46/62 | Building OptiX acceleration structure
00:16.334  render           | Fra: 1 | Mem: 204M | Updating Geometry BVH medium.004 47/62 | Building BVH
00:16.334  render           | Fra: 1 | Mem: 204M | Updating Geometry BVH medium.004 47/62 | Building OptiX acceleration structure
00:16.334  render           | Fra: 1 | Mem: 204M | Updating Geometry BVH mesh1-geometry.005 48/62 | Building BVH
00:16.334  render           | Fra: 1 | Mem: 204M | Updating Geometry BVH mesh1-geometry.005 48/62 | Building OptiX acceleration structure
00:16.335  render           | Fra: 1 | Mem: 204M | Updating Geometry BVH modelShape.005 49/62 | Building BVH
00:16.335  render           | Fra: 1 | Mem: 204M | Updating Geometry BVH modelShape.005 49/62 | Building OptiX acceleration structure
00:16.336  render           | Fra: 1 | Mem: 212M | Updating Geometry BVH mesh1-geometry.006 51/62 | Building BVH
00:16.336  render           | Fra: 1 | Mem: 212M | Updating Geometry BVH medium.005 50/62 | Building OptiX acceleration structure
00:16.336  render           | Fra: 1 | Mem: 250M | Updating Geometry BVH modelShape.006 52/62 | Building BVH
00:16.336  render           | Fra: 1 | Mem: 250M | Updating Geometry BVH modelShape.006 52/62 | Building OptiX acceleration structure
00:16.339  render           | Fra: 1 | Mem: 251M | Updating Geometry BVH medium.006 53/62 | Building BVH
00:16.339  render           | Fra: 1 | Mem: 251M | Updating Geometry BVH medium.006 53/62 | Building OptiX acceleration structure
00:16.340  render           | Fra: 1 | Mem: 251M | Updating Geometry BVH mesh1-geometry.007 54/62 | Building BVH
00:16.341  render           | Fra: 1 | Mem: 251M | Updating Geometry BVH mesh1-geometry.007 54/62 | Building OptiX acceleration structure
00:16.343  render           | Fra: 1 | Mem: 266M | Updating Geometry BVH modelShape.007 55/62 | Building BVH
00:16.343  render           | Fra: 1 | Mem: 266M | Updating Geometry BVH modelShape.007 55/62 | Building OptiX acceleration structure
00:16.343  render           | Fra: 1 | Mem: 266M | Updating Geometry BVH medium.007 56/62 | Building BVH
00:16.343  render           | Fra: 1 | Mem: 266M | Updating Geometry BVH medium.007 56/62 | Building OptiX acceleration structure
00:16.344  render           | Fra: 1 | Mem: 270M | Updating Geometry BVH mesh1-geometry.008 57/62 | Building BVH
00:16.344  render           | Fra: 1 | Mem: 270M | Updating Geometry BVH mesh1-geometry.008 57/62 | Building OptiX acceleration structure
00:16.344  render           | Fra: 1 | Mem: 267M | Updating Geometry BVH modelShape.008 58/62 | Building BVH
00:16.344  render           | Fra: 1 | Mem: 267M | Updating Geometry BVH modelShape.008 58/62 | Building OptiX acceleration structure
00:16.384  render           | Fra: 1 | Mem: 282M | Updating Scene BVH | Building
00:16.384  render           | Fra: 1 | Mem: 282M | Updating Scene BVH | Building OptiX acceleration structure
00:16.408  render           | Fra: 1 | Mem: 304M | Updating Scene BVH | Copying BVH to device
00:16.408  render           | Fra: 1 | Mem: 304M | Updating Mesh | Computing attributes
00:16.618  render           | Fra: 1 | Mem: 304M | Updating Mesh | Copying Attributes to device
00:16.689  render           | Fra: 1 | Mem: 628M | Updating Mesh | Computing normals
00:16.727  render           | Fra: 1 | Mem: 628M | Updating Mesh | Copying Mesh to device
00:16.741  render           | Fra: 1 | Mem: 690M | Updating Objects Flags
00:16.752  render           | Fra: 1 | Mem: 690M | Updating Primitive Offsets
00:16.755  render           | Fra: 1 | Mem: 691M | Updating Images
00:16.755  render           | Fra: 1 | Mem: 691M | Updating Images | Loading kloofendal_overcast_puresky_4k.hdr
00:16.757  render           | Fra: 1 | Mem: 691M | Updating Images | Loading fir_sapling_medium_twigs_rough_2k.png
00:16.759  render           | Fra: 1 | Mem: 691M | Updating Images | Loading fir_sapling_medium_branches_disp_2k.png
00:16.759  render           | Fra: 1 | Mem: 691M | Updating Images | Loading moss_01_nor_gl_2k.exr
00:16.759  render           | Fra: 1 | Mem: 691M | Updating Images | Loading grass_medium_01_nor_gl_2k.exr
00:16.759  render           | Fra: 1 | Mem: 691M | Updating Images | Loading flower_heliophila_nor_gl_2k.exr
00:16.759  render           | Fra: 1 | Mem: 691M | Updating Images | Loading fir_sapling_medium_twigs_nor_gl_2k.png
00:16.759  render           | Fra: 1 | Mem: 691M | Updating Images | Loading flower_heliophila_alpha_2k.png
00:16.759  render           | Fra: 1 | Mem: 691M | Updating Images | Loading flower_heliophila_rough_2k.exr
00:16.759  render           | Fra: 1 | Mem: 691M | Updating Images | Loading flower_heliophila_diff_2k.jpg
00:16.759  render           | Fra: 1 | Mem: 691M | Updating Images | Loading fir_sapling_medium_branches_nor_gl_2k.png
00:16.759  render           | Fra: 1 | Mem: 691M | Updating Images | Loading fir_sapling_medium_branches_rough_2k.png
00:16.759  render           | Fra: 1 | Mem: 691M | Updating Images | Loading fir_sapling_medium_branches_diff_2k.png
00:16.759  render           | Fra: 1 | Mem: 691M | Updating Images | Loading fir_sapling_medium_twigs_diff_2k.png
00:16.760  render           | Fra: 1 | Mem: 691M | Updating Images | Loading fir_sapling_medium_twigs_alpha_2k.png
00:16.760  render           | Fra: 1 | Mem: 691M | Updating Images | Loading grass_medium_01_diff_2k.jpg
00:16.760  render           | Fra: 1 | Mem: 691M | Updating Images | Loading rock_moss_set_01_rough_2k.jpg
00:16.762  render           | Fra: 1 | Mem: 691M | Updating Images | Loading fir_sapling_medium_twigs_mask_2k.png
00:16.765  render           | Fra: 1 | Mem: 691M | Updating Images | Loading grass_medium_01_alpha_2k.png
00:16.766  render           | Fra: 1 | Mem: 691M | Updating Images | Loading rock_moss_set_01_diff_2k.jpg
00:16.766  render           | Fra: 1 | Mem: 691M | Updating Images | Loading grass_medium_01_rough_2k.exr
00:17.423  render           | Fra: 1 | Mem: 1299M | Updating Volume
00:17.423  render           | Fra: 1 | Mem: 1299M | Updating Volume | Creating SDF grid for ValleyMist
00:17.535  render           | Fra: 1 | Mem: 1299M | Updating Volume | Evaluating density for ValleyMist
00:17.596  render           | Fra: 1 | Mem: 1299M | Updating Volume | Building octree for ValleyMist
00:17.599  render           | Fra: 1 | Mem: 1299M | Updating Camera Volume
00:17.600  render           | Fra: 1 | Mem: 1299M | Updating Lookup Tables
00:17.600  render           | Fra: 1 | Mem: 1299M | Updating Lights
00:17.609  render           | Fra: 1 | Mem: 1299M | Updating Lights | Importance map
00:17.926  render           | Fra: 1 | Mem: 1363M | Updating Lights | Computing tree
00:17.931  render           | Fra: 1 | Mem: 1365M | Updating Integrator
00:17.931  render           | Fra: 1 | Mem: 1365M | Updating Film
00:17.931  render           | Fra: 1 | Mem: 1364M | Updating Lookup Tables
00:17.931  render           | Fra: 1 | Mem: 1365M | Updating Baking
00:17.933  render           | Fra: 1 | Mem: 1365M | Updating Device | Writing constant memory
00:17.933  render           | Fra: 1 | Mem: 1365M | Loading denoising kernels (may take a few minutes the first time)
00:17.940  render           | Fra: 1 | Mem: 1968M | Sample 0/128
00:17.953  render           | Fra: 1 | Remaining: 00:01.63 | Mem: 1999M | Sample 1/128
00:17.964  render           | Fra: 1 | Remaining: 00:01.48 | Mem: 1999M | Sample 2/128
00:17.978  render           | Fra: 1 | Remaining: 00:01.17 | Mem: 1999M | Sample 4/128
00:17.998  render           | Fra: 1 | Remaining: 00:00.86 | Mem: 1999M | Sample 8/128
00:18.027  render           | Fra: 1 | Remaining: 00:00.60 | Mem: 1999M | Sample 16/128
00:18.079  render           | Fra: 1 | Remaining: 00:00.41 | Mem: 1999M | Sample 32/128
00:18.174  render           | Fra: 1 | Remaining: 00:00.23 | Mem: 1999M | Sample 64/128
00:18.224  render           | Fra: 1 | Remaining: 00:00.17 | Mem: 1999M | Sample 80/128
00:18.268  render           | Fra: 1 | Remaining: 00:00.10 | Mem: 1999M | Sample 96/128
00:18.311  render           | Fra: 1 | Remaining: 00:00.05 | Mem: 1999M | Sample 112/128
00:20.118  render           | Fra: 1 | Mem: 1999M | Sample 128/128
00:20.118  render           | Fra: 1 | Mem: 1999M | Finished
Render statistics:
Mesh statistics:
  Geometry:
    Total memory: 66.48M (69,712,877)
        Island                           41.01M (42,997,861)
        NurbsPath.007                    11.11M (11,645,883)
        NurbsPath.005                    6.82M (7,154,075)
        Grid                             2.12M (2,228,309)
        Plane.5143                       539.82K (552,772)
        Plane.2197                       292.15K (299,166)
        modelShape.008                   274.81K (281,401)
        modelShape.003                   274.81K (281,401)
        modelShape.001                   274.81K (281,401)
        modelShape.002                   274.81K (281,401)
        modelShape.004                   274.81K (281,401)
        modelShape.005                   274.81K (281,401)
        modelShape.007                   274.81K (281,401)
        modelShape.006                   274.81K (281,401)
        medium.004                       175.88K (180,098)
        medium.007                       175.88K (180,098)
        medium.006                       175.88K (180,098)
        medium.001                       175.88K (180,098)
        medium.002                       175.88K (180,098)
        medium.003                       175.88K (180,098)
        medium.005                       175.88K (180,098)
        mesh1-geometry.002               149.40K (152,983)
        mesh1-geometry.006               149.40K (152,983)
        mesh1-geometry.001               149.40K (152,983)
        mesh1-geometry.003               149.40K (152,983)
        mesh1-geometry.007               149.40K (152,983)
        mesh1-geometry.004               149.40K (152,983)
        mesh1-geometry.005               149.40K (152,983)
        mesh1-geometry.008               149.40K (152,983)
        Plane.048                        24.42K (25,007)
        Plane.039                        20.95K (21,454)
        Plane.037                        13.91K (14,246)
        Plane.047                        10.92K (11,186)
        Plane.045                        5.73K (5,865)
        Plane.042                        5.23K (5,355)
        Plane.043                        4.90K (5,015)
        Plane.055                        1.39K (1,428)
        Plane.058                        1.11K (1,139)
        Plane.059                        1.08K (1,105)
        Plane.054                        765B (765)
        Plane.057                        629B (629)
        Plane.056                        561B (561)
        Plane.040                        493B (493)
        Plane.035                        493B (493)
        Plane.009                        493B (493)
        Plane.003                        493B (493)
        Plane.006                        425B (425)
        Plane.005                        425B (425)
        Plane.008                        357B (357)
        Plane.007                        357B (357)
        Plane.004                        357B (357)
        Cube                             289B (289)
        Plane.032                        221B (221)
        Plane.011                        187B (187)
        Plane.010                        187B (187)
        Flowers                          85B (85)
        LipMoss                          85B (85)
        TopGrassTall                     85B (85)
        TopGrass                         85B (85)
        TopMoss                          85B (85)
        backgroundlight                  50B (50)
        Sun                              46B (46)
Image statistics:
  Full Images:
    kloofendal_overcast_puresky_4k.hdr 128.00M (134,217,728)
    fir_sapling_medium_twigs_mask_2k.png 32.00M (33,554,432)
    moss_01_nor_gl_2k.exr            32.00M (33,554,432)
    grass_medium_01_nor_gl_2k.exr    32.00M (33,554,432)
    flower_heliophila_nor_gl_2k.exr  32.00M (33,554,432)
    fir_sapling_medium_twigs_alpha_2k.png 32.00M (33,554,432)
    rock_moss_set_01_nor_gl_2k.exr   32.00M (33,554,432)
    fir_sapling_medium_twigs_nor_gl_2k.png 32.00M (33,554,432)
    fir_sapling_medium_twigs_diff_2k.png 32.00M00:20.119  render           | Start rendering: Scene, haze
00:20.119  render           | Engine: Cycles
00:23.890  render           | Fra: 1 | Mem: 1M | Synchronizing object | grass_medium_01_tiny_f_LOD0
 (33,554,432)
    fir_sapling_medium_branches_diff_2k.png 32.00M (33,554,432)
    fir_sapling_medium_branches_nor_gl_2k.png 32.00M (33,554,432)
    cliff_side_Diffuse_2k.jpg        16.00M (16,777,216)
    rock_moss_set_01_rough_2k.jpg    16.00M (16,777,216)
    grass_medium_01_diff_2k.jpg      16.00M (16,777,216)
    cliff_side_nor_gl_2k.jpg         16.00M (16,777,216)
    rock_moss_set_01_diff_2k.jpg     16.00M (16,777,216)
    flower_heliophila_diff_2k.jpg    16.00M (16,777,216)
    moss_01_diff_2k.jpg              16.00M (16,777,216)
    lichen_rock_Rough_2k.jpg         16.00M (16,777,216)
    aerial_rocks_02_Diffuse_2k.jpg   16.00M (16,777,216)
    lichen_rock_nor_gl_2k.jpg        16.00M (16,777,216)
    forest_ground_04_Diffuse_2k.jpg  16.00M (16,777,216)
    lichen_rock_Displacement_2k.jpg  16.00M (16,777,216)
    forest_ground_04_nor_gl_2k.jpg   16.00M (16,777,216)
    lichen_rock_Diffuse_2k.jpg       16.00M (16,777,216)
    grass_medium_01_rough_2k.exr     8.00M (8,388,608)
    flower_heliophila_translucency_2k.png 8.00M (8,388,608)
    grass_medium_01_alpha_2k.png     8.00M (8,388,608)
    fir_sapling_medium_twigs_rough_2k.png 8.00M (8,388,608)
    fir_sapling_medium_branches_rough_2k.png 8.00M (8,388,608)
    moss_01_rough_2k.exr             8.00M (8,388,608)
    moss_01_alpha_2k.png             8.00M (8,388,608)
    flower_heliophila_rough_2k.exr   8.00M (8,388,608)
    flower_heliophila_alpha_2k.png   8.00M (8,388,608)
    fir_sapling_medium_branches_disp_2k.png 8.00M (8,388,608)
    cliff_side_Displacement_2k.jpg   4.00M (4,194,304)
  Full image memory: 756.00M (792,723,456)
  Overhead image memory: 3.94K (4,032)
  Total image memory: 756.00M (792,727,488)
Profiling information not available (only works with CPU rendering)
00:23.890  render           | Fra: 1 | Mem: 1M | Synchronizing object | grass_medium_01_tiny_e_LOD0
00:23.890  render           | Fra: 1 | Mem: 1M | Synchronizing object | grass_medium_01_tiny_c_LOD0
00:23.890  render           | Fra: 1 | Mem: 1M | Synchronizing object | grass_medium_01_tiny_b_LOD0
00:23.890  render           | Fra: 1 | Mem: 1M | Synchronizing object | grass_medium_01_small_b_LOD0
00:23.890  render           | Fra: 1 | Mem: 1M | Synchronizing object | grass_medium_01_small_a_LOD0
00:23.890  render           | Fra: 1 | Mem: 1M | Synchronizing object | grass_medium_01_mid_c_LOD0
00:23.890  render           | Fra: 1 | Mem: 1M | Synchronizing object | grass_medium_01_mid_b_LOD0
00:23.890  render           | Fra: 1 | Mem: 1M | Synchronizing object | grass_medium_01_tall_c_LOD0
00:23.890  render           | Fra: 1 | Mem: 1M | Synchronizing object | grass_medium_01_tall_b_LOD0
00:23.890  render           | Fra: 1 | Mem: 1M | Synchronizing object | grass_medium_01_tall_a_LOD0
00:23.890  render           | Fra: 1 | Mem: 1M | Synchronizing object | moss_01_tall_b_LOD0
00:23.890  render           | Fra: 1 | Mem: 1M | Synchronizing object | moss_01_tall_a_LOD0
00:23.890  render           | Fra: 1 | Mem: 1M | Synchronizing object | moss_01_i_LOD0
00:23.890  render           | Fra: 1 | Mem: 1M | Synchronizing object | moss_01_h_LOD0
00:23.890  render           | Fra: 1 | Mem: 1M | Synchronizing object | moss_01_g_LOD0
00:23.890  render           | Fra: 1 | Mem: 1M | Synchronizing object | moss_01_f_LOD0
00:23.890  render           | Fra: 1 | Mem: 1M | Synchronizing object | moss_01_e_LOD0
00:23.890  render           | Fra: 1 | Mem: 1M | Synchronizing object | moss_01_c_LOD0
00:23.890  render           | Fra: 1 | Mem: 1M | Synchronizing object | moss_01_b_LOD0
00:23.890  render           | Fra: 1 | Mem: 1M | Synchronizing object | moss_01_a_LOD0
00:23.890  render           | Fra: 1 | Mem: 1M | Synchronizing object | flower_heliophila_small_LOD0
00:23.890  render           | Fra: 1 | Mem: 1M | Synchronizing object | flower_heliophila_medium_LOD0
00:28.700  render           | Fra: 1 | Mem: 1M | Synchronizing object | Island
00:28.705  render           | Fra: 1 | Mem: 1M | Synchronizing object | TopMoss
00:28.792  render           | Fra: 1 | Mem: 1M | Synchronizing object | TopGrass
00:28.794  render           | Fra: 1 | Mem: 1M | Synchronizing object | TopGrassTall
00:28.799  render           | Fra: 1 | Mem: 1M | Synchronizing object | LipMoss
00:28.927  render           | Fra: 1 | Mem: 1M | Synchronizing object | Flowers
00:28.927  render           | Fra: 1 | Mem: 1M | Synchronizing object | rock_moss_set_01_rock06.001
00:28.927  render           | Fra: 1 | Mem: 1M | Synchronizing object | rock_moss_set_01_rock04.001
00:28.927  render           | Fra: 1 | Mem: 1M | Synchronizing object | rock_moss_set_01_rock05.003
00:28.927  render           | Fra: 1 | Mem: 1M | Synchronizing object | rock_moss_set_01_rock04.002
00:28.927  render           | Fra: 1 | Mem: 1M | Synchronizing object | rock_moss_set_01_rock05.004
00:28.927  render           | Fra: 1 | Mem: 1M | Synchronizing object | Terrain
00:28.927  render           | Fra: 1 | Mem: 1M | Synchronizing object | rock_moss_set_01_rock04.003
00:28.927  render           | Fra: 1 | Mem: 1M | Synchronizing object | rock_moss_set_01_rock06.006
00:28.927  render           | Fra: 1 | Mem: 1M | Synchronizing object | rock_moss_set_01_rock06.007
00:28.927  render           | Fra: 1 | Mem: 1M | Synchronizing object | rock_moss_set_01_rock04.006
00:28.927  render           | Fra: 1 | Mem: 1M | Synchronizing object | rock_moss_set_01_rock05.008
00:28.927  render           | Fra: 1 | Mem: 1M | Synchronizing object | rock_moss_set_01_rock04.007
00:28.927  render           | Fra: 1 | Mem: 1M | Synchronizing object | rock_moss_set_01_rock05.009
00:28.927  render           | Fra: 1 | Mem: 1M | Synchronizing object | fir_sapling_medium_a_LOD0.001
00:28.927  render           | Fra: 1 | Mem: 1M | Synchronizing object | fir_sapling_medium_b_LOD0.001
00:28.927  render           | Fra: 1 | Mem: 1M | Synchronizing object | Sun
00:28.943  render           | Fra: 1 | Mem: 1M | Initializing
00:29.048  render           | Fra: 1 | Mem: 1M | Waiting for render to start
00:29.048  render           | Fra: 1 | Mem: 1M | Updating Scene
00:29.048  render           | Fra: 1 | Mem: 1M | Updating Shaders
00:29.064  render           | Fra: 1 | Mem: 1M | Loading render kernels (may take a few minutes the first time)
00:29.125  render           | Fra: 1 | Mem: 1M | Updating Procedurals
Update statistics:
Scene:
    Total time: 0.074237s
        device_update                            0.074237s
Geometry:
    Total time: 0.000000s
Light:
    Total time: 0.000000s
Object:
    Total time: 0.000000s
Image:
    Total time: 0.000000s
Background:
    Total time: 0.000000s
Bake:
    Total time: 0.000000s
Camera:
    Total time: 0.000000s
Film:
    Total time: 0.000000s
Integrator:
    Total time: 0.000000s
OSL:
    Total time: 0.000000s
Particles:
    Total time: 0.000000s
SVM:
    Total time: 0.000000s
Tables:
    Total time: 0.000000s
Procedurals:
    Total time: 0.000000s

00:29.125  render           | Fra: 1 | Mem: 1M | Updating Background
00:29.125  render           | Fra: 1 | Mem: 1M | Updating Scene Attribute
00:29.125  render           | Fra: 1 | Mem: 1M | Updating Camera
00:29.125  render           | Fra: 1 | Mem: 1M | Updating Meshes Flags
00:29.125  render           | Fra: 1 | Mem: 1M | Updating Objects
00:29.127  render           | Fra: 1 | Mem: 1M | Updating Objects | Copying Transformations to device
00:29.135  render           | Fra: 1 | Mem: 37M | Updating Particle Systems
00:29.135  render           | Fra: 1 | Mem: 37M | Updating Particle Systems | Copying Particles to device
00:29.135  render           | Fra: 1 | Mem: 37M | Updating Meshes
00:29.347  render           | Fra: 1 | Mem: 37M | Updating Displacement Images
00:29.347  render           | Fra: 1 | Mem: 37M | Updating Images | Loading forest_ground_04_Diffuse_2k.jpg
00:29.347  render           | Fra: 1 | Mem: 37M | Updating Images | Loading lichen_rock_Diffuse_2k.jpg
00:29.347  render           | Fra: 1 | Mem: 37M | Updating Images | Loading lichen_rock_Rough_2k.jpg
00:29.347  render           | Fra: 1 | Mem: 37M | Updating Images | Loading lichen_rock_nor_gl_2k.jpg
00:29.347  render           | Fra: 1 | Mem: 37M | Updating Images | Loading lichen_rock_Displacement_2k.jpg
00:29.347  render           | Fra: 1 | Mem: 37M | Updating Images | Loading cliff_side_Diffuse_2k.jpg
00:29.347  render           | Fra: 1 | Mem: 37M | Updating Images | Loading cliff_side_nor_gl_2k.jpg
00:29.347  render           | Fra: 1 | Mem: 37M | Updating Images | Loading forest_ground_04_nor_gl_2k.jpg
00:29.427  render           | Fra: 1 | Mem: 185M | Updating Mesh | Computing normals
00:29.445  render           | Fra: 1 | Mem: 185M | Updating Mesh | Copying Mesh to device
00:29.449  render           | Fra: 1 | Mem: 248M | Updating Objects | Applying Static Transformations
00:29.458  render           | Fra: 1 | Mem: 248M | Updating Mesh | Computing attributes
00:29.518  render           | Fra: 1 | Mem: 248M | Updating Mesh | Copying Attributes to device
00:29.547  render           | Fra: 1 | Mem: 423M | Updating Mesh | Computing Displacement Island
00:30.013  render           | Fra: 1 | Mem: 423M | Updating Mesh | Computing Displacement mesh1-geometry.001
00:30.018  render           | Fra: 1 | Mem: 423M | Updating Mesh | Computing Displacement modelShape.001
00:30.023  render           | Fra: 1 | Mem: 423M | Updating Mesh | Computing Displacement medium.002
00:30.027  render           | Fra: 1 | Mem: 423M | Updating Mesh | Computing Displacement mesh1-geometry.002
00:30.033  render           | Fra: 1 | Mem: 423M | Updating Mesh | Computing Displacement modelShape.002
00:30.037  render           | Fra: 1 | Mem: 423M | Updating Mesh | Computing Displacement medium.003
00:30.041  render           | Fra: 1 | Mem: 423M | Updating Mesh | Computing Displacement mesh1-geometry.004
00:30.047  render           | Fra: 1 | Mem: 423M | Updating Mesh | Computing Displacement modelShape.004
00:30.051  render           | Fra: 1 | Mem: 423M | Updating Mesh | Computing Displacement medium.004
00:30.055  render           | Fra: 1 | Mem: 423M | Updating Mesh | Computing Displacement mesh1-geometry.005
00:30.060  render           | Fra: 1 | Mem: 423M | Updating Mesh | Computing Displacement modelShape.005
00:30.064  render           | Fra: 1 | Mem: 423M | Updating Mesh | Computing Displacement medium.005
00:30.069  render           | Fra: 1 | Mem: 423M | Updating Mesh | Computing Displacement mesh1-geometry.006
00:30.074  render           | Fra: 1 | Mem: 423M | Updating Mesh | Computing Displacement modelShape.006
00:30.079  render           | Fra: 1 | Mem: 423M | Updating Mesh | Computing Displacement medium.006
00:30.083  render           | Fra: 1 | Mem: 423M | Updating Mesh | Computing Displacement mesh1-geometry.007
00:30.087  render           | Fra: 1 | Mem: 423M | Updating Mesh | Computing Displacement modelShape.007
00:30.092  render           | Fra: 1 | Mem: 423M | Updating Mesh | Computing Displacement medium.007
00:30.096  render           | Fra: 1 | Mem: 423M | Updating Mesh | Computing Displacement mesh1-geometry.008
00:30.101  render           | Fra: 1 | Mem: 423M | Updating Mesh | Computing Displacement modelShape.008
00:30.114  render           | Fra: 1 | Mem: 185M | Updating Geometry BVH backgroundlight 62/61 | Building BVH
00:30.114  render           | Fra: 1 | Mem: 185M | Updating Geometry BVH backgroundlight 62/61 | Building OptiX acceleration structure
00:30.114  render           | Fra: 1 | Mem: 185M | Updating Geometry BVH Plane.059 2/61 | Building BVH
00:30.114  render           | Fra: 1 | Mem: 185M | Updating Geometry BVH Plane.059 2/61 | Building OptiX acceleration structure
00:30.114  render           | Fra: 1 | Mem: 185M | Updating Geometry BVH Grid 61/61 | Building BVH
00:30.114  render           | Fra: 1 | Mem: 185M | Updating Geometry BVH Grid 61/61 | Building OptiX acceleration structure
00:30.114  render           | Fra: 1 | Mem: 185M | Updating Geometry BVH Plane.058 3/61 | Building BVH
00:30.114  render           | Fra: 1 | Mem: 185M | Updating Geometry BVH Plane.058 3/61 | Building OptiX acceleration structure
00:30.114  render           | Fra: 1 | Mem: 185M | Updating Geometry BVH Plane.057 4/61 | Building BVH
00:30.114  render           | Fra: 1 | Mem: 185M | Updating Geometry BVH Plane.057 4/61 | Building OptiX acceleration structure
00:30.114  render           | Fra: 1 | Mem: 185M | Updating Geometry BVH Plane.054 5/61 | Building BVH
00:30.114  render           | Fra: 1 | Mem: 185M | Updating Geometry BVH Plane.054 5/61 | Building OptiX acceleration structure
00:30.114  render           | Fra: 1 | Mem: 185M | Updating Geometry BVH Plane.056 6/61 | Building BVH
00:30.114  render           | Fra: 1 | Mem: 185M | Updating Geometry BVH Plane.056 6/61 | Building OptiX acceleration structure
00:30.114  render           | Fra: 1 | Mem: 185M | Updating Geometry BVH Plane.055 7/61 | Building BVH
00:30.114  render           | Fra: 1 | Mem: 185M | Updating Geometry BVH Plane.055 7/61 | Building OptiX acceleration structure
00:30.114  render           | Fra: 1 | Mem: 185M | Updating Geometry BVH Plane.047 8/61 | Building BVH
00:30.114  render           | Fra: 1 | Mem: 185M | Updating Geometry BVH Plane.040 15/61 | Building BVH
00:30.114  render           | Fra: 1 | Mem: 185M | Updating Geometry BVH Plane.011 18/61 | Building OptiX acceleration structure
00:30.114  render           | Fra: 1 | Mem: 185M | Updating Geometry BVH Plane.010 19/61 | Building BVH
00:30.114  render           | Fra: 1 | Mem: 185M | Updating Geometry BVH Plane.006 21/61 | Building BVH
00:30.114  render           | Fra: 1 | Mem: 185M | Updating Geometry BVH Plane.006 21/61 | Building OptiX acceleration structure
00:30.114  render           | Fra: 1 | Mem: 185M | Updating Geometry BVH Plane.005 22/61 | Building BVH
00:30.114  render           | Fra: 1 | Mem: 185M | Updating Geometry BVH Plane.004 23/61 | Building BVH
00:30.114  render           | Fra: 1 | Mem: 185M | Updating Geometry BVH Plane.007 25/61 | Building BVH
00:30.114  render           | Fra: 1 | Mem: 185M | Updating Geometry BVH Plane.009 26/61 | Building OptiX acceleration structure
00:30.114  render           | Fra: 1 | Mem: 185M | Updating Geometry BVH Plane.2197 27/61 | Building BVH
00:30.114  render           | Fra: 1 | Mem: 185M | Updating Geometry BVH Plane.2197 27/61 | Building OptiX acceleration structure
00:30.114  render           | Fra: 1 | Mem: 185M | Updating Geometry BVH Plane.5143 28/61 | Building BVH
00:30.114  render           | Fra: 1 | Mem: 185M | Updating Geometry BVH Plane.5143 28/61 | Building OptiX acceleration structure
00:30.117  render           | Fra: 1 | Mem: 189M | Updating Geometry BVH TopMoss 30/61 | Building BVH
00:30.117  render           | Fra: 1 | Mem: 189M | Updating Geometry BVH TopMoss 30/61 | Building OptiX acceleration structure
00:30.117  render           | Fra: 1 | Mem: 189M | Updating Geometry BVH TopGrass 31/61 | Building BVH
00:30.117  render           | Fra: 1 | Mem: 189M | Updating Geometry BVH TopGrass 31/61 | Building OptiX acceleration structure
00:30.117  render           | Fra: 1 | Mem: 189M | Updating Geometry BVH TopGrassTall 32/61 | Building BVH
00:30.117  render           | Fra: 1 | Mem: 189M | Updating Geometry BVH TopGrassTall 32/61 | Building OptiX acceleration structure
00:30.117  render           | Fra: 1 | Mem: 189M | Updating Geometry BVH LipMoss 33/61 | Building BVH
00:30.117  render           | Fra: 1 | Mem: 189M | Updating Geometry BVH LipMoss 33/61 | Building OptiX acceleration structure
00:30.117  render           | Fra: 1 | Mem: 189M | Updating Geometry BVH Flowers 34/61 | Building BVH
00:30.117  render           | Fra: 1 | Mem: 189M | Updating Geometry BVH Flowers 34/61 | Building OptiX acceleration structure
00:30.117  render           | Fra: 1 | Mem: 189M | Updating Geometry BVH mesh1-geometry.003 35/61 | Building BVH
00:30.117  render           | Fra: 1 | Mem: 189M | Updating Geometry BVH mesh1-geometry.003 35/61 | Building OptiX acceleration structure
00:30.118  render           | Fra: 1 | Mem: 189M | Updating Geometry BVH modelShape.003 36/61 | Building BVH
00:30.118  render           | Fra: 1 | Mem: 189M | Updating Geometry BVH modelShape.003 36/61 | Building OptiX acceleration structure
00:30.118  render           | Fra: 1 | Mem: 189M | Updating Geometry BVH medium.001 37/61 | Building BVH
00:30.118  render           | Fra: 1 | Mem: 189M | Updating Geometry BVH medium.001 37/61 | Building OptiX acceleration structure
00:30.119  render           | Fra: 1 | Mem: 189M | Updating Geometry BVH mesh1-geometry.001 38/61 | Building BVH
00:30.119  render           | Fra: 1 | Mem: 189M | Updating Geometry BVH mesh1-geometry.001 38/61 | Building OptiX acceleration structure
00:30.119  render           | Fra: 1 | Mem: 189M | Updating Geometry BVH Island 29/61 | Building BVH
00:30.119  render           | Fra: 1 | Mem: 189M | Updating Geometry BVH Island 29/61 | Building OptiX acceleration structure
00:30.119  render           | Fra: 1 | Mem: 189M | Updating Geometry BVH modelShape.001 39/61 | Building BVH
00:30.119  render           | Fra: 1 | Mem: 189M | Updating Geometry BVH modelShape.001 39/61 | Building OptiX acceleration structure
00:30.120  render           | Fra: 1 | Mem: 190M | Updating Geometry BVH medium.002 40/61 | Building BVH
00:30.120  render           | Fra: 1 | Mem: 190M | Updating Geometry BVH medium.002 40/61 | Building OptiX acceleration structure
00:30.120  render           | Fra: 1 | Mem: 190M | Updating Geometry BVH mesh1-geometry.002 41/61 | Building BVH
00:30.120  render           | Fra: 1 | Mem: 190M | Updating Geometry BVH mesh1-geometry.002 41/61 | Building OptiX acceleration structure
00:30.120  render           | Fra: 1 | Mem: 190M | Updating Geometry BVH modelShape.002 42/61 | Building BVH
00:30.120  render           | Fra: 1 | Mem: 190M | Updating Geometry BVH modelShape.002 42/61 | Building OptiX acceleration structure
00:30.121  render           | Fra: 1 | Mem: 190M | Updating Geometry BVH medium.003 43/61 | Building BVH
00:30.121  render           | Fra: 1 | Mem: 190M | Updating Geometry BVH medium.003 43/61 | Building OptiX acceleration structure
00:30.121  render           | Fra: 1 | Mem: 190M | Updating Geometry BVH mesh1-geometry.004 44/61 | Building BVH
00:30.121  render           | Fra: 1 | Mem: 190M | Updating Geometry BVH mesh1-geometry.004 44/61 | Building OptiX acceleration structure
00:30.123  render           | Fra: 1 | Mem: 191M | Updating Geometry BVH Sun 60/61 | Building BVH
00:30.123  render           | Fra: 1 | Mem: 191M | Updating Geometry BVH Sun 60/61 | Building OptiX acceleration structure
00:30.123  render           | Fra: 1 | Mem: 191M | Updating Geometry BVH modelShape.004 45/61 | Building BVH
00:30.123  render           | Fra: 1 | Mem: 191M | Updating Geometry BVH modelShape.004 45/61 | Building OptiX acceleration structure
00:30.123  render           | Fra: 1 | Mem: 192M | Updating Geometry BVH medium.004 46/61 | Building BVH
00:30.123  render           | Fra: 1 | Mem: 192M | Updating Geometry BVH medium.004 46/61 | Building OptiX acceleration structure
00:30.123  render           | Fra: 1 | Mem: 192M | Updating Geometry BVH NurbsPath.005 59/61 | Building BVH
00:30.123  render           | Fra: 1 | Mem: 192M | Updating Geometry BVH NurbsPath.005 59/61 | Building OptiX acceleration structure
00:30.124  render           | Fra: 1 | Mem: 192M | Updating Geometry BVH mesh1-geometry.005 47/61 | Building BVH
00:30.124  render           | Fra: 1 | Mem: 192M | Updating Geometry BVH mesh1-geometry.005 47/61 | Building OptiX acceleration structure
00:30.124  render           | Fra: 1 | Mem: 192M | Updating Geometry BVH modelShape.005 48/61 | Building BVH
00:30.124  render           | Fra: 1 | Mem: 192M | Updating Geometry BVH modelShape.005 48/61 | Building OptiX acceleration structure
00:30.124  render           | Fra: 1 | Mem: 192M | Updating Geometry BVH medium.005 49/61 | Building BVH
00:30.124  render           | Fra: 1 | Mem: 192M | Updating Geometry BVH medium.005 49/61 | Building OptiX acceleration structure
00:30.125  render           | Fra: 1 | Mem: 192M | Updating Geometry BVH mesh1-geometry.006 50/61 | Building BVH
00:30.125  render           | Fra: 1 | Mem: 192M | Updating Geometry BVH mesh1-geometry.006 50/61 | Building OptiX acceleration structure
00:30.127  render           | Fra: 1 | Mem: 203M | Updating Geometry BVH modelShape.006 51/61 | Building BVH
00:30.127  render           | Fra: 1 | Mem: 203M | Updating Geometry BVH modelShape.006 51/61 | Building OptiX acceleration structure
00:30.128  render           | Fra: 1 | Mem: 203M | Updating Geometry BVH medium.006 52/61 | Building BVH
00:30.128  render           | Fra: 1 | Mem: 203M | Updating Geometry BVH medium.006 52/61 | Building OptiX acceleration structure
00:30.128  render           | Fra: 1 | Mem: 203M | Updating Geometry BVH mesh1-geometry.007 53/61 | Building BVH
00:30.128  render           | Fra: 1 | Mem: 203M | Updating Geometry BVH mesh1-geometry.007 53/61 | Building OptiX acceleration structure
00:30.128  render           | Fra: 1 | Mem: 204M | Updating Geometry BVH modelShape.007 54/61 | Building BVH
00:30.128  render           | Fra: 1 | Mem: 204M | Updating Geometry BVH modelShape.007 54/61 | Building OptiX acceleration structure
00:30.129  render           | Fra: 1 | Mem: 204M | Updating Geometry BVH medium.007 55/61 | Building BVH
00:30.129  render           | Fra: 1 | Mem: 204M | Updating Geometry BVH medium.007 55/61 | Building OptiX acceleration structure
00:30.129  render           | Fra: 1 | Mem: 204M | Updating Geometry BVH mesh1-geometry.008 56/61 | Building BVH
00:30.129  render           | Fra: 1 | Mem: 204M | Updating Geometry BVH mesh1-geometry.008 56/61 | Building OptiX acceleration structure
00:30.129  render           | Fra: 1 | Mem: 204M | Updating Geometry BVH modelShape.008 57/61 | Building BVH
00:30.129  render           | Fra: 1 | Mem: 204M | Updating Geometry BVH modelShape.008 57/61 | Building OptiX acceleration structure
00:30.130  render           | Fra: 1 | Mem: 205M | Updating Geometry BVH NurbsPath.007 58/61 | Building BVH
00:30.130  render           | Fra: 1 | Mem: 205M | Updating Geometry BVH NurbsPath.007 58/61 | Building OptiX acceleration structure
00:30.175  render           | Fra: 1 | Mem: 282M | Updating Scene BVH | Building
00:30.175  render           | Fra: 1 | Mem: 282M | Updating Scene BVH | Building OptiX acceleration structure
00:30.188  render           | Fra: 1 | Mem: 304M | Updating Scene BVH | Copying BVH to device
00:30.188  render           | Fra: 1 | Mem: 304M | Updating Mesh | Computing attributes
00:30.284  render           | Fra: 1 | Mem: 304M | Updating Mesh | Copying Attributes to device
00:30.320  render           | Fra: 1 | Mem: 628M | Updating Mesh | Computing normals
00:30.334  render           | Fra: 1 | Mem: 628M | Updating Mesh | Copying Mesh to device
00:30.338  render           | Fra: 1 | Mem: 690M | Updating Objects Flags
00:30.342  render           | Fra: 1 | Mem: 690M | Updating Primitive Offsets
00:30.344  render           | Fra: 1 | Mem: 691M | Updating Images
00:30.344  render           | Fra: 1 | Mem: 691M | Updating Images | Loading fir_sapling_medium_twigs_rough_2k.png
00:30.344  render           | Fra: 1 | Mem: 691M | Updating Images | Loading kloofendal_overcast_puresky_4k.hdr
00:30.344  render           | Fra: 1 | Mem: 691M | Updating Images | Loading fir_sapling_medium_branches_disp_2k.png
00:30.344  render           | Fra: 1 | Mem: 691M | Updating Images | Loading rock_moss_set_01_nor_gl_2k.exr
00:30.344  render           | Fra: 1 | Mem: 691M | Updating Images | Loading fir_sapling_medium_twigs_nor_gl_2k.png
00:30.344  render           | Fra: 1 | Mem: 691M | Updating Images | Loading moss_01_diff_2k.jpg
00:30.344  render           | Fra: 1 | Mem: 691M | Updating Images | Loading flower_heliophila_diff_2k.jpg
00:30.344  render           | Fra: 1 | Mem: 691M | Updating Images | Loading rock_moss_set_01_rough_2k.jpg
00:30.344  render           | Fra: 1 | Mem: 691M | Updating Images | Loading moss_01_rough_2k.exr
00:30.344  render           | Fra: 1 | Mem: 691M | Updating Images | Loading fir_sapling_medium_branches_rough_2k.png
00:30.344  render           | Fra: 1 | Mem: 691M | Updating Images | Loading fir_sapling_medium_twigs_diff_2k.png
00:30.344  render           | Fra: 1 | Mem: 691M | Updating Images | Loading rock_moss_set_01_diff_2k.jpg
00:30.344  render           | Fra: 1 | Mem: 691M | Updating Images | Loading fir_sapling_medium_twigs_mask_2k.png
00:30.638  render           | Fra: 1 | Mem: 1299M | Updating Volume
00:30.640  render           | Fra: 1 | Mem: 1299M | Updating Camera Volume
00:30.640  render           | Fra: 1 | Mem: 1299M | Updating Lookup Tables
00:30.640  render           | Fra: 1 | Mem: 1299M | Updating Lights
00:30.645  render           | Fra: 1 | Mem: 1299M | Updating Lights | Importance map
00:30.778  render           | Fra: 1 | Mem: 1363M | Updating Lights | Computing tree
00:30.784  render           | Fra: 1 | Mem: 1364M | Updating Integrator
00:30.784  render           | Fra: 1 | Mem: 1364M | Updating Film
00:30.784  render           | Fra: 1 | Mem: 1364M | Updating Lookup Tables
00:30.784  render           | Fra: 1 | Mem: 1364M | Updating Baking
00:30.785  render           | Fra: 1 | Mem: 1364M | Updating Device | Writing constant memory
00:30.786  render           | Fra: 1 | Mem: 1364M | Loading denoising kernels (may take a few minutes the first time)
00:30.788  render           | Fra: 1 | Mem: 1842M | Sample 0/128
00:30.804  render           | Fra: 1 | Remaining: 00:01.99 | Mem: 1862M | Sample 1/128
00:30.946  render           | Fra: 1 | Remaining: 00:00.09 | Mem: 1862M | Sample 80/128
00:30.975  render           | Fra: 1 | Remaining: 00:00.06 | Mem: 1862M | Sample 96/128
00:31.003  render           | Fra: 1 | Remaining: 00:00.03 | Mem: 1862M | Sample 112/128
00:31.535  render           | Fra: 1 | Mem: 1862M | Sample 128/128
00:31.535  render           | Fra: 1 | Mem: 1862M | Finished
Render statistics:
Mesh statistics:
  Geometry:
    Total memory: 66.48M (69,712,588)
        Island                           41.01M (42,997,861)
        NurbsPath.007                    11.11M (11,645,883)
        NurbsPath.005                    6.82M (7,154,075)
        Grid                             2.12M (2,228,309)
        Plane.5143                       539.82K (552,772)
        Plane.2197                       292.15K (299,166)
        modelShape.002                   274.81K (281,401)
        modelShape.008                   274.81K (281,401)
        modelShape.003                   274.81K (281,401)
        modelShape.001                   274.81K (281,401)
        modelShape.004                   274.81K (281,401)
        modelShape.007                   274.81K (281,401)
        modelShape.006                   274.81K (281,401)
        modelShape.005                   274.81K (281,401)
        medium.007                       175.88K (180,098)
        medium.004                       175.88K (180,098)
        medium.006                       175.88K (180,098)
        medium.005                       175.88K (180,098)
        medium.001                       175.88K (180,098)
        medium.002                       175.88K (180,098)
        medium.003                       175.88K (180,098)
        mesh1-geometry.001               149.40K (152,983)
        mesh1-geometry.005               149.40K (152,983)
        mesh1-geometry.003               149.40K (152,983)
        mesh1-geometry.006               149.40K (152,983)
        mesh1-geometry.002               149.40K (152,983)
        mesh1-geometry.008               149.40K (152,983)
        mesh1-geometry.007               149.40K (152,983)
        mesh1-geometry.004               149.40K (152,983)
        Plane.048                        24.42K (25,007)
        Plane.039                        20.95K (21,454)
        Plane.037                        13.91K (14,246)
        Plane.047                        10.92K (11,186)
        Plane.045                        5.73K (5,865)
        Plane.042                        5.23K (5,355)
        Plane.043                        4.90K (5,015)
        Plane.055                        1.39K (1,428)
        Plane.058                        1.11K (1,139)
        Plane.059                        1.08K (1,105)
        Plane.054                        765B (765)
        Plane.057                        629B (629)
        Plane.056                        561B (561)
        Plane.035                        493B (493)
        Plane.040                        493B (493)
        Plane.003                        493B (493)
        Plane.009                        493B (493)
        Plane.006                        425B (425)
        Plane.005                        425B (425)
        Plane.008                        357B (357)
        Plane.004                        357B (357)
        Plane.007                        357B (357)
        Plane.032                        221B (221)
        Plane.011                        187B (187)
        Plane.010                        187B (187)
        TopGrassTall                     85B (85)
        Flowers                          85B (85)
        LipMoss                          85B (85)
        TopGrass                         85B (85)
        TopMoss                          85B (85)
        backgroundlight                  50B (50)
        Sun                              46B (46)
Image statistics:
  Full Images:
    kloofendal_overcast_puresky_4k.hdr 128.00M (134,217,728)
    fir_sapling_medium_twigs_nor_gl_2k.png 32.00M (33,554,432)
    fir_sapling_medium_twigs_diff_2k.png 32.00M (33,554,432)
    fir_sapling_medium_branches_nor_gl_2k.png 32.00M (33,554,432)
    rock_moss_set_01_nor_gl_2k.exr   32.00M (33,554,432)
    fir_sapling_medium_branches_diff_2k.png 32.00M (33,554,432)
    fir_sapling_medium_twigs_alpha_2k.png 32.00M (33,554,432)
    flower_heliophila_nor_gl_2k.exr  32.00M (33,554,432)
    moss_01_nor_gl_2k.exr            32.00M (33,554,432)
    fir_sapling_medium_twi00:31.750  render           | Executing compositor
00:31.750  render           | Fra: 1 | Compositing
gs_mask_2k.png 32.00M (33,554,432)
    grass_medium_01_nor_gl_2k.exr    32.00M (33,554,432)
    rock_moss_set_01_diff_2k.jpg     16.00M (16,777,216)
    lichen_rock_Rough_2k.jpg         16.00M (16,777,216)
    cliff_side_Diffuse_2k.jpg        16.00M (16,777,216)
    lichen_rock_Diffuse_2k.jpg       16.00M (16,777,216)
    rock_moss_set_01_rough_2k.jpg    16.00M (16,777,216)
    aerial_rocks_02_Diffuse_2k.jpg   16.00M (16,777,216)
    flower_heliophila_diff_2k.jpg    16.00M (16,777,216)
    lichen_rock_nor_gl_2k.jpg        16.00M (16,777,216)
    cliff_side_nor_gl_2k.jpg         16.00M (16,777,216)
    forest_ground_04_Diffuse_2k.jpg  16.00M (16,777,216)
    forest_ground_04_nor_gl_2k.jpg   16.00M (16,777,216)
    lichen_rock_Displacement_2k.jpg  16.00M (16,777,216)
    grass_medium_01_diff_2k.jpg      16.00M (16,777,216)
    moss_01_diff_2k.jpg              16.00M (16,777,216)
    fir_sapling_medium_twigs_rough_2k.png 8.00M (8,388,608)
    flower_heliophila_rough_2k.exr   8.00M (8,388,608)
    fir_sapling_medium_branches_disp_2k.png 8.00M (8,388,608)
    fir_sapling_medium_branches_rough_2k.png 8.00M (8,388,608)
    flower_heliophila_alpha_2k.png   8.00M (8,388,608)
    moss_01_rough_2k.exr             8.00M (8,388,608)
    grass_medium_01_rough_2k.exr     8.00M (8,388,608)
    moss_01_alpha_2k.png             8.00M (8,388,608)
    grass_medium_01_alpha_2k.png     8.00M (8,388,608)
    flower_heliophila_translucency_2k.png 8.00M (8,388,608)
    cliff_side_Displacement_2k.jpg   4.00M (4,194,304)
  Full image memory: 756.00M (792,723,456)
  Overhead image memory: 3.94K (4,032)
  Total image memory: 756.00M (792,727,488)
Profiling information not available (only works with CPU rendering)
00:31.807  render           | Saved: '/home/akamel/hero3d/out/still-223/p1/warmup.png'
00:31.807  render           | Time: 00:23.73 (Saving: 00:00.02)
still: wrote /home/akamel/hero3d/out/still-223/p1/warmup.png (warm-up)
00:31.811  render           | Rendering frame 1
00:31.811  render           | Start rendering: Scene, ViewLayer
00:31.811  render           | Engine: Cycles
00:34.879  render           | Fra: 1 | Mem: 1M | Synchronizing object | ValleyMist
00:41.269  render           | Fra: 1 | Mem: 1M | Synchronizing object | Island
00:41.283  render           | Fra: 1 | Mem: 1M | Synchronizing object | moss_01_d_LOD0
00:41.283  render           | Fra: 1 | Mem: 1M | Synchronizing object | moss_01_h_LOD0
00:41.283  render           | Fra: 1 | Mem: 1M | Synchronizing object | moss_01_i_LOD0
00:41.283  render           | Fra: 1 | Mem: 1M | Synchronizing object | moss_01_e_LOD0
00:41.283  render           | Fra: 1 | Mem: 1M | Synchronizing object | moss_01_tall_a_LOD0
00:41.283  render           | Fra: 1 | Mem: 1M | Synchronizing object | moss_01_a_LOD0
00:41.283  render           | Fra: 1 | Mem: 1M | Synchronizing object | moss_01_f_LOD0
00:41.283  render           | Fra: 1 | Mem: 1M | Synchronizing object | moss_01_tall_b_LOD0
00:41.283  render           | Fra: 1 | Mem: 1M | Synchronizing object | moss_01_b_LOD0
00:41.283  render           | Fra: 1 | Mem: 1M | Synchronizing object | moss_01_g_LOD0
00:41.283  render           | Fra: 1 | Mem: 1M | Synchronizing object | moss_01_c_LOD0
00:41.283  render           | Fra: 1 | Mem: 1M | Synchronizing object | moss_01_j_LOD0
00:41.285  render           | Fra: 1 | Mem: 1M | Synchronizing object | TopMoss
00:41.546  render           | Fra: 1 | Mem: 1M | Synchronizing object | grass_medium_01_tiny_e_LOD0
00:41.546  render           | Fra: 1 | Mem: 1M | Synchronizing object | TopGrass
00:41.546  render           | Fra: 1 | Mem: 1M | Synchronizing object | grass_medium_01_tiny_f_LOD0
00:41.546  render           | Fra: 1 | Mem: 1M | Synchronizing object | grass_medium_01_small_a_LOD0
00:41.546  render           | Fra: 1 | Mem: 1M | Synchronizing object | grass_medium_01_mid_c_LOD0
00:41.546  render           | Fra: 1 | Mem: 1M | Synchronizing object | grass_medium_01_mid_b_LOD0
00:41.546  render           | Fra: 1 | Mem: 1M | Synchronizing object | grass_medium_01_tiny_d_LOD0
00:41.546  render           | Fra: 1 | Mem: 1M | Synchronizing object | grass_medium_01_tiny_a_LOD0
00:41.546  render           | Fra: 1 | Mem: 1M | Synchronizing object | grass_medium_01_small_b_LOD0
00:41.546  render           | Fra: 1 | Mem: 1M | Synchronizing object | grass_medium_01_tiny_c_LOD0
00:41.546  render           | Fra: 1 | Mem: 1M | Synchronizing object | grass_medium_01_tiny_b_LOD0
00:41.552  render           | Fra: 1 | Mem: 1M | Synchronizing object | grass_medium_01_tall_a_LOD0
00:41.552  render           | Fra: 1 | Mem: 1M | Synchronizing object | TopGrassTall
00:41.552  render           | Fra: 1 | Mem: 1M | Synchronizing object | grass_medium_01_tall_b_LOD0
00:41.552  render           | Fra: 1 | Mem: 1M | Synchronizing object | grass_medium_01_tall_c_LOD0
00:41.571  render           | Fra: 1 | Mem: 1M | Synchronizing object | LipMoss
00:41.966  render           | Fra: 1 | Mem: 1M | Synchronizing object | flower_heliophila_medium_LOD0
00:41.967  render           | Fra: 1 | Mem: 1M | Synchronizing object | flower_heliophila_small_LOD0
00:41.968  render           | Fra: 1 | Mem: 1M | Synchronizing object | Flowers
00:41.968  render           | Fra: 1 | Mem: 1M | Synchronizing object | Terrain
00:41.968  render           | Fra: 1 | Mem: 1M | Synchronizing object | rock_moss_set_01_rock06.001
00:41.968  render           | Fra: 1 | Mem: 1M | Synchronizing object | rock_moss_set_01_rock04.001
00:41.969  render           | Fra: 1 | Mem: 1M | Synchronizing object | rock_moss_set_01_rock06.004
00:41.969  render           | Fra: 1 | Mem: 1M | Synchronizing object | rock_moss_set_01_rock05.004
00:41.969  render           | Fra: 1 | Mem: 1M | Synchronizing object | rock_moss_set_01_rock04.003
00:41.969  render           | Fra: 1 | Mem: 1M | Synchronizing object | rock_moss_set_01_rock06.005
00:41.969  render           | Fra: 1 | Mem: 1M | Synchronizing object | rock_moss_set_01_rock05.005
00:41.969  render           | Fra: 1 | Mem: 1M | Synchronizing object | rock_moss_set_01_rock04.004
00:41.969  render           | Fra: 1 | Mem: 1M | Synchronizing object | rock_moss_set_01_rock06.006
00:41.969  render           | Fra: 1 | Mem: 1M | Synchronizing object | rock_moss_set_01_rock04.005
00:41.969  render           | Fra: 1 | Mem: 1M | Synchronizing object | rock_moss_set_01_rock06.007
00:41.969  render           | Fra: 1 | Mem: 1M | Synchronizing object | rock_moss_set_01_rock05.007
00:41.969  render           | Fra: 1 | Mem: 1M | Synchronizing object | rock_moss_set_01_rock04.006
00:41.969  render           | Fra: 1 | Mem: 1M | Synchronizing object | rock_moss_set_01_rock06.008
00:41.969  render           | Fra: 1 | Mem: 1M | Synchronizing object | rock_moss_set_01_rock05.008
00:41.969  render           | Fra: 1 | Mem: 1M | Synchronizing object | rock_moss_set_01_rock04.007
00:41.969  render           | Fra: 1 | Mem: 1M | Synchronizing object | rock_moss_set_01_rock06.009
00:41.969  render           | Fra: 1 | Mem: 1M | Synchronizing object | rock_moss_set_01_rock05.009
00:41.969  render           | Fra: 1 | Mem: 1M | Synchronizing object | fir_sapling_medium_a_LOD0.001
00:41.970  render           | Fra: 1 | Mem: 1M | Synchronizing object | fir_sapling_medium_b_LOD0.001
00:41.970  render           | Fra: 1 | Mem: 1M | Synchronizing object | Sun
00:42.012  render           | Fra: 1 | Mem: 1M | Initializing
00:42.174  render           | Fra: 1 | Mem: 1M | Waiting for render to start
00:42.174  render           | Fra: 1 | Mem: 1M | Updating Scene
00:42.174  render           | Fra: 1 | Mem: 1M | Updating Shaders
00:42.189  render           | Fra: 1 | Mem: 1M | Loading render kernels (may take a few minutes the first time)
00:42.416  render           | Fra: 1 | Mem: 1M | Updating Procedurals
Update statistics:
Scene:
    Total time: 0.229547s
        device_update                            0.229547s
Geometry:
    Total time: 0.000000s
Light:
    Total time: 0.000000s
Object:
    Total time: 0.000000s
Image:
    Total time: 0.000000s
Background:
    Total time: 0.000000s
Bake:
    Total time: 0.000000s
Camera:
    Total time: 0.000000s
Film:
    Total time: 0.000000s
Integrator:
    Total time: 0.000000s
OSL:
    Total time: 0.000000s
Particles:
    Total time: 0.000000s
SVM:
    Total time: 0.000000s
Tables:
    Total time: 0.000000s
Procedurals:
    Total time: 0.000000s

00:42.416  render           | Fra: 1 | Mem: 1M | Updating Background
00:42.416  render           | Fra: 1 | Mem: 1M | Updating Scene Attribute
00:42.416  render           | Fra: 1 | Mem: 1M | Updating Camera
00:42.416  render           | Fra: 1 | Mem: 1M | Updating Meshes Flags
00:42.416  render           | Fra: 1 | Mem: 1M | Updating Objects
00:42.420  render           | Fra: 1 | Mem: 1M | Updating Objects | Copying Transformations to device
00:42.439  render           | Fra: 1 | Mem: 37M | Updating Particle Systems
00:42.439  render           | Fra: 1 | Mem: 37M | Updating Particle Systems | Copying Particles to device
00:42.440  render           | Fra: 1 | Mem: 37M | Updating Meshes
00:42.612  render           | Fra: 1 | Mem: 37M | Updating Displacement Images
00:42.613  render           | Fra: 1 | Mem: 37M | Updating Images | Loading forest_ground_04_Diffuse_2k.jpg
00:42.613  render           | Fra: 1 | Mem: 37M | Updating Images | Loading lichen_rock_Displacement_2k.jpg
00:42.613  render           | Fra: 1 | Mem: 37M | Updating Images | Loading lichen_rock_nor_gl_2k.jpg
00:42.613  render           | Fra: 1 | Mem: 37M | Updating Images | Loading lichen_rock_Rough_2k.jpg
00:42.613  render           | Fra: 1 | Mem: 37M | Updating Images | Loading aerial_rocks_02_Diffuse_2k.jpg
00:42.613  render           | Fra: 1 | Mem: 37M | Updating Images | Loading lichen_rock_Diffuse_2k.jpg
00:42.613  render           | Fra: 1 | Mem: 37M | Updating Images | Loading cliff_side_Displacement_2k.jpg
00:42.613  render           | Fra: 1 | Mem: 37M | Updating Images | Loading cliff_side_nor_gl_2k.jpg
00:42.748  render           | Fra: 1 | Mem: 185M | Updating Mesh | Computing normals
00:42.831  render           | Fra: 1 | Mem: 185M | Updating Mesh | Copying Mesh to device
00:42.844  render           | Fra: 1 | Mem: 248M | Updating Objects | Applying Static Transformations
00:42.874  render           | Fra: 1 | Mem: 248M | Updating Mesh | Computing attributes
00:43.084  render           | Fra: 1 | Mem: 248M | Updating Mesh | Copying Attributes to device
00:43.122  render           | Fra: 1 | Mem: 423M | Updating Mesh | Computing Displacement Island
00:44.002  render           | Fra: 1 | Mem: 423M | Updating Mesh | Computing Displacement mesh1-geometry.001
00:44.015  render           | Fra: 1 | Mem: 423M | Updating Mesh | Computing Displacement modelShape.001
00:44.027  render           | Fra: 1 | Mem: 423M | Updating Mesh | Computing Displacement medium.002
00:44.043  render           | Fra: 1 | Mem: 423M | Updating Mesh | Computing Displacement mesh1-geometry.002
00:44.065  render           | Fra: 1 | Mem: 423M | Updating Mesh | Computing Displacement modelShape.002
00:44.080  render           | Fra: 1 | Mem: 423M | Updating Mesh | Computing Displacement medium.003
00:44.097  render           | Fra: 1 | Mem: 423M | Updating Mesh | Computing Displacement mesh1-geometry.004
00:44.110  render           | Fra: 1 | Mem: 423M | Updating Mesh | Computing Displacement modelShape.004
00:44.124  render           | Fra: 1 | Mem: 423M | Updating Mesh | Computing Displacement medium.004
00:44.135  render           | Fra: 1 | Mem: 423M | Updating Mesh | Computing Displacement mesh1-geometry.005
00:44.145  render           | Fra: 1 | Mem: 423M | Updating Mesh | Computing Displacement modelShape.005
00:44.163  render           | Fra: 1 | Mem: 423M | Updating Mesh | Computing Displacement medium.005
00:44.176  render           | Fra: 1 | Mem: 423M | Updating Mesh | Computing Displacement mesh1-geometry.006
00:44.185  render           | Fra: 1 | Mem: 423M | Updating Mesh | Computing Displacement modelShape.006
00:44.195  render           | Fra: 1 | Mem: 423M | Updating Mesh | Computing Displacement medium.006
00:44.207  render           | Fra: 1 | Mem: 423M | Updating Mesh | Computing Displacement mesh1-geometry.007
00:44.218  render           | Fra: 1 | Mem: 423M | Updating Mesh | Computing Displacement modelShape.007
00:44.237  render           | Fra: 1 | Mem: 423M | Updating Mesh | Computing Displacement medium.007
00:44.256  render           | Fra: 1 | Mem: 423M | Updating Mesh | Computing Displacement mesh1-geometry.008
00:44.291  render           | Fra: 1 | Mem: 423M | Updating Mesh | Computing Displacement modelShape.008
00:44.338  render           | Fra: 1 | Mem: 185M | Updating Geometry BVH backgroundlight 63/62 | Building BVH
00:44.338  render           | Fra: 1 | Mem: 185M | Updating Geometry BVH TopMoss 4/62 | Building OptiX acceleration structure
00:44.338  render           | Fra: 1 | Mem: 185M | Updating Geometry BVH Plane.005 8/62 | Building BVH
00:44.338  render           | Fra: 1 | Mem: 185M | Updating Geometry BVH Plane.007 13/62 | Building BVH
00:44.338  render           | Fra: 1 | Mem: 185M | Updating Geometry BVH Plane.003 15/62 | Building BVH
00:44.338  render           | Fra: 1 | Mem: 185M | Updating Geometry BVH Plane.008 14/62 | Building OptiX acceleration structure
00:44.338  render           | Fra: 1 | Mem: 185M | Updating Geometry BVH Plane.058 18/62 | Building BVH
00:44.338  render           | Fra: 1 | Mem: 185M | Updating Geometry BVH Plane.037 20/62 | Building BVH
00:44.338  render           | Fra: 1 | Mem: 185M | Updating Geometry BVH Plane.037 20/62 | Building OptiX acceleration structure
00:44.338  render           | Fra: 1 | Mem: 185M | Updating Geometry BVH Plane.048 21/62 | Building BVH
00:44.338  render           | Fra: 1 | Mem: 185M | Updating Geometry BVH Plane.048 21/62 | Building OptiX acceleration structure
00:44.338  render           | Fra: 1 | Mem: 185M | Updating Geometry BVH Grid 62/62 | Building BVH
00:44.338  render           | Fra: 1 | Mem: 185M | Updating Geometry BVH Plane.039 22/62 | Building OptiX acceleration structure
00:44.338  render           | Fra: 1 | Mem: 185M | Updating Geometry BVH Plane.057 23/62 | Building BVH
00:44.338  render           | Fra: 1 | Mem: 185M | Updating Geometry BVH Plane.055 24/62 | Building OptiX acceleration structure
00:44.339  render           | Fra: 1 | Mem: 185M | Updating Geometry BVH Plane.047 25/62 | Building BVH
00:44.339  render           | Fra: 1 | Mem: 185M | Updating Geometry BVH Plane.047 25/62 | Building OptiX acceleration structure
00:44.340  render           | Fra: 1 | Mem: 188M | Updating Geometry BVH Island 3/62 | Building BVH
00:44.340  render           | Fra: 1 | Mem: 188M | Updating Geometry BVH Island 3/62 | Building OptiX acceleration structure
00:44.340  render           | Fra: 1 | Mem: 188M | Updating Geometry BVH Plane.054 26/62 | Building BVH
00:44.340  render           | Fra: 1 | Mem: 188M | Updating Geometry BVH Plane.054 26/62 | Building OptiX acceleration structure
00:44.341  render           | Fra: 1 | Mem: 188M | Updating Geometry BVH Plane.056 27/62 | Building BVH
00:44.341  render           | Fra: 1 | Mem: 188M | Updating Geometry BVH Plane.056 27/62 | Building OptiX acceleration structure
00:44.341  render           | Fra: 1 | Mem: 188M | Updating Geometry BVH TopGrassTall 28/62 | Building BVH
00:44.341  render           | Fra: 1 | Mem: 188M | Updating Geometry BVH TopGrassTall 28/62 | Building OptiX acceleration structure
00:44.341  render           | Fra: 1 | Mem: 188M | Updating Geometry BVH Plane.043 29/62 | Building BVH
00:44.341  render           | Fra: 1 | Mem: 188M | Updating Geometry BVH Plane.043 29/62 | Building OptiX acceleration structure
00:44.341  render           | Fra: 1 | Mem: 188M | Updating Geometry BVH Plane.042 30/62 | Building BVH
00:44.341  render           | Fra: 1 | Mem: 188M | Updating Geometry BVH Plane.042 30/62 | Building OptiX acceleration structure
00:44.342  render           | Fra: 1 | Mem: 188M | Updating Geometry BVH Plane.045 31/62 | Building BVH
00:44.342  render           | Fra: 1 | Mem: 188M | Updating Geometry BVH Plane.045 31/62 | Building OptiX acceleration structure
00:44.342  render           | Fra: 1 | Mem: 188M | Updating Geometry BVH LipMoss 32/62 | Building BVH
00:44.342  render           | Fra: 1 | Mem: 188M | Updating Geometry BVH LipMoss 32/62 | Building OptiX acceleration structure
00:44.342  render           | Fra: 1 | Mem: 188M | Updating Geometry BVH Flowers 33/62 | Building BVH
00:44.342  render           | Fra: 1 | Mem: 188M | Updating Geometry BVH Flowers 33/62 | Building OptiX acceleration structure
00:44.342  render           | Fra: 1 | Mem: 188M | Updating Geometry BVH Plane.5143 34/62 | Building BVH
00:44.342  render           | Fra: 1 | Mem: 188M | Updating Geometry BVH Plane.5143 34/62 | Building OptiX acceleration structure
00:44.342  render           | Fra: 1 | Mem: 188M | Updating Geometry BVH Plane.2197 35/62 | Building BVH
00:44.342  render           | Fra: 1 | Mem: 188M | Updating Geometry BVH Plane.2197 35/62 | Building OptiX acceleration structure
00:44.344  render           | Fra: 1 | Mem: 189M | Updating Geometry BVH mesh1-geometry.003 36/62 | Building BVH
00:44.344  render           | Fra: 1 | Mem: 189M | Updating Geometry BVH mesh1-geometry.003 36/62 | Building OptiX acceleration structure
00:44.344  render           | Fra: 1 | Mem: 189M | Updating Geometry BVH modelShape.003 37/62 | Building BVH
00:44.344  render           | Fra: 1 | Mem: 189M | Updating Geometry BVH modelShape.003 37/62 | Building OptiX acceleration structure
00:44.345  render           | Fra: 1 | Mem: 189M | Updating Geometry BVH medium.001 38/62 | Building BVH
00:44.345  render           | Fra: 1 | Mem: 189M | Updating Geometry BVH medium.001 38/62 | Building OptiX acceleration structure
00:44.345  render           | Fra: 1 | Mem: 189M | Updating Geometry BVH mesh1-geometry.001 39/62 | Building BVH
00:44.345  render           | Fra: 1 | Mem: 189M | Updating Geometry BVH mesh1-geometry.001 39/62 | Building OptiX acceleration structure
00:44.345  render           | Fra: 1 | Mem: 189M | Updating Geometry BVH modelShape.001 40/62 | Building BVH
00:44.345  render           | Fra: 1 | Mem: 189M | Updating Geometry BVH modelShape.001 40/62 | Building OptiX acceleration structure
00:44.346  render           | Fra: 1 | Mem: 190M | Updating Geometry BVH medium.002 41/62 | Building BVH
00:44.346  render           | Fra: 1 | Mem: 190M | Updating Geometry BVH medium.002 41/62 | Building OptiX acceleration structure
00:44.346  render           | Fra: 1 | Mem: 190M | Updating Geometry BVH mesh1-geometry.002 42/62 | Building BVH
00:44.346  render           | Fra: 1 | Mem: 190M | Updating Geometry BVH mesh1-geometry.002 42/62 | Building OptiX acceleration structure
00:44.347  render           | Fra: 1 | Mem: 190M | Updating Geometry BVH modelShape.002 43/62 | Building BVH
00:44.347  render           | Fra: 1 | Mem: 190M | Updating Geometry BVH modelShape.002 43/62 | Building OptiX acceleration structure
00:44.348  render           | Fra: 1 | Mem: 190M | Updating Geometry BVH medium.003 44/62 | Building BVH
00:44.348  render           | Fra: 1 | Mem: 190M | Updating Geometry BVH medium.003 44/62 | Building OptiX acceleration structure
00:44.348  render           | Fra: 1 | Mem: 191M | Updating Geometry BVH mesh1-geometry.004 45/62 | Building BVH
00:44.348  render           | Fra: 1 | Mem: 191M | Updating Geometry BVH mesh1-geometry.004 45/62 | Building OptiX acceleration structure
00:44.349  render           | Fra: 1 | Mem: 191M | Updating Geometry BVH modelShape.004 46/62 | Building BVH
00:44.349  render           | Fra: 1 | Mem: 191M | Updating Geometry BVH modelShape.004 46/62 | Building OptiX acceleration structure
00:44.352  render           | Fra: 1 | Mem: 191M | Updating Geometry BVH medium.004 47/62 | Building BVH
00:44.352  render           | Fra: 1 | Mem: 191M | Updating Geometry BVH medium.004 47/62 | Building OptiX acceleration structure
00:44.352  render           | Fra: 1 | Mem: 192M | Updating Geometry BVH mesh1-geometry.005 48/62 | Building BVH
00:44.352  render           | Fra: 1 | Mem: 192M | Updating Geometry BVH mesh1-geometry.005 48/62 | Building OptiX acceleration structure
00:44.353  render           | Fra: 1 | Mem: 192M | Updating Geometry BVH modelShape.005 49/62 | Building BVH
00:44.353  render           | Fra: 1 | Mem: 192M | Updating Geometry BVH modelShape.005 49/62 | Building OptiX acceleration structure
00:44.353  render           | Fra: 1 | Mem: 192M | Updating Geometry BVH medium.005 50/62 | Building BVH
00:44.353  render           | Fra: 1 | Mem: 192M | Updating Geometry BVH medium.005 50/62 | Building OptiX acceleration structure
00:44.356  render           | Fra: 1 | Mem: 192M | Updating Geometry BVH mesh1-geometry.006 51/62 | Building BVH
00:44.356  render           | Fra: 1 | Mem: 192M | Updating Geometry BVH mesh1-geometry.006 51/62 | Building OptiX acceleration structure
00:44.356  render           | Fra: 1 | Mem: 192M | Updating Geometry BVH modelShape.006 52/62 | Building BVH
00:44.356  render           | Fra: 1 | Mem: 192M | Updating Geometry BVH modelShape.006 52/62 | Building OptiX acceleration structure
00:44.360  render           | Fra: 1 | Mem: 193M | Updating Geometry BVH Sun 61/62 | Building BVH
00:44.360  render           | Fra: 1 | Mem: 193M | Updating Geometry BVH Sun 61/62 | Building OptiX acceleration structure
00:44.360  render           | Fra: 1 | Mem: 193M | Updating Geometry BVH medium.006 53/62 | Building BVH
00:44.360  render           | Fra: 1 | Mem: 193M | Updating Geometry BVH medium.006 53/62 | Building OptiX acceleration structure
00:44.361  render           | Fra: 1 | Mem: 193M | Updating Geometry BVH mesh1-geometry.007 54/62 | Building BVH
00:44.361  render           | Fra: 1 | Mem: 194M | Updating Geometry BVH mesh1-geometry.007 54/62 | Building OptiX acceleration structure
00:44.361  render           | Fra: 1 | Mem: 194M | Updating Geometry BVH NurbsPath.005 60/62 | Building BVH
00:44.361  render           | Fra: 1 | Mem: 194M | Updating Geometry BVH NurbsPath.005 60/62 | Building OptiX acceleration structure
00:44.361  render           | Fra: 1 | Mem: 194M | Updating Geometry BVH modelShape.007 55/62 | Building BVH
00:44.361  render           | Fra: 1 | Mem: 194M | Updating Geometry BVH modelShape.007 55/62 | Building OptiX acceleration structure
00:44.361  render           | Fra: 1 | Mem: 194M | Updating Geometry BVH medium.007 56/62 | Building BVH
00:44.361  render           | Fra: 1 | Mem: 194M | Updating Geometry BVH medium.007 56/62 | Building OptiX acceleration structure
00:44.364  render           | Fra: 1 | Mem: 194M | Updating Geometry BVH mesh1-geometry.008 57/62 | Building BVH
00:44.364  render           | Fra: 1 | Mem: 194M | Updating Geometry BVH mesh1-geometry.008 57/62 | Building OptiX acceleration structure
00:44.365  render           | Fra: 1 | Mem: 194M | Updating Geometry BVH modelShape.008 58/62 | Building BVH
00:44.365  render           | Fra: 1 | Mem: 194M | Updating Geometry BVH modelShape.008 58/62 | Building OptiX acceleration structure
00:44.367  render           | Fra: 1 | Mem: 198M | Updating Geometry BVH NurbsPath.007 59/62 | Building BVH
00:44.367  render           | Fra: 1 | Mem: 198M | Updating Geometry BVH NurbsPath.007 59/62 | Building OptiX acceleration structure
00:44.432  render           | Fra: 1 | Mem: 282M | Updating Scene BVH | Building
00:44.432  render           | Fra: 1 | Mem: 282M | Updating Scene BVH | Building OptiX acceleration structure
00:44.481  render           | Fra: 1 | Mem: 304M | Updating Scene BVH | Copying BVH to device
00:44.481  render           | Fra: 1 | Mem: 304M | Updating Mesh | Computing attributes
00:44.745  render           | Fra: 1 | Mem: 304M | Updating Mesh | Copying Attributes to device
00:44.862  render           | Fra: 1 | Mem: 628M | Updating Mesh | Computing normals
00:44.907  render           | Fra: 1 | Mem: 628M | Updating Mesh | Copying Mesh to device
00:44.917  render           | Fra: 1 | Mem: 690M | Updating Objects Flags
00:44.925  render           | Fra: 1 | Mem: 690M | Updating Primitive Offsets
00:44.929  render           | Fra: 1 | Mem: 691M | Updating Images
00:44.929  render           | Fra: 1 | Mem: 691M | Updating Images | Loading fir_sapling_medium_twigs_rough_2k.png
00:44.932  render           | Fra: 1 | Mem: 691M | Updating Images | Loading kloofendal_overcast_puresky_4k.hdr
00:44.932  render           | Fra: 1 | Mem: 691M | Updating Images | Loading fir_sapling_medium_branches_disp_2k.png
00:44.934  render           | Fra: 1 | Mem: 691M | Updating Images | Loading moss_01_nor_gl_2k.exr
00:44.934  render           | Fra: 1 | Mem: 691M | Updating Images | Loading grass_medium_01_nor_gl_2k.exr
00:44.934  render           | Fra: 1 | Mem: 691M | Updating Images | Loading rock_moss_set_01_nor_gl_2k.exr
00:44.934  render           | Fra: 1 | Mem: 691M | Updating Images | Loading fir_sapling_medium_branches_nor_gl_2k.png
00:44.934  render           | Fra: 1 | Mem: 691M | Updating Images | Loading fir_sapling_medium_branches_rough_2k.png
00:44.934  render           | Fra: 1 | Mem: 691M | Updating Images | Loading grass_medium_01_diff_2k.jpg
00:44.934  render           | Fra: 1 | Mem: 691M | Updating Images | Loading fir_sapling_medium_twigs_diff_2k.png
00:44.935  render           | Fra: 1 | Mem: 691M | Updating Images | Loading rock_moss_set_01_rough_2k.jpg
00:44.935  render           | Fra: 1 | Mem: 691M | Updating Images | Loading fir_sapling_medium_branches_diff_2k.png
00:44.935  render           | Fra: 1 | Mem: 691M | Updating Images | Loading moss_01_alpha_2k.png
00:44.935  render           | Fra: 1 | Mem: 691M | Updating Images | Loading grass_medium_01_alpha_2k.png
00:44.936  render           | Fra: 1 | Mem: 691M | Updating Images | Loading rock_moss_set_01_diff_2k.jpg
00:44.936  render           | Fra: 1 | Mem: 691M | Updating Images | Loading grass_medium_01_rough_2k.exr
00:44.937  render           | Fra: 1 | Mem: 691M | Updating Images | Loading flower_heliophila_alpha_2k.png
00:44.937  render           | Fra: 1 | Mem: 691M | Updating Images | Loading flower_heliophila_rough_2k.exr
00:44.937  render           | Fra: 1 | Mem: 691M | Updating Images | Loading flower_heliophila_diff_2k.jpg
00:44.938  render           | Fra: 1 | Mem: 691M | Updating Images | Loading flower_heliophila_translucency_2k.png
00:44.939  render           | Fra: 1 | Mem: 691M | Updating Images | Loading fir_sapling_medium_twigs_alpha_2k.png
00:44.939  render           | Fra: 1 | Mem: 691M | Updating Images | Loading fir_sapling_medium_twigs_mask_2k.png
00:45.587  render           | Fra: 1 | Mem: 1299M | Updating Volume
00:45.588  render           | Fra: 1 | Mem: 1299M | Updating Volume | Creating SDF grid for ValleyMist
00:45.698  render           | Fra: 1 | Mem: 1299M | Updating Volume | Evaluating density for ValleyMist
00:45.810  render           | Fra: 1 | Mem: 1299M | Updating Volume | Building octree for ValleyMist
00:45.824  render           | Fra: 1 | Mem: 1299M | Updating Camera Volume
00:45.826  render           | Fra: 1 | Mem: 1299M | Updating Lookup Tables
00:45.826  render           | Fra: 1 | Mem: 1299M | Updating Lights
00:45.845  render           | Fra: 1 | Mem: 1299M | Updating Lights | Importance map
00:46.198  render           | Fra: 1 | Mem: 1363M | Updating Lights | Computing tree
00:46.203  render           | Fra: 1 | Mem: 1365M | Updating Integrator
00:46.203  render           | Fra: 1 | Mem: 1365M | Updating Film
00:46.203  render           | Fra: 1 | Mem: 1364M | Updating Lookup Tables
00:46.203  render           | Fra: 1 | Mem: 1365M | Updating Baking
00:46.205  render           | Fra: 1 | Mem: 1365M | Updating Device | Writing constant memory
00:46.206  render           | Fra: 1 | Mem: 1365M | Loading denoising kernels (may take a few minutes the first time)
00:46.213  render           | Fra: 1 | Mem: 1968M | Rendered 0/4 Tiles, Sample 0/128
00:46.306  render           | Fra: 1 | Remaining: 00:23.55 | Mem: 2466M | Rendered 0/4 Tiles, Sample 1/128
00:46.398  render           | Fra: 1 | Remaining: 00:23.25 | Mem: 2466M | Rendered 0/4 Tiles, Sample 2/128
00:46.563  render           | Fra: 1 | Remaining: 00:21.78 | Mem: 2466M | Rendered 0/4 Tiles, Sample 4/128
00:46.866  render           | Fra: 1 | Remaining: 00:20.00 | Mem: 2466M | Rendered 0/4 Tiles, Sample 8/128
00:47.443  render           | Fra: 1 | Remaining: 00:18.23 | Mem: 2466M | Rendered 0/4 Tiles, Sample 16/128
00:48.546  render           | Fra: 1 | Remaining: 00:16.11 | Mem: 2466M | Rendered 0/4 Tiles, Sample 32/128
00:50.881  render           | Fra: 1 | Remaining: 00:13.79 | Mem: 2466M | Rendered 0/4 Tiles, Sample 64/128
00:52.510  render           | Fra: 1 | Remaining: 00:13.62 | Mem: 2466M | Rendered 0/4 Tiles, Sample 80/128
00:53.906  render           | Fra: 1 | Remaining: 00:12.59 | Mem: 2466M | Rendered 0/4 Tiles, Sample 96/128
00:54.927  render           | Fra: 1 | Remaining: 00:10.98 | Mem: 2466M | Rendered 0/4 Tiles, Sample 112/128
00:57.502  render           | Fra: 1 | Remaining: 00:11.03 | Mem: 2466M | Rendered 0/4 Tiles, Sample 128/128
00:57.502  render           | Fra: 1 | Remaining: 00:11.03 | Mem: 2466M | Rendered 1/4 Tiles, Sample 128/128
00:57.563  render           | Fra: 1 | Remaining: 00:11.08 | Mem: 1997M | Rendered 1/4 Tiles, Sample 1/128
00:57.575  render           | Fra: 1 | Remaining: 00:11.08 | Mem: 1997M | Rendered 1/4 Tiles, Sample 2/128
00:57.591  render           | Fra: 1 | Remaining: 00:11.08 | Mem: 1997M | Rendered 1/4 Tiles, Sample 4/128
00:57.615  render           | Fra: 1 | Remaining: 00:11.06 | Mem: 1997M | Rendered 1/4 Tiles, Sample 8/128
00:57.654  render           | Fra: 1 | Remaining: 00:11.03 | Mem: 1997M | Rendered 1/4 Tiles, Sample 16/128
00:57.721  render           | Fra: 1 | Remaining: 00:10.94 | Mem: 1997M | Rendered 1/4 Tiles, Sample 32/128
00:57.846  render           | Fra: 1 | Remaining: 00:10.75 | Mem: 1997M | Rendered 1/4 Tiles, Sample 64/128
00:57.915  render           | Fra: 1 | Remaining: 00:10.67 | Mem: 1997M | Rendered 1/4 Tiles, Sample 80/128
00:57.977  render           | Fra: 1 | Remaining: 00:10.58 | Mem: 1997M | Rendered 1/4 Tiles, Sample 96/128
00:58.035  render           | Fra: 1 | Remaining: 00:10.48 | Mem: 1997M | Rendered 1/4 Tiles, Sample 112/128
00:58.386  render           | Fra: 1 | Remaining: 00:10.65 | Mem: 1997M | Rendered 1/4 Tiles, Sample 128/128
00:58.386  render           | Fra: 1 | Remaining: 00:10.65 | Mem: 1997M | Rendered 2/4 Tiles, Sample 128/128
00:58.402  render           | Fra: 1 | Remaining: 00:10.51 | Mem: 2404M | Rendered 2/4 Tiles, Sample 1/128
00:58.416  render           | Fra: 1 | Remaining: 00:10.38 | Mem: 2404M | Rendered 2/4 Tiles, Sample 2/128
00:58.436  render           | Fra: 1 | Remaining: 00:10.11 | Mem: 2404M | Rendered 2/4 Tiles, Sample 4/128
00:58.464  render           | Fra: 1 | Remaining: 00:09.58 | Mem: 2404M | Rendered 2/4 Tiles, Sample 8/128
00:58.509  render           | Fra: 1 | Remaining: 00:08.59 | Mem: 2404M | Rendered 2/4 Tiles, Sample 16/128
00:58.587  render           | Fra: 1 | Remaining: 00:06.84 | Mem: 2404M | Rendered 2/4 Tiles, Sample 32/128
00:58.733  render           | Fra: 1 | Remaining: 00:04.07 | Mem: 2404M | Rendered 2/4 Tiles, Sample 64/128
00:58.814  render           | Fra: 1 | Remaining: 00:02.95 | Mem: 2404M | Rendered 2/4 Tiles, Sample 80/128
00:58.826  render           | Fra: 1 | Remaining: 00:01.96 | Mem: 2404M | Rendered 2/4 Tiles, Sample 96/128
00:58.838  render           | Fra: 1 | Remaining: 00:01.09 | Mem: 2404M | Rendered 2/4 Tiles, Sample 112/128
00:59.731  render           | Fra: 1 | Remaining: 00:00.33 | Mem: 2404M | Rendered 2/4 Tiles, Sample 128/128
00:59.731  render           | Fra: 1 | Remaining: 00:00.33 | Mem: 2404M | Rendered 3/4 Tiles, Sample 128/128
00:59.778  render           | Fra: 1 | Remaining: 00:00.33 | Mem: 1993M | Rendered 3/4 Tiles, Sample 1/128
00:59.782  render           | Fra: 1 | Remaining: 00:00.33 | Mem: 1993M | Rendered 3/4 Tiles, Sample 2/128
00:59.784  render           | Fra: 1 | Remaining: 00:00.32 | Mem: 1993M | Rendered 3/4 Tiles, Sample 4/128
00:59.789  render           | Fra: 1 | Remaining: 00:00.31 | Mem: 1993M | Rendered 3/4 Tiles, Sample 8/128
00:59.795  render           | Fra: 1 | Remaining: 00:00.29 | Mem: 1993M | Rendered 3/4 Tiles, Sample 16/128
00:59.803  render           | Fra: 1 | Remaining: 00:00.25 | Mem: 1993M | Rendered 3/4 Tiles, Sample 32/128
00:59.811  render           | Fra: 1 | Remaining: 00:00.16 | Mem: 1993M | Rendered 3/4 Tiles, Sample 64/128
00:59.817  render           | Fra: 1 | Remaining: 00:00.12 | Mem: 1993M | Rendered 3/4 Tiles, Sample 80/128
00:59.945  render           | Fra: 1 | Remaining: 00:00.12 | Mem: 1993M | Rendered 3/4 Tiles, Sample 0/128
00:59.960  render           | Fra: 1 | Remaining: 00:00.12 | Mem: 1993M | Finished
Render statistics:
Mesh statistics:
  Geometry:
    Total memory: 66.48M (69,712,877)
        Island                           41.01M (42,997,861)
        NurbsPath.007                    11.11M (11,645,883)
        NurbsPath.005                    6.82M (7,154,075)
        Grid                             2.12M (2,228,309)
        Plane.5143                       539.82K (552,772)
        Plane.2197                       292.15K (299,166)
        modelShape.008                   274.81K (281,401)
        modelShape.003                   274.81K (281,401)
        modelShape.001                   274.81K (281,401)
        modelShape.002                   274.81K (281,401)
        modelShape.004                   274.81K (281,401)
        modelShape.005                   274.81K (281,401)
        modelShape.007                   274.81K (281,401)
        modelShape.006                   274.81K (281,401)
        medium.004                       175.88K (180,098)
        medium.007                       175.88K (180,098)
        medium.006                       175.88K (180,098)
        medium.001                       175.88K (180,098)
        medium.002                       175.88K (180,098)
        medium.003                       175.88K (180,098)
        medium.005                       175.88K (180,098)
        mesh1-geometry.002               149.40K (152,983)
        mesh1-geometry.006               149.40K (152,983)
        mesh1-geometry.001               149.40K (152,983)
        mesh1-geometry.003               149.40K (152,983)
        mesh1-geometry.007               149.40K (152,983)
        mesh1-geometry.004               149.40K (152,983)
        mesh1-geometry.005               149.40K (152,983)
        mesh1-geometry.008               149.40K (152,983)
        Plane.048                        24.42K (25,007)
        Plane.039                        20.95K (21,454)
        Plane.037                        13.91K (14,246)
        Plane.047                        10.92K (11,186)
        Plane.045                        5.73K (5,865)
        Plane.042                        5.23K (5,355)
        Plane.043                        4.90K (5,015)
        Plane.055                        1.39K (1,428)
        Plane.058                        1.11K (1,139)
        Plane.059                        1.08K (1,105)
        Plane.054                        765B (765)
        Plane.057                        629B (629)
        Plane.056                        561B (561)
        Plane.040                        493B (493)
        Plane.035                        493B (493)
        Plane.009                        493B (493)
        Plane.003                        493B (493)
        Plane.006                        425B (425)
        Plane.005                        425B (425)
        Plane.008                        357B (357)
        Plane.007                        357B (357)
        Plane.004                        357B (357)
        Cube                             289B (289)
        Plane.032                        221B (221)
        Plane.011                        187B (187)
        Plane.010                        187B (187)
        Flowers                          85B (85)
        LipMoss                          85B (85)
        TopGrassTall                     85B (85)
        TopGrass                         85B (85)
        TopMoss                          85B (85)
        backgroundlight                  50B (50)
        Sun                              46B (46)
Image statistics:
  Full Images:
    kloofendal_overcast_puresky_4k.hdr 128.00M (134,217,728)
    fir_sapling_medium_twigs_nor_gl_2k.png 32.00M (33,554,432)
    fir_sapling_medium_twigs_diff_2k.png 32.00M (33,554,432)
    fir_sapling_medium_branches_diff_2k.png 32.00M (33,554,432)
    fir_sapling_medium_twigs_alpha_2k.png 32.00M (33,554,432)
    fir_sapling_medium_branches_nor_gl_2k.png 32.00M (33,554,432)
    rock_moss_set_01_nor_gl_2k.exr   32.00M (33,554,432)
    grass_medium_01_nor_gl_2k.exr    32.00M (33,554,432)
    flower_heliophila_nor_gl_2k00:59.961  render           | Start rendering: Scene, haze
00:59.961  render           | Engine: Cycles
01:03.979  render           | Fra: 1 | Mem: 1M | Synchronizing object | grass_medium_01_tiny_f_LOD0
.exr  32.00M (33,554,432)
    moss_01_nor_gl_2k.exr            32.00M (33,554,432)
    fir_sapling_medium_twigs_mask_2k.png 32.00M (33,554,432)
    lichen_rock_nor_gl_2k.jpg        16.00M (16,777,216)
    forest_ground_04_Diffuse_2k.jpg  16.00M (16,777,216)
    rock_moss_set_01_diff_2k.jpg     16.00M (16,777,216)
    flower_heliophila_diff_2k.jpg    16.00M (16,777,216)
    cliff_side_Diffuse_2k.jpg        16.00M (16,777,216)
    lichen_rock_Rough_2k.jpg         16.00M (16,777,216)
    lichen_rock_Diffuse_2k.jpg       16.00M (16,777,216)
    aerial_rocks_02_Diffuse_2k.jpg   16.00M (16,777,216)
    cliff_side_nor_gl_2k.jpg         16.00M (16,777,216)
    rock_moss_set_01_rough_2k.jpg    16.00M (16,777,216)
    grass_medium_01_diff_2k.jpg      16.00M (16,777,216)
    moss_01_diff_2k.jpg              16.00M (16,777,216)
    lichen_rock_Displacement_2k.jpg  16.00M (16,777,216)
    forest_ground_04_nor_gl_2k.jpg   16.00M (16,777,216)
    flower_heliophila_rough_2k.exr   8.00M (8,388,608)
    moss_01_alpha_2k.png             8.00M (8,388,608)
    flower_heliophila_translucency_2k.png 8.00M (8,388,608)
    fir_sapling_medium_twigs_rough_2k.png 8.00M (8,388,608)
    flower_heliophila_alpha_2k.png   8.00M (8,388,608)
    grass_medium_01_rough_2k.exr     8.00M (8,388,608)
    grass_medium_01_alpha_2k.png     8.00M (8,388,608)
    moss_01_rough_2k.exr             8.00M (8,388,608)
    fir_sapling_medium_branches_rough_2k.png 8.00M (8,388,608)
    fir_sapling_medium_branches_disp_2k.png 8.00M (8,388,608)
    cliff_side_Displacement_2k.jpg   4.00M (4,194,304)
  Full image memory: 756.00M (792,723,456)
  Overhead image memory: 3.94K (4,032)
  Total image memory: 756.00M (792,727,488)
Profiling information not available (only works with CPU rendering)
01:03.980  render           | Fra: 1 | Mem: 1M | Synchronizing object | grass_medium_01_tiny_e_LOD0
01:03.980  render           | Fra: 1 | Mem: 1M | Synchronizing object | grass_medium_01_tiny_d_LOD0
01:03.980  render           | Fra: 1 | Mem: 1M | Synchronizing object | grass_medium_01_tiny_c_LOD0
01:03.980  render           | Fra: 1 | Mem: 1M | Synchronizing object | grass_medium_01_tiny_b_LOD0
01:03.980  render           | Fra: 1 | Mem: 1M | Synchronizing object | grass_medium_01_tiny_a_LOD0
01:03.980  render           | Fra: 1 | Mem: 1M | Synchronizing object | grass_medium_01_small_b_LOD0
01:03.980  render           | Fra: 1 | Mem: 1M | Synchronizing object | grass_medium_01_small_a_LOD0
01:03.980  render           | Fra: 1 | Mem: 1M | Synchronizing object | grass_medium_01_mid_c_LOD0
01:03.980  render           | Fra: 1 | Mem: 1M | Synchronizing object | grass_medium_01_mid_b_LOD0
01:03.981  render           | Fra: 1 | Mem: 1M | Synchronizing object | grass_medium_01_tall_c_LOD0
01:03.981  render           | Fra: 1 | Mem: 1M | Synchronizing object | grass_medium_01_tall_b_LOD0
01:03.981  render           | Fra: 1 | Mem: 1M | Synchronizing object | grass_medium_01_tall_a_LOD0
01:03.981  render           | Fra: 1 | Mem: 1M | Synchronizing object | moss_01_tall_b_LOD0
01:03.981  render           | Fra: 1 | Mem: 1M | Synchronizing object | moss_01_tall_a_LOD0
01:03.981  render           | Fra: 1 | Mem: 1M | Synchronizing object | moss_01_j_LOD0
01:03.981  render           | Fra: 1 | Mem: 1M | Synchronizing object | moss_01_i_LOD0
01:03.981  render           | Fra: 1 | Mem: 1M | Synchronizing object | moss_01_h_LOD0
01:03.981  render           | Fra: 1 | Mem: 1M | Synchronizing object | moss_01_g_LOD0
01:03.981  render           | Fra: 1 | Mem: 1M | Synchronizing object | moss_01_f_LOD0
01:03.981  render           | Fra: 1 | Mem: 1M | Synchronizing object | moss_01_e_LOD0
01:03.981  render           | Fra: 1 | Mem: 1M | Synchronizing object | moss_01_d_LOD0
01:03.981  render           | Fra: 1 | Mem: 1M | Synchronizing object | moss_01_c_LOD0
01:03.981  render           | Fra: 1 | Mem: 1M | Synchronizing object | moss_01_b_LOD0
01:03.981  render           | Fra: 1 | Mem: 1M | Synchronizing object | moss_01_a_LOD0
01:03.981  render           | Fra: 1 | Mem: 1M | Synchronizing object | flower_heliophila_small_LOD0
01:03.981  render           | Fra: 1 | Mem: 1M | Synchronizing object | flower_heliophila_medium_LOD0
01:09.825  render           | Fra: 1 | Mem: 1M | Synchronizing object | Island
01:09.840  render           | Fra: 1 | Mem: 1M | Synchronizing object | TopMoss
01:10.087  render           | Fra: 1 | Mem: 1M | Synchronizing object | TopGrass
01:10.092  render           | Fra: 1 | Mem: 1M | Synchronizing object | TopGrassTall
01:10.110  render           | Fra: 1 | Mem: 1M | Synchronizing object | LipMoss
01:10.378  render           | Fra: 1 | Mem: 1M | Synchronizing object | Flowers
01:10.378  render           | Fra: 1 | Mem: 1M | Synchronizing object | rock_moss_set_01_rock06.001
01:10.378  render           | Fra: 1 | Mem: 1M | Synchronizing object | rock_moss_set_01_rock05.001
01:10.378  render           | Fra: 1 | Mem: 1M | Synchronizing object | rock_moss_set_01_rock04.001
01:10.378  render           | Fra: 1 | Mem: 1M | Synchronizing object | rock_moss_set_01_rock06.003
01:10.378  render           | Fra: 1 | Mem: 1M | Synchronizing object | rock_moss_set_01_rock04.002
01:10.378  render           | Fra: 1 | Mem: 1M | Synchronizing object | rock_moss_set_01_rock04.003
01:10.378  render           | Fra: 1 | Mem: 1M | Synchronizing object | rock_moss_set_01_rock05.005
01:10.378  render           | Fra: 1 | Mem: 1M | Synchronizing object | rock_moss_set_01_rock06.006
01:10.378  render           | Fra: 1 | Mem: 1M | Synchronizing object | rock_moss_set_01_rock04.005
01:10.378  render           | Fra: 1 | Mem: 1M | Synchronizing object | rock_moss_set_01_rock06.007
01:10.378  render           | Fra: 1 | Mem: 1M | Synchronizing object | Terrain
01:10.378  render           | Fra: 1 | Mem: 1M | Synchronizing object | rock_moss_set_01_rock05.008
01:10.378  render           | Fra: 1 | Mem: 1M | Synchronizing object | fir_sapling_medium_b_LOD0.001
01:10.378  render           | Fra: 1 | Mem: 1M | Synchronizing object | Sun
01:10.392  render           | Fra: 1 | Mem: 1M | Initializing
01:10.479  render           | Fra: 1 | Mem: 1M | Waiting for render to start
01:10.479  render           | Fra: 1 | Mem: 1M | Updating Scene
01:10.479  render           | Fra: 1 | Mem: 1M | Updating Shaders
01:10.483  render           | Fra: 1 | Mem: 1M | Loading render kernels (may take a few minutes the first time)
01:10.518  render           | Fra: 1 | Mem: 1M | Updating Procedurals
Update statistics:
Scene:
    Total time: 0.037339s
        device_update                            0.037339s
Geometry:
    Total time: 0.000000s
Light:
    Total time: 0.000000s
Object:
    Total time: 0.000000s
Image:
    Total time: 0.000000s
Background:
    Total time: 0.000000s
Bake:
    Total time: 0.000000s
Camera:
    Total time: 0.000000s
Film:
    Total time: 0.000000s
Integrator:
    Total time: 0.000000s
OSL:
    Total time: 0.000000s
Particles:
    Total time: 0.000000s
SVM:
    Total time: 0.000000s
Tables:
    Total time: 0.000000s
Procedurals:
    Total time: 0.000000s

01:10.518  render           | Fra: 1 | Mem: 1M | Updating Background
01:10.518  render           | Fra: 1 | Mem: 1M | Updating Scene Attribute
01:10.518  render           | Fra: 1 | Mem: 1M | Updating Camera
01:10.518  render           | Fra: 1 | Mem: 1M | Updating Meshes Flags
01:10.518  render           | Fra: 1 | Mem: 1M | Updating Objects
01:10.520  render           | Fra: 1 | Mem: 1M | Updating Objects | Copying Transformations to device
01:10.525  render           | Fra: 1 | Mem: 37M | Updating Particle Systems
01:10.525  render           | Fra: 1 | Mem: 37M | Updating Particle Systems | Copying Particles to device
01:10.525  render           | Fra: 1 | Mem: 37M | Updating Meshes
01:10.646  render           | Fra: 1 | Mem: 37M | Updating Displacement Images
01:10.646  render           | Fra: 1 | Mem: 37M | Updating Images | Loading forest_ground_04_Diffuse_2k.jpg
01:10.646  render           | Fra: 1 | Mem: 37M | Updating Images | Loading cliff_side_Diffuse_2k.jpg
01:10.646  render           | Fra: 1 | Mem: 37M | Updating Images | Loading cliff_side_Displacement_2k.jpg
01:10.646  render           | Fra: 1 | Mem: 37M | Updating Images | Loading lichen_rock_Displacement_2k.jpg
01:10.646  render           | Fra: 1 | Mem: 37M | Updating Images | Loading lichen_rock_Rough_2k.jpg
01:10.646  render           | Fra: 1 | Mem: 37M | Updating Images | Loading aerial_rocks_02_Diffuse_2k.jpg
01:10.646  render           | Fra: 1 | Mem: 37M | Updating Images | Loading forest_ground_04_nor_gl_2k.jpg
01:10.726  render           | Fra: 1 | Mem: 185M | Updating Mesh | Computing normals
01:10.744  render           | Fra: 1 | Mem: 185M | Updating Mesh | Copying Mesh to device
01:10.762  render           | Fra: 1 | Mem: 248M | Updating Objects | Applying Static Transformations
01:10.770  render           | Fra: 1 | Mem: 248M | Updating Mesh | Computing attributes
01:10.825  render           | Fra: 1 | Mem: 248M | Updating Mesh | Copying Attributes to device
01:10.854  render           | Fra: 1 | Mem: 423M | Updating Mesh | Computing Displacement Island
01:11.275  render           | Fra: 1 | Mem: 423M | Updating Mesh | Computing Displacement mesh1-geometry.001
01:11.282  render           | Fra: 1 | Mem: 423M | Updating Mesh | Computing Displacement modelShape.001
01:11.287  render           | Fra: 1 | Mem: 423M | Updating Mesh | Computing Displacement medium.002
01:11.291  render           | Fra: 1 | Mem: 423M | Updating Mesh | Computing Displacement mesh1-geometry.002
01:11.296  render           | Fra: 1 | Mem: 423M | Updating Mesh | Computing Displacement modelShape.002
01:11.301  render           | Fra: 1 | Mem: 423M | Updating Mesh | Computing Displacement medium.003
01:11.305  render           | Fra: 1 | Mem: 423M | Updating Mesh | Computing Displacement mesh1-geometry.004
01:11.310  render           | Fra: 1 | Mem: 423M | Updating Mesh | Computing Displacement modelShape.004
01:11.315  render           | Fra: 1 | Mem: 423M | Updating Mesh | Computing Displacement medium.004
01:11.321  render           | Fra: 1 | Mem: 423M | Updating Mesh | Computing Displacement mesh1-geometry.005
01:11.326  render           | Fra: 1 | Mem: 423M | Updating Mesh | Computing Displacement modelShape.005
01:11.330  render           | Fra: 1 | Mem: 423M | Updating Mesh | Computing Displacement medium.005
01:11.334  render           | Fra: 1 | Mem: 423M | Updating Mesh | Computing Displacement mesh1-geometry.006
01:11.339  render           | Fra: 1 | Mem: 423M | Updating Mesh | Computing Displacement modelShape.006
01:11.344  render           | Fra: 1 | Mem: 423M | Updating Mesh | Computing Displacement medium.006
01:11.348  render           | Fra: 1 | Mem: 423M | Updating Mesh | Computing Displacement mesh1-geometry.007
01:11.353  render           | Fra: 1 | Mem: 423M | Updating Mesh | Computing Displacement modelShape.007
01:11.358  render           | Fra: 1 | Mem: 423M | Updating Mesh | Computing Displacement medium.007
01:11.362  render           | Fra: 1 | Mem: 423M | Updating Mesh | Computing Displacement mesh1-geometry.008
01:11.367  render           | Fra: 1 | Mem: 423M | Updating Mesh | Computing Displacement modelShape.008
01:11.383  render           | Fra: 1 | Mem: 185M | Updating Geometry BVH backgroundlight 62/61 | Building BVH
01:11.383  render           | Fra: 1 | Mem: 185M | Updating Geometry BVH Plane.047 8/61 | Building BVH
01:11.383  render           | Fra: 1 | Mem: 185M | Updating Geometry BVH Plane.006 21/61 | Building BVH
01:11.383  render           | Fra: 1 | Mem: 185M | Updating Geometry BVH Plane.004 23/61 | Building OptiX acceleration structure
01:11.383  render           | Fra: 1 | Mem: 185M | Updating Geometry BVH Plane.007 25/61 | Building BVH
01:11.383  render           | Fra: 1 | Mem: 185M | Updating Geometry BVH Plane.009 26/61 | Building OptiX acceleration structure
01:11.383  render           | Fra: 1 | Mem: 185M | Updating Geometry BVH Plane.2197 27/61 | Building OptiX acceleration structure
01:11.383  render           | Fra: 1 | Mem: 185M | Updating Geometry BVH Plane.5143 28/61 | Building BVH
01:11.383  render           | Fra: 1 | Mem: 185M | Updating Geometry BVH Plane.5143 28/61 | Building OptiX acceleration structure
01:11.383  render           | Fra: 1 | Mem: 185M | Updating Geometry BVH Grid 61/61 | Building BVH
01:11.383  render           | Fra: 1 | Mem: 185M | Updating Geometry BVH Grid 61/61 | Building OptiX acceleration structure
01:11.386  render           | Fra: 1 | Mem: 189M | Updating Geometry BVH TopMoss 30/61 | Building BVH
01:11.386  render           | Fra: 1 | Mem: 189M | Updating Geometry BVH TopMoss 30/61 | Building OptiX acceleration structure
01:11.386  render           | Fra: 1 | Mem: 189M | Updating Geometry BVH TopGrass 31/61 | Building BVH
01:11.386  render           | Fra: 1 | Mem: 189M | Updating Geometry BVH TopGrass 31/61 | Building OptiX acceleration structure
01:11.386  render           | Fra: 1 | Mem: 189M | Updating Geometry BVH TopGrassTall 32/61 | Building BVH
01:11.386  render           | Fra: 1 | Mem: 189M | Updating Geometry BVH TopGrassTall 32/61 | Building OptiX acceleration structure
01:11.386  render           | Fra: 1 | Mem: 189M | Updating Geometry BVH LipMoss 33/61 | Building BVH
01:11.386  render           | Fra: 1 | Mem: 189M | Updating Geometry BVH LipMoss 33/61 | Building OptiX acceleration structure
01:11.386  render           | Fra: 1 | Mem: 189M | Updating Geometry BVH Flowers 34/61 | Building BVH
01:11.386  render           | Fra: 1 | Mem: 189M | Updating Geometry BVH Flowers 34/61 | Building OptiX acceleration structure
01:11.386  render           | Fra: 1 | Mem: 189M | Updating Geometry BVH mesh1-geometry.003 35/61 | Building BVH
01:11.386  render           | Fra: 1 | Mem: 189M | Updating Geometry BVH mesh1-geometry.003 35/61 | Building OptiX acceleration structure
01:11.387  render           | Fra: 1 | Mem: 189M | Updating Geometry BVH Island 29/61 | Building BVH
01:11.387  render           | Fra: 1 | Mem: 189M | Updating Geometry BVH Island 29/61 | Building OptiX acceleration structure
01:11.387  render           | Fra: 1 | Mem: 189M | Updating Geometry BVH modelShape.003 36/61 | Building BVH
01:11.387  render           | Fra: 1 | Mem: 189M | Updating Geometry BVH modelShape.003 36/61 | Building OptiX acceleration structure
01:11.389  render           | Fra: 1 | Mem: 189M | Updating Geometry BVH medium.001 37/61 | Building BVH
01:11.389  render           | Fra: 1 | Mem: 189M | Updating Geometry BVH medium.001 37/61 | Building OptiX acceleration structure
01:11.390  render           | Fra: 1 | Mem: 189M | Updating Geometry BVH mesh1-geometry.001 38/61 | Building BVH
01:11.390  render           | Fra: 1 | Mem: 189M | Updating Geometry BVH mesh1-geometry.001 38/61 | Building OptiX acceleration structure
01:11.390  render           | Fra: 1 | Mem: 189M | Updating Geometry BVH modelShape.001 39/61 | Building BVH
01:11.390  render           | Fra: 1 | Mem: 189M | Updating Geometry BVH modelShape.001 39/61 | Building OptiX acceleration structure
01:11.390  render           | Fra: 1 | Mem: 190M | Updating Geometry BVH medium.002 40/61 | Building BVH
01:11.390  render           | Fra: 1 | Mem: 190M | Updating Geometry BVH medium.002 40/61 | Building OptiX acceleration structure
01:11.391  render           | Fra: 1 | Mem: 190M | Updating Geometry BVH mesh1-geometry.002 41/61 | Building BVH
01:11.391  render           | Fra: 1 | Mem: 190M | Updating Geometry BVH mesh1-geometry.002 41/61 | Building OptiX acceleration structure
01:11.391  render           | Fra: 1 | Mem: 190M | Updating Geometry BVH modelShape.002 42/61 | Building BVH
01:11.391  render           | Fra: 1 | Mem: 190M | Updating Geometry BVH modelShape.002 42/61 | Building OptiX acceleration structure
01:11.392  render           | Fra: 1 | Mem: 190M | Updating Geometry BVH medium.003 43/61 | Building BVH
01:11.392  render           | Fra: 1 | Mem: 190M | Updating Geometry BVH medium.003 43/61 | Building OptiX acceleration structure
01:11.392  render           | Fra: 1 | Mem: 190M | Updating Geometry BVH mesh1-geometry.004 44/61 | Building BVH
01:11.392  render           | Fra: 1 | Mem: 190M | Updating Geometry BVH mesh1-geometry.004 44/61 | Building OptiX acceleration structure
01:11.393  render           | Fra: 1 | Mem: 191M | Updating Geometry BVH modelShape.004 45/61 | Building BVH
01:11.393  render           | Fra: 1 | Mem: 191M | Updating Geometry BVH modelShape.004 45/61 | Building OptiX acceleration structure
01:11.393  render           | Fra: 1 | Mem: 191M | Updating Geometry BVH medium.004 46/61 | Building BVH
01:11.393  render           | Fra: 1 | Mem: 191M | Updating Geometry BVH medium.004 46/61 | Building OptiX acceleration structure
01:11.393  render           | Fra: 1 | Mem: 191M | Updating Geometry BVH mesh1-geometry.005 47/61 | Building BVH
01:11.393  render           | Fra: 1 | Mem: 191M | Updating Geometry BVH mesh1-geometry.005 47/61 | Building OptiX acceleration structure
01:11.394  render           | Fra: 1 | Mem: 191M | Updating Geometry BVH modelShape.005 48/61 | Building BVH
01:11.394  render           | Fra: 1 | Mem: 191M | Updating Geometry BVH modelShape.005 48/61 | Building OptiX acceleration structure
01:11.394  render           | Fra: 1 | Mem: 192M | Updating Geometry BVH medium.005 49/61 | Building BVH
01:11.394  render           | Fra: 1 | Mem: 192M | Updating Geometry BVH medium.005 49/61 | Building OptiX acceleration structure
01:11.394  render           | Fra: 1 | Mem: 192M | Updating Geometry BVH mesh1-geometry.006 50/61 | Building BVH
01:11.394  render           | Fra: 1 | Mem: 192M | Updating Geometry BVH mesh1-geometry.006 50/61 | Building OptiX acceleration structure
01:11.395  render           | Fra: 1 | Mem: 192M | Updating Geometry BVH modelShape.006 51/61 | Building BVH
01:11.395  render           | Fra: 1 | Mem: 192M | Updating Geometry BVH modelShape.006 51/61 | Building OptiX acceleration structure
01:11.395  render           | Fra: 1 | Mem: 192M | Updating Geometry BVH medium.006 52/61 | Building BVH
01:11.395  render           | Fra: 1 | Mem: 192M | Updating Geometry BVH medium.006 52/61 | Building OptiX acceleration structure
01:11.395  render           | Fra: 1 | Mem: 192M | Updating Geometry BVH mesh1-geometry.007 53/61 | Building BVH
01:11.395  render           | Fra: 1 | Mem: 192M | Updating Geometry BVH mesh1-geometry.007 53/61 | Building OptiX acceleration structure
01:11.395  render           | Fra: 1 | Mem: 193M | Updating Geometry BVH modelShape.007 54/61 | Building BVH
01:11.395  render           | Fra: 1 | Mem: 193M | Updating Geometry BVH modelShape.007 54/61 | Building OptiX acceleration structure
01:11.396  render           | Fra: 1 | Mem: 193M | Updating Geometry BVH medium.007 55/61 | Building BVH
01:11.396  render           | Fra: 1 | Mem: 193M | Updating Geometry BVH medium.007 55/61 | Building OptiX acceleration structure
01:11.396  render           | Fra: 1 | Mem: 194M | Updating Geometry BVH mesh1-geometry.008 56/61 | Building BVH
01:11.396  render           | Fra: 1 | Mem: 194M | Updating Geometry BVH mesh1-geometry.008 56/61 | Building OptiX acceleration structure
01:11.396  render           | Fra: 1 | Mem: 193M | Updating Geometry BVH modelShape.008 57/61 | Building BVH
01:11.396  render           | Fra: 1 | Mem: 193M | Updating Geometry BVH modelShape.008 57/61 | Building OptiX acceleration structure
01:11.397  render           | Fra: 1 | Mem: 194M | Updating Geometry BVH Sun 60/61 | Building BVH
01:11.397  render           | Fra: 1 | Mem: 194M | Updating Geometry BVH Sun 60/61 | Building OptiX acceleration structure
01:11.398  render           | Fra: 1 | Mem: 201M | Updating Geometry BVH NurbsPath.005 59/61 | Building BVH
01:11.398  render           | Fra: 1 | Mem: 201M | Updating Geometry BVH NurbsPath.005 59/61 | Building OptiX acceleration structure
01:11.398  render           | Fra: 1 | Mem: 195M | Updating Geometry BVH NurbsPath.007 58/61 | Building BVH
01:11.398  render           | Fra: 1 | Mem: 195M | Updating Geometry BVH NurbsPath.007 58/61 | Building OptiX acceleration structure
01:11.439  render           | Fra: 1 | Mem: 282M | Updating Scene BVH | Building
01:11.439  render           | Fra: 1 | Mem: 282M | Updating Scene BVH | Building OptiX acceleration structure
01:11.451  render           | Fra: 1 | Mem: 304M | Updating Scene BVH | Copying BVH to device
01:11.451  render           | Fra: 1 | Mem: 304M | Updating Mesh | Computing attributes
01:11.593  render           | Fra: 1 | Mem: 304M | Updating Mesh | Copying Attributes to device
01:11.635  render           | Fra: 1 | Mem: 628M | Updating Mesh | Computing normals
01:11.672  render           | Fra: 1 | Mem: 628M | Updating Mesh | Copying Mesh to device
01:11.678  render           | Fra: 1 | Mem: 690M | Updating Objects Flags
01:11.685  render           | Fra: 1 | Mem: 690M | Updating Primitive Offsets
01:11.689  render           | Fra: 1 | Mem: 691M | Updating Images
01:11.689  render           | Fra: 1 | Mem: 691M | Updating Images | Loading moss_01_rough_2k.exr
01:11.690  render           | Fra: 1 | Mem: 691M | Updating Images | Loading fir_sapling_medium_branches_disp_2k.png
01:11.690  render           | Fra: 1 | Mem: 691M | Updating Images | Loading kloofendal_overcast_puresky_4k.hdr
01:11.691  render           | Fra: 1 | Mem: 691M | Updating Images | Loading grass_medium_01_nor_gl_2k.exr
01:11.691  render           | Fra: 1 | Mem: 691M | Updating Images | Loading flower_heliophila_nor_gl_2k.exr
01:11.691  render           | Fra: 1 | Mem: 691M | Updating Images | Loading moss_01_nor_gl_2k.exr
01:11.691  render           | Fra: 1 | Mem: 691M | Updating Images | Loading rock_moss_set_01_nor_gl_2k.exr
01:11.691  render           | Fra: 1 | Mem: 691M | Updating Images | Loading fir_sapling_medium_twigs_nor_gl_2k.png
01:11.691  render           | Fra: 1 | Mem: 691M | Updating Images | Loading fir_sapling_medium_branches_nor_gl_2k.png
01:11.692  render           | Fra: 1 | Mem: 691M | Updating Images | Loading grass_medium_01_diff_2k.jpg
01:11.694  render           | Fra: 1 | Mem: 691M | Updating Images | Loading flower_heliophila_alpha_2k.png
01:11.694  render           | Fra: 1 | Mem: 691M | Updating Images | Loading fir_sapling_medium_twigs_diff_2k.png
01:11.694  render           | Fra: 1 | Mem: 691M | Updating Images | Loading flower_heliophila_rough_2k.exr
01:11.694  render           | Fra: 1 | Mem: 691M | Updating Images | Loading rock_moss_set_01_rough_2k.jpg
01:11.695  render           | Fra: 1 | Mem: 691M | Updating Images | Loading grass_medium_01_alpha_2k.png
01:11.695  render           | Fra: 1 | Mem: 691M | Updating Images | Loading fir_sapling_medium_branches_rough_2k.png
01:11.695  render           | Fra: 1 | Mem: 691M | Updating Images | Loading moss_01_diff_2k.jpg
01:11.696  render           | Fra: 1 | Mem: 691M | Updating Images | Loading grass_medium_01_rough_2k.exr
01:11.697  render           | Fra: 1 | Mem: 691M | Updating Images | Loading flower_heliophila_diff_2k.jpg
01:11.697  render           | Fra: 1 | Mem: 691M | Updating Images | Loading fir_sapling_medium_branches_diff_2k.png
01:11.698  render           | Fra: 1 | Mem: 691M | Updating Images | Loading fir_sapling_medium_twigs_alpha_2k.png
01:11.698  render           | Fra: 1 | Mem: 691M | Updating Images | Loading flower_heliophila_translucency_2k.png
01:11.698  render           | Fra: 1 | Mem: 691M | Updating Images | Loading fir_sapling_medium_twigs_mask_2k.png
01:11.701  render           | Fra: 1 | Mem: 691M | Updating Images | Loading fir_sapling_medium_twigs_rough_2k.png
01:11.706  render           | Fra: 1 | Mem: 691M | Updating Images | Loading moss_01_alpha_2k.png
01:12.074  render           | Fra: 1 | Mem: 1299M | Updating Volume
01:12.076  render           | Fra: 1 | Mem: 1299M | Updating Camera Volume
01:12.076  render           | Fra: 1 | Mem: 1299M | Updating Lookup Tables
01:12.076  render           | Fra: 1 | Mem: 1299M | Updating Lights
01:12.079  render           | Fra: 1 | Mem: 1299M | Updating Lights | Importance map
01:12.239  render           | Fra: 1 | Mem: 1363M | Updating Lights | Computing tree
01:12.242  render           | Fra: 1 | Mem: 1364M | Updating Integrator
01:12.242  render           | Fra: 1 | Mem: 1364M | Updating Film
01:12.242  render           | Fra: 1 | Mem: 1364M | Updating Lookup Tables
01:12.242  render           | Fra: 1 | Mem: 1364M | Updating Baking
01:12.243  render           | Fra: 1 | Mem: 1364M | Updating Device | Writing constant memory
01:12.243  render           | Fra: 1 | Mem: 1364M | Loading denoising kernels (may take a few minutes the first time)
01:12.247  render           | Fra: 1 | Mem: 1842M | Rendered 0/4 Tiles, Sample 0/128
01:12.309  render           | Fra: 1 | Remaining: 00:15.71 | Mem: 2179M | Rendered 0/4 Tiles, Sample 1/128
01:16.878  render           | Fra: 1 | Remaining: 00:10.02 | Mem: 2179M | Rendered 0/4 Tiles, Sample 80/128
01:17.513  render           | Fra: 1 | Remaining: 00:08.61 | Mem: 2179M | Rendered 0/4 Tiles, Sample 96/128
01:18.116  render           | Fra: 1 | Remaining: 00:07.39 | Mem: 2179M | Rendered 0/4 Tiles, Sample 112/128
01:19.728  render           | Fra: 1 | Remaining: 00:07.31 | Mem: 2179M | Rendered 0/4 Tiles, Sample 128/128
01:19.728  render           | Fra: 1 | Remaining: 00:07.31 | Mem: 2179M | Rendered 1/4 Tiles, Sample 128/128
01:19.756  render           | Fra: 1 | Remaining: 00:07.33 | Mem: 1861M | Rendered 1/4 Tiles, Sample 1/128
01:19.962  render           | Fra: 1 | Remaining: 00:07.03 | Mem: 1861M | Rendered 1/4 Tiles, Sample 80/128
01:20.002  render           | Fra: 1 | Remaining: 00:06.97 | Mem: 1861M | Rendered 1/4 Tiles, Sample 96/128
01:20.039  render           | Fra: 1 | Remaining: 00:06.91 | Mem: 1861M | Rendered 1/4 Tiles, Sample 112/128
01:20.257  render           | Fra: 1 | Remaining: 00:07.00 | Mem: 1861M | Rendered 1/4 Tiles, Sample 128/128
01:20.257  render           | Fra: 1 | Remaining: 00:07.00 | Mem: 1861M | Rendered 2/4 Tiles, Sample 128/128
01:20.268  render           | Fra: 1 | Remaining: 00:06.92 | Mem: 2137M | Rendered 2/4 Tiles, Sample 1/128
01:20.637  render           | Fra: 1 | Remaining: 00:01.96 | Mem: 2137M | Rendered 2/4 Tiles, Sample 80/128
01:20.649  render           | Fra: 1 | Remaining: 00:01.30 | Mem: 2137M | Rendered 2/4 Tiles, Sample 96/128
01:20.660  render           | Fra: 1 | Remaining: 00:00.72 | Mem: 2137M | Rendered 2/4 Tiles, Sample 112/128
01:21.406  render           | Fra: 1 | Remaining: 00:00.22 | Mem: 2137M | Rendered 2/4 Tiles, Sample 128/128
01:21.406  render           | Fra: 1 | Remaining: 00:00.22 | Mem: 2137M | Rendered 3/4 Tiles, Sample 128/128
01:21.435  render           | Fra: 1 | Remaining: 00:00.22 | Mem: 1859M | Rendered 3/4 Tiles, Sample 1/128
01:21.461  render           | Fra: 1 | Remaining: 00:00.08 | Mem: 1859M | Rendered 3/4 Tiles, Sample 80/128
01:21.546  render           | Fra: 1 | Remaining: 00:00.08 | Mem: 1859M | Rendered 3/4 Tiles, Sample 0/128
01:21.547  render           | Fra: 1 | Remaining: 00:00.08 | Mem: 1859M | Finished
Render statistics:
Mesh statistics:
  Geometry:
    Total memory: 66.48M (69,712,588)
        Island                           41.01M (42,997,861)
        NurbsPath.007                    11.11M (11,645,883)
        NurbsPath.005                    6.82M (7,154,075)
        Grid                             2.12M (2,228,309)
        Plane.5143                       539.82K (552,772)
        Plane.2197                       292.15K (299,166)
        modelShape.002                   274.81K (281,401)
        modelShape.008                   274.81K (281,401)
        modelShape.003                   274.81K (281,401)
        modelShape.001                   274.81K (281,401)
        modelShape.004                   274.81K (281,401)
        modelShape.007                   274.81K (281,401)
        modelShape.006                   274.81K (281,401)
        modelShape.005                   274.81K (281,401)
        medium.007                       175.88K (180,098)
        medium.004                       175.88K (180,098)
        medium.006                       175.88K (180,098)
        medium.005                       175.88K (180,098)
        medium.001                       175.88K (180,098)
        medium.002                       175.88K (180,098)
        medium.003                       175.88K (180,098)
        mesh1-geometry.001               149.40K (152,983)
        mesh1-geometry.005               149.40K (152,983)
        mesh1-geometry.003               149.40K (152,983)
        mesh1-geometry.006               149.40K (152,983)
        mesh1-geometry.002               149.40K (152,983)
        mesh1-geometry.008               149.40K (152,983)
        mesh1-geometry.007               149.40K (152,983)
        mesh1-geometry.004               149.40K (152,983)
        Plane.048                        24.42K (25,007)
        Plane.039                        20.95K (21,454)
        Plane.037                        13.91K (14,246)
        Plane.047                        10.92K (11,186)
        Plane.045                        5.73K (5,865)
        Plane.042                        5.23K (5,355)
        Plane.043                        4.90K (5,015)
        Plane.055                        1.39K (1,428)
        Plane.058                        1.11K (1,139)
        Plane.059                        1.08K (1,105)
        Plane.054                        765B (765)
        Plane.057                        629B (629)
        Plane.056                        561B (561)
        Plane.035                        493B (493)
        Plane.040                        493B (493)
        Plane.003                        493B (493)
        Plane.009                        493B (493)
        Plane.006                        425B (425)
        Plane.005                        425B (425)
        Plane.008                        357B (357)
        Plane.004                        357B (357)
        Plane.007                        357B (357)
        Plane.032                        221B (221)
        Plane.011                        187B (187)
        Plane.010                        187B (187)
        TopGrassTall                     85B (85)
        Flowers                          85B (85)
        LipMoss                          85B (85)
        TopGrass                         85B (85)
        TopMoss                          85B (85)
        backgroundlight                  50B (50)
        Sun                              46B (46)
Image statistics:
  Full Images:
    kloofendal_overcast_puresky_4k.hdr 128.00M (134,217,728)
    fir_sapling_medium_branches_diff_2k.png 32.00M (33,554,432)
    fir_sapling_medium_twigs_alpha_2k.png 32.00M (33,554,432)
    fir_sapling_medium_twigs_mask_2k.png 32.00M (33,554,432)
    fir_sapling_medium_twigs_diff_2k.png 32.00M (33,554,432)
    fir_sapling_medium_branches_nor_gl_2k.png 32.00M (33,554,432)
    fir_sapling_medium_twigs_nor_gl_2k.png 32.00M (33,554,432)
    rock_moss_set_01_nor_gl_2k.exr   32.00M (33,554,432)
    grass_medium_01_nor_gl_2k.exr    32.00M (33,554,432)
    flower_heliophila_01:21.716  render           | Fra: 1 | Remaining: 00:00.08 | Mem: 1353M | Reading full buffer from disk
nor_gl_2k.exr  32.00M (33,554,432)
    moss_01_nor_gl_2k.exr            32.00M (33,554,432)
    lichen_rock_Rough_2k.jpg         16.00M (16,777,216)
    lichen_rock_Diffuse_2k.jpg       16.00M (16,777,216)
    moss_01_diff_2k.jpg              16.00M (16,777,216)
    rock_moss_set_01_diff_2k.jpg     16.00M (16,777,216)
    rock_moss_set_01_rough_2k.jpg    16.00M (16,777,216)
    aerial_rocks_02_Diffuse_2k.jpg   16.00M (16,777,216)
    flower_heliophila_diff_2k.jpg    16.00M (16,777,216)
    cliff_side_nor_gl_2k.jpg         16.00M (16,777,216)
    cliff_side_Diffuse_2k.jpg        16.00M (16,777,216)
    forest_ground_04_Diffuse_2k.jpg  16.00M (16,777,216)
    lichen_rock_nor_gl_2k.jpg        16.00M (16,777,216)
    grass_medium_01_diff_2k.jpg      16.00M (16,777,216)
    forest_ground_04_nor_gl_2k.jpg   16.00M (16,777,216)
    lichen_rock_Displacement_2k.jpg  16.00M (16,777,216)
    moss_01_rough_2k.exr             8.00M (8,388,608)
    flower_heliophila_translucency_2k.png 8.00M (8,388,608)
    fir_sapling_medium_twigs_rough_2k.png 8.00M (8,388,608)
    moss_01_alpha_2k.png             8.00M (8,388,608)
    fir_sapling_medium_branches_disp_2k.png 8.00M (8,388,608)
    fir_sapling_medium_branches_rough_2k.png 8.00M (8,388,608)
    grass_medium_01_rough_2k.exr     8.00M (8,388,608)
    grass_medium_01_alpha_2k.png     8.00M (8,388,608)
    flower_heliophila_rough_2k.exr   8.00M (8,388,608)
    flower_heliophila_alpha_2k.png   8.00M (8,388,608)
    cliff_side_Displacement_2k.jpg   4.00M (4,194,304)
  Full image memory: 756.00M (792,723,456)
  Overhead image memory: 3.94K (4,032)
  Total image memory: 756.00M (792,727,488)
Profiling information not available (only works with CPU rendering)
01:23.671  render           | Fra: 1 | Remaining: 00:00.10 | Mem: 1353M | ViewLayer | Denoising
01:48.005  render           | Fra: 1 | Remaining: 00:00.32 | Mem: 2334M | ViewLayer | Finishing
01:48.623  render           | Fra: 1 | Remaining: 00:00.33 | Mem: 1353M | Reading full buffer from disk
01:50.048  render           | Fra: 1 | Remaining: 00:00.34 | Mem: 1353M | haze | Denoising
02:18.631  render           | Fra: 1 | Remaining: 00:00.60 | Mem: 2018M | haze | Finishing
02:19.223  render           | Executing compositor
02:19.223  render           | Fra: 1 | Compositing
02:19.909  render           | Saved: '/home/akamel/hero3d/out/still-223/p1/tall-s0-f0.png'
02:19.913  render           | Time: 01:48.10 (Saving: 00:00.50)
still: wrote /home/akamel/hero3d/out/still-223/p1/tall-s0-f0.png 2160x3840
02:19.916  render           | Rendering frame 1
02:19.937  render           | Start rendering: Scene, ViewLayer
02:19.937  render           | Engine: Cycles
02:21.305  render           | Fra: 1 | Mem: 1M | Synchronizing object | ValleyMist
02:26.311  render           | Fra: 1 | Mem: 1M | Synchronizing object | Island
02:26.339  render           | Fra: 1 | Mem: 1M | Synchronizing object | moss_01_d_LOD0
02:26.339  render           | Fra: 1 | Mem: 1M | Synchronizing object | moss_01_h_LOD0
02:26.339  render           | Fra: 1 | Mem: 1M | Synchronizing object | moss_01_i_LOD0
02:26.339  render           | Fra: 1 | Mem: 1M | Synchronizing object | moss_01_e_LOD0
02:26.339  render           | Fra: 1 | Mem: 1M | Synchronizing object | moss_01_tall_a_LOD0
02:26.339  render           | Fra: 1 | Mem: 1M | Synchronizing object | moss_01_a_LOD0
02:26.339  render           | Fra: 1 | Mem: 1M | Synchronizing object | moss_01_f_LOD0
02:26.339  render           | Fra: 1 | Mem: 1M | Synchronizing object | moss_01_tall_b_LOD0
02:26.339  render           | Fra: 1 | Mem: 1M | Synchronizing object | moss_01_b_LOD0
02:26.339  render           | Fra: 1 | Mem: 1M | Synchronizing object | moss_01_g_LOD0
02:26.339  render           | Fra: 1 | Mem: 1M | Synchronizing object | moss_01_c_LOD0
02:26.339  render           | Fra: 1 | Mem: 1M | Synchronizing object | moss_01_j_LOD0
02:26.339  render           | Fra: 1 | Mem: 1M | Synchronizing object | TopMoss
02:26.655  render           | Fra: 1 | Mem: 1M | Synchronizing object | grass_medium_01_tiny_e_LOD0
02:26.656  render           | Fra: 1 | Mem: 1M | Synchronizing object | TopGrass
02:26.656  render           | Fra: 1 | Mem: 1M | Synchronizing object | grass_medium_01_tiny_f_LOD0
02:26.656  render           | Fra: 1 | Mem: 1M | Synchronizing object | grass_medium_01_small_a_LOD0
02:26.656  render           | Fra: 1 | Mem: 1M | Synchronizing object | grass_medium_01_mid_c_LOD0
02:26.656  render           | Fra: 1 | Mem: 1M | Synchronizing object | grass_medium_01_mid_b_LOD0
02:26.656  render           | Fra: 1 | Mem: 1M | Synchronizing object | grass_medium_01_tiny_d_LOD0
02:26.656  render           | Fra: 1 | Mem: 1M | Synchronizing object | grass_medium_01_tiny_a_LOD0
02:26.656  render           | Fra: 1 | Mem: 1M | Synchronizing object | grass_medium_01_small_b_LOD0
02:26.656  render           | Fra: 1 | Mem: 1M | Synchronizing object | grass_medium_01_tiny_c_LOD0
02:26.656  render           | Fra: 1 | Mem: 1M | Synchronizing object | grass_medium_01_tiny_b_LOD0
02:26.661  render           | Fra: 1 | Mem: 1M | Synchronizing object | grass_medium_01_tall_a_LOD0
02:26.661  render           | Fra: 1 | Mem: 1M | Synchronizing object | grass_medium_01_tall_b_LOD0
02:26.661  render           | Fra: 1 | Mem: 1M | Synchronizing object | grass_medium_01_tall_c_LOD0
02:26.662  render           | Fra: 1 | Mem: 1M | Synchronizing object | TopGrassTall
02:26.680  render           | Fra: 1 | Mem: 1M | Synchronizing object | LipMoss
02:27.033  render           | Fra: 1 | Mem: 1M | Synchronizing object | flower_heliophila_medium_LOD0
02:27.033  render           | Fra: 1 | Mem: 1M | Synchronizing object | Flowers
02:27.034  render           | Fra: 1 | Mem: 1M | Synchronizing object | flower_heliophila_small_LOD0
02:27.035  render           | Fra: 1 | Mem: 1M | Synchronizing object | Terrain
02:27.035  render           | Fra: 1 | Mem: 1M | Synchronizing object | rock_moss_set_01_rock06.001
02:27.036  render           | Fra: 1 | Mem: 1M | Synchronizing object | rock_moss_set_01_rock05.001
02:27.038  render           | Fra: 1 | Mem: 1M | Synchronizing object | rock_moss_set_01_rock04.001
02:27.039  render           | Fra: 1 | Mem: 1M | Synchronizing object | rock_moss_set_01_rock05.003
02:27.039  render           | Fra: 1 | Mem: 1M | Synchronizing object | rock_moss_set_01_rock04.002
02:27.040  render           | Fra: 1 | Mem: 1M | Synchronizing object | rock_moss_set_01_rock06.004
02:27.040  render           | Fra: 1 | Mem: 1M | Synchronizing object | rock_moss_set_01_rock05.004
02:27.040  render           | Fra: 1 | Mem: 1M | Synchronizing object | rock_moss_set_01_rock04.003
02:27.041  render           | Fra: 1 | Mem: 1M | Synchronizing object | rock_moss_set_01_rock06.005
02:27.041  render           | Fra: 1 | Mem: 1M | Synchronizing object | rock_moss_set_01_rock05.005
02:27.041  render           | Fra: 1 | Mem: 1M | Synchronizing object | rock_moss_set_01_rock04.004
02:27.041  render           | Fra: 1 | Mem: 1M | Synchronizing object | rock_moss_set_01_rock06.006
02:27.041  render           | Fra: 1 | Mem: 1M | Synchronizing object | rock_moss_set_01_rock05.006
02:27.041  render           | Fra: 1 | Mem: 1M | Synchronizing object | rock_moss_set_01_rock04.005
02:27.041  render           | Fra: 1 | Mem: 1M | Synchronizing object | rock_moss_set_01_rock06.007
02:27.042  render           | Fra: 1 | Mem: 1M | Synchronizing object | rock_moss_set_01_rock05.007
02:27.042  render           | Fra: 1 | Mem: 1M | Synchronizing object | rock_moss_set_01_rock04.006
02:27.042  render           | Fra: 1 | Mem: 1M | Synchronizing object | rock_moss_set_01_rock06.008
02:27.042  render           | Fra: 1 | Mem: 1M | Synchronizing object | rock_moss_set_01_rock05.008
02:27.042  render           | Fra: 1 | Mem: 1M | Synchronizing object | rock_moss_set_01_rock04.007
02:27.042  render           | Fra: 1 | Mem: 1M | Synchronizing object | rock_moss_set_01_rock06.009
02:27.042  render           | Fra: 1 | Mem: 1M | Synchronizing object | rock_moss_set_01_rock05.009
02:27.043  render           | Fra: 1 | Mem: 1M | Synchronizing object | fir_sapling_medium_a_LOD0.001
02:27.048  render           | Fra: 1 | Mem: 1M | Synchronizing object | Sun
02:27.048  render           | Fra: 1 | Mem: 1M | Synchronizing object | fir_sapling_medium_b_LOD0.001
02:27.113  render           | Fra: 1 | Mem: 1M | Initializing
02:27.348  render           | Fra: 1 | Mem: 1M | Waiting for render to start
02:27.348  render           | Fra: 1 | Mem: 1M | Updating Scene
02:27.348  render           | Fra: 1 | Mem: 1M | Updating Shaders
02:27.358  render           | Fra: 1 | Mem: 1M | Loading render kernels (may take a few minutes the first time)
02:27.469  render           | Fra: 1 | Mem: 1M | Updating Procedurals
Update statistics:
Scene:
    Total time: 0.113245s
        device_update                            0.113245s
Geometry:
    Total time: 0.000000s
Light:
    Total time: 0.000000s
Object:
    Total time: 0.000000s
Image:
    Total time: 0.000000s
Background:
    Total time: 0.000000s
Bake:
    Total time: 0.000000s
Camera:
    Total time: 0.000000s
Film:
    Total time: 0.000000s
Integrator:
    Total time: 0.000000s
OSL:
    Total time: 0.000000s
Particles:
    Total time: 0.000000s
SVM:
    Total time: 0.000000s
Tables:
    Total time: 0.000000s
Procedurals:
    Total time: 0.000000s

02:27.469  render           | Fra: 1 | Mem: 1M | Updating Background
02:27.469  render           | Fra: 1 | Mem: 1M | Updating Scene Attribute
02:27.469  render           | Fra: 1 | Mem: 1M | Updating Camera
02:27.469  render           | Fra: 1 | Mem: 1M | Updating Meshes Flags
02:27.469  render           | Fra: 1 | Mem: 1M | Updating Objects
02:27.472  render           | Fra: 1 | Mem: 1M | Updating Objects | Copying Transformations to device
02:27.490  render           | Fra: 1 | Mem: 37M | Updating Particle Systems
02:27.490  render           | Fra: 1 | Mem: 37M | Updating Particle Systems | Copying Particles to device
02:27.490  render           | Fra: 1 | Mem: 37M | Updating Meshes
02:27.824  render           | Fra: 1 | Mem: 37M | Updating Displacement Images
02:27.825  render           | Fra: 1 | Mem: 37M | Updating Images | Loading cliff_side_nor_gl_2k.jpg
02:27.826  render           | Fra: 1 | Mem: 37M | Updating Images | Loading lichen_rock_Displacement_2k.jpg
02:27.826  render           | Fra: 1 | Mem: 37M | Updating Images | Loading lichen_rock_Rough_2k.jpg
02:27.827  render           | Fra: 1 | Mem: 37M | Updating Images | Loading aerial_rocks_02_Diffuse_2k.jpg
02:27.828  render           | Fra: 1 | Mem: 37M | Updating Images | Loading forest_ground_04_Diffuse_2k.jpg
02:27.828  render           | Fra: 1 | Mem: 37M | Updating Images | Loading cliff_side_Displacement_2k.jpg
02:28.043  render           | Fra: 1 | Mem: 185M | Updating Mesh | Computing normals
02:28.120  render           | Fra: 1 | Mem: 185M | Updating Mesh | Copying Mesh to device
02:28.132  render           | Fra: 1 | Mem: 248M | Updating Objects | Applying Static Transformations
02:28.149  render           | Fra: 1 | Mem: 248M | Updating Mesh | Computing attributes
02:28.284  render           | Fra: 1 | Mem: 248M | Updating Mesh | Copying Attributes to device
02:28.340  render           | Fra: 1 | Mem: 423M | Updating Mesh | Computing Displacement Island
02:29.487  render           | Fra: 1 | Mem: 423M | Updating Mesh | Computing Displacement mesh1-geometry.001
02:29.498  render           | Fra: 1 | Mem: 423M | Updating Mesh | Computing Displacement modelShape.001
02:29.510  render           | Fra: 1 | Mem: 423M | Updating Mesh | Computing Displacement medium.002
02:29.520  render           | Fra: 1 | Mem: 423M | Updating Mesh | Computing Displacement mesh1-geometry.002
02:29.531  render           | Fra: 1 | Mem: 423M | Updating Mesh | Computing Displacement modelShape.002
02:29.543  render           | Fra: 1 | Mem: 423M | Updating Mesh | Computing Displacement medium.003
02:29.554  render           | Fra: 1 | Mem: 423M | Updating Mesh | Computing Displacement mesh1-geometry.004
02:29.565  render           | Fra: 1 | Mem: 423M | Updating Mesh | Computing Displacement modelShape.004
02:29.580  render           | Fra: 1 | Mem: 423M | Updating Mesh | Computing Displacement medium.004
02:29.592  render           | Fra: 1 | Mem: 423M | Updating Mesh | Computing Displacement mesh1-geometry.005
02:29.604  render           | Fra: 1 | Mem: 423M | Updating Mesh | Computing Displacement modelShape.005
02:29.623  render           | Fra: 1 | Mem: 423M | Updating Mesh | Computing Displacement medium.005
02:29.641  render           | Fra: 1 | Mem: 423M | Updating Mesh | Computing Displacement mesh1-geometry.006
02:29.655  render           | Fra: 1 | Mem: 423M | Updating Mesh | Computing Displacement modelShape.006
02:29.671  render           | Fra: 1 | Mem: 423M | Updating Mesh | Computing Displacement medium.006
02:29.682  render           | Fra: 1 | Mem: 423M | Updating Mesh | Computing Displacement mesh1-geometry.007
02:29.693  render           | Fra: 1 | Mem: 423M | Updating Mesh | Computing Displacement modelShape.007
02:29.713  render           | Fra: 1 | Mem: 423M | Updating Mesh | Computing Displacement medium.007
02:29.729  render           | Fra: 1 | Mem: 423M | Updating Mesh | Computing Displacement mesh1-geometry.008
02:29.740  render           | Fra: 1 | Mem: 423M | Updating Mesh | Computing Displacement modelShape.008
02:29.771  render           | Fra: 1 | Mem: 185M | Updating Geometry BVH backgroundlight 63/62 | Building BVH
02:29.771  render           | Fra: 1 | Mem: 185M | Updating Geometry BVH backgroundlight 63/62 | Building OptiX acceleration structure
02:29.771  render           | Fra: 1 | Mem: 185M | Updating Geometry BVH Grid 62/62 | Building BVH
02:29.771  render           | Fra: 1 | Mem: 185M | Updating Geometry BVH Grid 62/62 | Building OptiX acceleration structure
02:29.773  render           | Fra: 1 | Mem: 188M | Updating Geometry BVH Sun 61/62 | Building BVH
02:29.773  render           | Fra: 1 | Mem: 188M | Updating Geometry BVH Sun 61/62 | Building OptiX acceleration structure
02:29.774  render           | Fra: 1 | Mem: 188M | Updating Geometry BVH NurbsPath.005 60/62 | Building BVH
02:29.774  render           | Fra: 1 | Mem: 188M | Updating Geometry BVH NurbsPath.005 60/62 | Building OptiX acceleration structure
02:29.777  render           | Fra: 1 | Mem: 188M | Updating Geometry BVH Cube 2/62 | Building BVH
02:29.777  render           | Fra: 1 | Mem: 188M | Updating Geometry BVH Cube 2/62 | Building OptiX acceleration structure
02:29.779  render           | Fra: 1 | Mem: 188M | Updating Geometry BVH TopMoss 4/62 | Building BVH
02:29.780  render           | Fra: 1 | Mem: 188M | Updating Geometry BVH TopMoss 4/62 | Building OptiX acceleration structure
02:29.780  render           | Fra: 1 | Mem: 188M | Updating Geometry BVH Plane.004 5/62 | Building BVH
02:29.780  render           | Fra: 1 | Mem: 188M | Updating Geometry BVH Plane.004 5/62 | Building OptiX acceleration structure
02:29.780  render           | Fra: 1 | Mem: 188M | Updating Geometry BVH Island 3/62 | Building BVH
02:29.780  render           | Fra: 1 | Mem: 188M | Updating Geometry BVH Island 3/62 | Building OptiX acceleration structure
02:29.793  render           | Fra: 1 | Mem: 221M | Updating Geometry BVH Plane.010 6/62 | Building BVH
02:29.793  render           | Fra: 1 | Mem: 221M | Updating Geometry BVH Plane.010 6/62 | Building OptiX acceleration structure
02:29.798  render           | Fra: 1 | Mem: 200M | Updating Geometry BVH Plane.011 7/62 | Building BVH
02:29.799  render           | Fra: 1 | Mem: 200M | Updating Geometry BVH Plane.011 7/62 | Building OptiX acceleration structure
02:29.799  render           | Fra: 1 | Mem: 200M | Updating Geometry BVH NurbsPath.007 59/62 | Building BVH
02:29.799  render           | Fra: 1 | Mem: 200M | Updating Geometry BVH NurbsPath.007 59/62 | Building OptiX acceleration structure
02:29.802  render           | Fra: 1 | Mem: 200M | Updating Geometry BVH Plane.005 8/62 | Building BVH
02:29.802  render           | Fra: 1 | Mem: 200M | Updating Geometry BVH Plane.005 8/62 | Building OptiX acceleration structure
02:29.802  render           | Fra: 1 | Mem: 200M | Updating Geometry BVH Plane.035 9/62 | Building BVH
02:29.802  render           | Fra: 1 | Mem: 200M | Updating Geometry BVH Plane.035 9/62 | Building OptiX acceleration structure
02:29.802  render           | Fra: 1 | Mem: 200M | Updating Geometry BVH Plane.009 10/62 | Building BVH
02:29.802  render           | Fra: 1 | Mem: 200M | Updating Geometry BVH Plane.009 10/62 | Building OptiX acceleration structure
02:29.803  render           | Fra: 1 | Mem: 200M | Updating Geometry BVH Plane.006 11/62 | Building BVH
02:29.803  render           | Fra: 1 | Mem: 200M | Updating Geometry BVH Plane.006 11/62 | Building OptiX acceleration structure
02:29.803  render           | Fra: 1 | Mem: 200M | Updating Geometry BVH Plane.040 12/62 | Building BVH
02:29.803  render           | Fra: 1 | Mem: 200M | Updating Geometry BVH Plane.040 12/62 | Building OptiX acceleration structure
02:29.803  render           | Fra: 1 | Mem: 200M | Updating Geometry BVH Plane.007 13/62 | Building BVH
02:29.803  render           | Fra: 1 | Mem: 200M | Updating Geometry BVH Plane.007 13/62 | Building OptiX acceleration structure
02:29.804  render           | Fra: 1 | Mem: 200M | Updating Geometry BVH Plane.008 14/62 | Building BVH
02:29.804  render           | Fra: 1 | Mem: 200M | Updating Geometry BVH Plane.008 14/62 | Building OptiX acceleration structure
02:29.804  render           | Fra: 1 | Mem: 200M | Updating Geometry BVH Plane.003 15/62 | Building BVH
02:29.804  render           | Fra: 1 | Mem: 200M | Updating Geometry BVH Plane.003 15/62 | Building OptiX acceleration structure
02:29.804  render           | Fra: 1 | Mem: 200M | Updating Geometry BVH Plane.032 16/62 | Building BVH
02:29.804  render           | Fra: 1 | Mem: 200M | Updating Geometry BVH Plane.032 16/62 | Building OptiX acceleration structure
02:29.804  render           | Fra: 1 | Mem: 200M | Updating Geometry BVH Plane.058 18/62 | Building BVH
02:29.805  render           | Fra: 1 | Mem: 200M | Updating Geometry BVH Plane.058 18/62 | Building OptiX acceleration structure
02:29.808  render           | Fra: 1 | Mem: 200M | Updating Geometry BVH Plane.059 19/62 | Building BVH
02:29.808  render           | Fra: 1 | Mem: 200M | Updating Geometry BVH Plane.059 19/62 | Building OptiX acceleration structure
02:29.811  render           | Fra: 1 | Mem: 200M | Updating Geometry BVH Plane.037 20/62 | Building BVH
02:29.811  render           | Fra: 1 | Mem: 200M | Updating Geometry BVH Plane.037 20/62 | Building OptiX acceleration structure
02:29.811  render           | Fra: 1 | Mem: 200M | Updating Geometry BVH Plane.048 21/62 | Building BVH
02:29.811  render           | Fra: 1 | Mem: 200M | Updating Geometry BVH Plane.048 21/62 | Building OptiX acceleration structure
02:29.812  render           | Fra: 1 | Mem: 200M | Updating Geometry BVH Plane.039 22/62 | Building BVH
02:29.812  render           | Fra: 1 | Mem: 200M | Updating Geometry BVH Plane.039 22/62 | Building OptiX acceleration structure
02:29.812  render           | Fra: 1 | Mem: 200M | Updating Geometry BVH Plane.057 23/62 | Building BVH
02:29.812  render           | Fra: 1 | Mem: 200M | Updating Geometry BVH Plane.057 23/62 | Building OptiX acceleration structure
02:29.813  render           | Fra: 1 | Mem: 200M | Updating Geometry BVH Plane.055 24/62 | Building BVH
02:29.814  render           | Fra: 1 | Mem: 200M | Updating Geometry BVH Plane.047 25/62 | Building OptiX acceleration structure
02:29.814  render           | Fra: 1 | Mem: 200M | Updating Geometry BVH Plane.054 26/62 | Building BVH
02:29.814  render           | Fra: 1 | Mem: 200M | Updating Geometry BVH Plane.054 26/62 | Building OptiX acceleration structure
02:29.814  render           | Fra: 1 | Mem: 200M | Updating Geometry BVH Plane.056 27/62 | Building BVH
02:29.814  render           | Fra: 1 | Mem: 200M | Updating Geometry BVH Plane.056 27/62 | Building OptiX acceleration structure
02:29.815  render           | Fra: 1 | Mem: 200M | Updating Geometry BVH TopGrassTall 28/62 | Building BVH
02:29.815  render           | Fra: 1 | Mem: 200M | Updating Geometry BVH TopGrassTall 28/62 | Building OptiX acceleration structure
02:29.815  render           | Fra: 1 | Mem: 200M | Updating Geometry BVH Plane.043 29/62 | Building BVH
02:29.815  render           | Fra: 1 | Mem: 200M | Updating Geometry BVH Plane.043 29/62 | Building OptiX acceleration structure
02:29.815  render           | Fra: 1 | Mem: 200M | Updating Geometry BVH Plane.042 30/62 | Building BVH
02:29.815  render           | Fra: 1 | Mem: 200M | Updating Geometry BVH Plane.042 30/62 | Building OptiX acceleration structure
02:29.815  render           | Fra: 1 | Mem: 200M | Updating Geometry BVH Plane.045 31/62 | Building BVH
02:29.815  render           | Fra: 1 | Mem: 200M | Updating Geometry BVH Plane.045 31/62 | Building OptiX acceleration structure
02:29.816  render           | Fra: 1 | Mem: 200M | Updating Geometry BVH LipMoss 32/62 | Building BVH
02:29.816  render           | Fra: 1 | Mem: 200M | Updating Geometry BVH LipMoss 32/62 | Building OptiX acceleration structure
02:29.816  render           | Fra: 1 | Mem: 200M | Updating Geometry BVH Flowers 33/62 | Building BVH
02:29.816  render           | Fra: 1 | Mem: 200M | Updating Geometry BVH Flowers 33/62 | Building OptiX acceleration structure
02:29.816  render           | Fra: 1 | Mem: 200M | Updating Geometry BVH Plane.5143 34/62 | Building BVH
02:29.816  render           | Fra: 1 | Mem: 200M | Updating Geometry BVH Plane.5143 34/62 | Building OptiX acceleration structure
02:29.819  render           | Fra: 1 | Mem: 212M | Updating Geometry BVH Plane.2197 35/62 | Building BVH
02:29.819  render           | Fra: 1 | Mem: 212M | Updating Geometry BVH Plane.2197 35/62 | Building OptiX acceleration structure
02:29.819  render           | Fra: 1 | Mem: 212M | Updating Geometry BVH mesh1-geometry.003 36/62 | Building BVH
02:29.820  render           | Fra: 1 | Mem: 212M | Updating Geometry BVH modelShape.003 37/62 | Building OptiX acceleration structure
02:29.822  render           | Fra: 1 | Mem: 219M | Updating Geometry BVH medium.001 38/62 | Building BVH
02:29.822  render           | Fra: 1 | Mem: 219M | Updating Geometry BVH medium.001 38/62 | Building OptiX acceleration structure
02:29.823  render           | Fra: 1 | Mem: 276M | Updating Geometry BVH mesh1-geometry.001 39/62 | Building BVH
02:29.823  render           | Fra: 1 | Mem: 276M | Updating Geometry BVH mesh1-geometry.001 39/62 | Building OptiX acceleration structure
02:29.828  render           | Fra: 1 | Mem: 266M | Updating Geometry BVH modelShape.001 40/62 | Building BVH
02:29.829  render           | Fra: 1 | Mem: 266M | Updating Geometry BVH modelShape.001 40/62 | Building OptiX acceleration structure
02:29.829  render           | Fra: 1 | Mem: 250M | Updating Geometry BVH modelShape.008 58/62 | Building BVH
02:29.829  render           | Fra: 1 | Mem: 250M | Updating Geometry BVH modelShape.008 58/62 | Building OptiX acceleration structure
02:29.831  render           | Fra: 1 | Mem: 265M | Updating Geometry BVH medium.002 41/62 | Building BVH
02:29.831  render           | Fra: 1 | Mem: 265M | Updating Geometry BVH medium.002 41/62 | Building OptiX acceleration structure
02:29.832  render           | Fra: 1 | Mem: 265M | Updating Geometry BVH mesh1-geometry.002 42/62 | Building BVH
02:29.832  render           | Fra: 1 | Mem: 265M | Updating Geometry BVH mesh1-geometry.002 42/62 | Building OptiX acceleration structure
02:29.834  render           | Fra: 1 | Mem: 267M | Updating Geometry BVH modelShape.002 43/62 | Building BVH
02:29.834  render           | Fra: 1 | Mem: 267M | Updating Geometry BVH modelShape.002 43/62 | Building OptiX acceleration structure
02:29.834  render           | Fra: 1 | Mem: 267M | Updating Geometry BVH medium.003 44/62 | Building BVH
02:29.834  render           | Fra: 1 | Mem: 267M | Updating Geometry BVH medium.003 44/62 | Building OptiX acceleration structure
02:29.834  render           | Fra: 1 | Mem: 267M | Updating Geometry BVH mesh1-geometry.004 45/62 | Building BVH
02:29.834  render           | Fra: 1 | Mem: 267M | Updating Geometry BVH mesh1-geometry.004 45/62 | Building OptiX acceleration structure
02:29.835  render           | Fra: 1 | Mem: 268M | Updating Geometry BVH modelShape.004 46/62 | Building BVH
02:29.835  render           | Fra: 1 | Mem: 268M | Updating Geometry BVH modelShape.004 46/62 | Building OptiX acceleration structure
02:29.836  render           | Fra: 1 | Mem: 268M | Updating Geometry BVH medium.004 47/62 | Building BVH
02:29.836  render           | Fra: 1 | Mem: 268M | Updating Geometry BVH medium.004 47/62 | Building OptiX acceleration structure
02:29.836  render           | Fra: 1 | Mem: 267M | Updating Geometry BVH mesh1-geometry.005 48/62 | Building BVH
02:29.836  render           | Fra: 1 | Mem: 267M | Updating Geometry BVH mesh1-geometry.005 48/62 | Building OptiX acceleration structure
02:29.843  render           | Fra: 1 | Mem: 510M | Updating Geometry BVH modelShape.005 49/62 | Building BVH
02:29.843  render           | Fra: 1 | Mem: 510M | Updating Geometry BVH modelShape.005 49/62 | Building OptiX acceleration structure
02:29.843  render           | Fra: 1 | Mem: 510M | Updating Geometry BVH medium.005 50/62 | Building BVH
02:29.843  render           | Fra: 1 | Mem: 510M | Updating Geometry BVH medium.005 50/62 | Building OptiX acceleration structure
02:29.843  render           | Fra: 1 | Mem: 510M | Updating Geometry BVH mesh1-geometry.006 51/62 | Building BVH
02:29.843  render           | Fra: 1 | Mem: 510M | Updating Geometry BVH mesh1-geometry.006 51/62 | Building OptiX acceleration structure
02:29.844  render           | Fra: 1 | Mem: 403M | Updating Geometry BVH modelShape.006 52/62 | Building BVH
02:29.845  render           | Fra: 1 | Mem: 403M | Updating Geometry BVH modelShape.006 52/62 | Building OptiX acceleration structure
02:29.845  render           | Fra: 1 | Mem: 458M | Updating Geometry BVH medium.006 53/62 | Building BVH
02:29.845  render           | Fra: 1 | Mem: 458M | Updating Geometry BVH medium.006 53/62 | Building OptiX acceleration structure
02:29.846  render           | Fra: 1 | Mem: 322M | Updating Geometry BVH mesh1-geometry.007 54/62 | Building BVH
02:29.847  render           | Fra: 1 | Mem: 322M | Updating Geometry BVH mesh1-geometry.007 54/62 | Building OptiX acceleration structure
02:29.849  render           | Fra: 1 | Mem: 280M | Updating Geometry BVH modelShape.007 55/62 | Building BVH
02:29.849  render           | Fra: 1 | Mem: 280M | Updating Geometry BVH modelShape.007 55/62 | Building OptiX acceleration structure
02:29.850  render           | Fra: 1 | Mem: 280M | Updating Geometry BVH medium.007 56/62 | Building BVH
02:29.850  render           | Fra: 1 | Mem: 280M | Updating Geometry BVH medium.007 56/62 | Building OptiX acceleration structure
02:29.851  render           | Fra: 1 | Mem: 280M | Updating Geometry BVH mesh1-geometry.008 57/62 | Building BVH
02:29.851  render           | Fra: 1 | Mem: 280M | Updating Geometry BVH mesh1-geometry.008 57/62 | Building OptiX acceleration structure
02:29.870  render           | Fra: 1 | Mem: 282M | Updating Scene BVH | Building
02:29.870  render           | Fra: 1 | Mem: 282M | Updating Scene BVH | Building OptiX acceleration structure
02:29.890  render           | Fra: 1 | Mem: 304M | Updating Scene BVH | Copying BVH to device
02:29.890  render           | Fra: 1 | Mem: 304M | Updating Mesh | Computing attributes
02:30.118  render           | Fra: 1 | Mem: 304M | Updating Mesh | Copying Attributes to device
02:30.161  render           | Fra: 1 | Mem: 628M | Updating Mesh | Computing normals
02:30.203  render           | Fra: 1 | Mem: 628M | Updating Mesh | Copying Mesh to device
02:30.209  render           | Fra: 1 | Mem: 690M | Updating Objects Flags
02:30.215  render           | Fra: 1 | Mem: 690M | Updating Primitive Offsets
02:30.219  render           | Fra: 1 | Mem: 691M | Updating Images
02:30.219  render           | Fra: 1 | Mem: 691M | Updating Images | Loading fir_sapling_medium_twigs_rough_2k.png
02:30.219  render           | Fra: 1 | Mem: 691M | Updating Images | Loading grass_medium_01_nor_gl_2k.exr
02:30.219  render           | Fra: 1 | Mem: 691M | Updating Images | Loading fir_sapling_medium_twigs_nor_gl_2k.png
02:30.219  render           | Fra: 1 | Mem: 691M | Updating Images | Loading moss_01_alpha_2k.png
02:30.219  render           | Fra: 1 | Mem: 691M | Updating Images | Loading fir_sapling_medium_branches_nor_gl_2k.png
02:30.219  render           | Fra: 1 | Mem: 691M | Updating Images | Loading flower_heliophila_rough_2k.exr
02:30.219  render           | Fra: 1 | Mem: 691M | Updating Images | Loading fir_sapling_medium_branches_rough_2k.png
02:30.219  render           | Fra: 1 | Mem: 691M | Updating Images | Loading rock_moss_set_01_rough_2k.jpg
02:30.219  render           | Fra: 1 | Mem: 691M | Updating Images | Loading flower_heliophila_diff_2k.jpg
02:30.219  render           | Fra: 1 | Mem: 691M | Updating Images | Loading fir_sapling_medium_twigs_alpha_2k.png
02:30.219  render           | Fra: 1 | Mem: 691M | Updating Images | Loading grass_medium_01_alpha_2k.png
02:30.219  render           | Fra: 1 | Mem: 691M | Updating Images | Loading fir_sapling_medium_branches_diff_2k.png
02:30.222  render           | Fra: 1 | Mem: 691M | Updating Images | Loading flower_heliophila_translucency_2k.png
02:30.224  render           | Fra: 1 | Mem: 691M | Updating Images | Loading fir_sapling_medium_twigs_mask_2k.png
02:30.224  render           | Fra: 1 | Mem: 691M | Updating Images | Loading grass_medium_01_rough_2k.exr
02:30.722  render           | Fra: 1 | Mem: 1299M | Updating Volume
02:30.722  render           | Fra: 1 | Mem: 1299M | Updating Volume | Creating SDF grid for ValleyMist
02:30.865  render           | Fra: 1 | Mem: 1299M | Updating Volume | Evaluating density for ValleyMist
02:30.965  render           | Fra: 1 | Mem: 1299M | Updating Volume | Building octree for ValleyMist
02:30.972  render           | Fra: 1 | Mem: 1299M | Updating Camera Volume
02:30.974  render           | Fra: 1 | Mem: 1299M | Updating Lookup Tables
02:30.974  render           | Fra: 1 | Mem: 1299M | Updating Lights
02:30.982  render           | Fra: 1 | Mem: 1299M | Updating Lights | Importance map
02:31.326  render           | Fra: 1 | Mem: 1363M | Updating Lights | Computing tree
02:31.337  render           | Fra: 1 | Mem: 1365M | Updating Integrator
02:31.337  render           | Fra: 1 | Mem: 1365M | Updating Film
02:31.337  render           | Fra: 1 | Mem: 1364M | Updating Lookup Tables
02:31.337  render           | Fra: 1 | Mem: 1365M | Updating Baking
02:31.339  render           | Fra: 1 | Mem: 1365M | Updating Device | Writing constant memory
02:31.343  render           | Fra: 1 | Mem: 1365M | Loading denoising kernels (may take a few minutes the first time)
02:31.356  render           | Fra: 1 | Mem: 1968M | Rendered 0/4 Tiles, Sample 0/128
02:31.419  render           | Fra: 1 | Remaining: 00:15.84 | Mem: 2466M | Rendered 0/4 Tiles, Sample 1/128
02:31.480  render           | Fra: 1 | Remaining: 00:15.54 | Mem: 2466M | Rendered 0/4 Tiles, Sample 2/128
02:31.585  render           | Fra: 1 | Remaining: 00:14.24 | Mem: 2466M | Rendered 0/4 Tiles, Sample 4/128
02:31.742  render           | Fra: 1 | Remaining: 00:11.82 | Mem: 2466M | Rendered 0/4 Tiles, Sample 8/128
02:32.011  render           | Fra: 1 | Remaining: 00:09.69 | Mem: 2466M | Rendered 0/4 Tiles, Sample 16/128
02:32.497  render           | Fra: 1 | Remaining: 00:07.88 | Mem: 2466M | Rendered 0/4 Tiles, Sample 32/128
02:33.458  render           | Fra: 1 | Remaining: 00:06.21 | Mem: 2466M | Rendered 0/4 Tiles, Sample 64/128
02:33.955  render           | Fra: 1 | Remaining: 00:05.62 | Mem: 2466M | Rendered 0/4 Tiles, Sample 80/128
02:34.297  render           | Fra: 1 | Remaining: 00:04.81 | Mem: 2466M | Rendered 0/4 Tiles, Sample 96/128
02:34.610  render           | Fra: 1 | Remaining: 00:04.09 | Mem: 2466M | Rendered 0/4 Tiles, Sample 112/128
02:36.131  render           | Fra: 1 | Remaining: 00:04.66 | Mem: 2466M | Rendered 0/4 Tiles, Sample 128/128
02:36.131  render           | Fra: 1 | Remaining: 00:04.66 | Mem: 2466M | Rendered 1/4 Tiles, Sample 128/128
02:36.228  render           | Fra: 1 | Remaining: 00:04.69 | Mem: 2404M | Rendered 1/4 Tiles, Sample 1/128
02:36.296  render           | Fra: 1 | Remaining: 00:04.69 | Mem: 2404M | Rendered 1/4 Tiles, Sample 2/128
02:36.407  render           | Fra: 1 | Remaining: 00:04.67 | Mem: 2404M | Rendered 1/4 Tiles, Sample 4/128
02:36.603  render           | Fra: 1 | Remaining: 00:04.59 | Mem: 2404M | Rendered 1/4 Tiles, Sample 8/128
02:36.973  render           | Fra: 1 | Remaining: 00:04.39 | Mem: 2404M | Rendered 1/4 Tiles, Sample 16/128
02:37.670  render           | Fra: 1 | Remaining: 00:03.93 | Mem: 2404M | Rendered 1/4 Tiles, Sample 32/128
02:39.082  render           | Fra: 1 | Remaining: 00:02.90 | Mem: 2404M | Rendered 1/4 Tiles, Sample 64/128
02:39.786  render           | Fra: 1 | Remaining: 00:02.34 | Mem: 2404M | Rendered 1/4 Tiles, Sample 80/128
02:40.492  render           | Fra: 1 | Remaining: 00:01.77 | Mem: 2404M | Rendered 1/4 Tiles, Sample 96/128
02:41.452  render           | Fra: 1 | Remaining: 00:01.21 | Mem: 2404M | Rendered 1/4 Tiles, Sample 112/128
02:42.641  render           | Fra: 1 | Remaining: 00:00.61 | Mem: 2404M | Rendered 1/4 Tiles, Sample 128/128
02:42.641  render           | Fra: 1 | Remaining: 00:00.61 | Mem: 2404M | Rendered 2/4 Tiles, Sample 128/128
02:42.653  render           | Fra: 1 | Remaining: 00:00.61 | Mem: 1997M | Rendered 2/4 Tiles, Sample 1/128
02:42.654  render           | Fra: 1 | Remaining: 00:00.61 | Mem: 1997M | Rendered 2/4 Tiles, Sample 2/128
02:42.655  render           | Fra: 1 | Remaining: 00:00.60 | Mem: 1997M | Rendered 2/4 Tiles, Sample 4/128
02:42.657  render           | Fra: 1 | Remaining: 00:00.59 | Mem: 1997M | Rendered 2/4 Tiles, Sample 8/128
02:42.659  render           | Fra: 1 | Remaining: 00:00.57 | Mem: 1997M | Rendered 2/4 Tiles, Sample 16/128
02:42.664  render           | Fra: 1 | Remaining: 00:00.53 | Mem: 1997M | Rendered 2/4 Tiles, Sample 32/128
02:42.672  render           | Fra: 1 | Remaining: 00:00.44 | Mem: 1997M | Rendered 2/4 Tiles, Sample 64/128
02:42.677  render           | Fra: 1 | Remaining: 00:00.40 | Mem: 1997M | Rendered 2/4 Tiles, Sample 80/128
02:42.710  render           | Fra: 1 | Remaining: 00:00.40 | Mem: 1997M | Rendered 2/4 Tiles, Sample 0/128
02:42.710  render           | Fra: 1 | Remaining: 00:00.40 | Mem: 1997M | Rendered 3/4 Tiles, Sample 0/128
02:42.711  render           | Fra: 1 | Remaining: 00:00.40 | Mem: 1993M | Rendered 3/4 Tiles, Sample 1/128
02:42.712  render           | Fra: 1 | Remaining: 00:00.40 | Mem: 1993M | Rendered 3/4 Tiles, Sample 2/128
02:42.713  render           | Fra: 1 | Remaining: 00:00.39 | Mem: 1993M | Rendered 3/4 Tiles, Sample 4/128
02:42.714  render           | Fra: 1 | Remaining: 00:00.38 | Mem: 1993M | Rendered 3/4 Tiles, Sample 8/128
02:42.716  render           | Fra: 1 | Remaining: 00:00.36 | Mem: 1993M | Rendered 3/4 Tiles, Sample 16/128
02:42.720  render           | Fra: 1 | Remaining: 00:00.33 | Mem: 1993M | Rendered 3/4 Tiles, Sample 32/128
02:42.727  render           | Fra: 1 | Remaining: 00:00.26 | Mem: 1993M | Rendered 3/4 Tiles, Sample 64/128
02:42.731  render           | Fra: 1 | Remaining: 00:00.22 | Mem: 1993M | Rendered 3/4 Tiles, Sample 80/128
02:42.780  render           | Fra: 1 | Remaining: 00:00.22 | Mem: 1993M | Rendered 3/4 Tiles, Sample 0/128
02:42.783  render           | Fra: 1 | Remaining: 00:00.22 | Mem: 1993M | Finished
Render statistics:
Mesh statistics:
  Geometry:
    Total memory: 66.48M (69,712,877)
        Island                           41.01M (42,997,861)
        NurbsPath.007                    11.11M (11,645,883)
        NurbsPath.005                    6.82M (7,154,075)
        Grid                             2.12M (2,228,309)
        Plane.5143                       539.82K (552,772)
        Plane.2197                       292.15K (299,166)
        modelShape.008                   274.81K (281,401)
        modelShape.003                   274.81K (281,401)
        modelShape.001                   274.81K (281,401)
        modelShape.002                   274.81K (281,401)
        modelShape.004                   274.81K (281,401)
        modelShape.005                   274.81K (281,401)
        modelShape.007                   274.81K (281,401)
        modelShape.006                   274.81K (281,401)
        medium.004                       175.88K (180,098)
        medium.007                       175.88K (180,098)
        medium.006                       175.88K (180,098)
        medium.001                       175.88K (180,098)
        medium.002                       175.88K (180,098)
        medium.003                       175.88K (180,098)
        medium.005                       175.88K (180,098)
        mesh1-geometry.002               149.40K (152,983)
        mesh1-geometry.006               149.40K (152,983)
        mesh1-geometry.001               149.40K (152,983)
        mesh1-geometry.003               149.40K (152,983)
        mesh1-geometry.007               149.40K (152,983)
        mesh1-geometry.004               149.40K (152,983)
        mesh1-geometry.005               149.40K (152,983)
        mesh1-geometry.008               149.40K (152,983)
        Plane.048                        24.42K (25,007)
        Plane.039                        20.95K (21,454)
        Plane.037                        13.91K (14,246)
        Plane.047                        10.92K (11,186)
        Plane.045                        5.73K (5,865)
        Plane.042                        5.23K (5,355)
        Plane.043                        4.90K (5,015)
        Plane.055                        1.39K (1,428)
        Plane.058                        1.11K (1,139)
        Plane.059                        1.08K (1,105)
        Plane.054                        765B (765)
        Plane.057                        629B (629)
        Plane.056                        561B (561)
        Plane.040                        493B (493)
        Plane.035                        493B (493)
        Plane.009                        493B (493)
        Plane.003                        493B (493)
        Plane.006                        425B (425)
        Plane.005                        425B (425)
        Plane.008                        357B (357)
        Plane.007                        357B (357)
        Plane.004                        357B (357)
        Cube                             289B (289)
        Plane.032                        221B (221)
        Plane.011                        187B (187)
        Plane.010                        187B (187)
        Flowers                          85B (85)
        LipMoss                          85B (85)
        TopGrassTall                     85B (85)
        TopGrass                         85B (85)
        TopMoss                          85B (85)
        backgroundlight                  50B (50)
        Sun                              46B (46)
Image statistics:
  Full Images:
    kloofendal_overcast_puresky_4k.hdr 128.00M (134,217,728)
    moss_01_nor_gl_2k.exr            32.00M (33,554,432)
    grass_medium_01_nor_gl_2k.exr    32.00M (33,554,432)
    flower_heliophila_nor_gl_2k.exr  32.00M (33,554,432)
    fir_sapling_medium_twigs_mask_2k.png 32.00M (33,554,432)
    fir_sapling_medium_twigs_nor_gl_2k.png 32.00M (33,554,432)
    rock_moss_set_01_nor_gl_2k.exr   32.00M (33,554,432)
    fir_sapling_medium_twigs_diff_2k.png 32.00M (33,554,432)
    fir_sapling_medium_branches_nor_gl_2k.png 3202:42.784  render           | Start rendering: Scene, haze
02:42.784  render           | Engine: Cycles
02:45.922  render           | Fra: 1 | Mem: 1M | Synchronizing object | grass_medium_01_tiny_f_LOD0
.00M (33,554,432)
    fir_sapling_medium_branches_diff_2k.png 32.00M (33,554,432)
    fir_sapling_medium_twigs_alpha_2k.png 32.00M (33,554,432)
    lichen_rock_nor_gl_2k.jpg        16.00M (16,777,216)
    forest_ground_04_nor_gl_2k.jpg   16.00M (16,777,216)
    rock_moss_set_01_rough_2k.jpg    16.00M (16,777,216)
    flower_heliophila_diff_2k.jpg    16.00M (16,777,216)
    lichen_rock_Rough_2k.jpg         16.00M (16,777,216)
    rock_moss_set_01_diff_2k.jpg     16.00M (16,777,216)
    cliff_side_Diffuse_2k.jpg        16.00M (16,777,216)
    aerial_rocks_02_Diffuse_2k.jpg   16.00M (16,777,216)
    lichen_rock_Diffuse_2k.jpg       16.00M (16,777,216)
    grass_medium_01_diff_2k.jpg      16.00M (16,777,216)
    cliff_side_nor_gl_2k.jpg         16.00M (16,777,216)
    forest_ground_04_Diffuse_2k.jpg  16.00M (16,777,216)
    moss_01_diff_2k.jpg              16.00M (16,777,216)
    lichen_rock_Displacement_2k.jpg  16.00M (16,777,216)
    flower_heliophila_rough_2k.exr   8.00M (8,388,608)
    fir_sapling_medium_branches_rough_2k.png 8.00M (8,388,608)
    flower_heliophila_alpha_2k.png   8.00M (8,388,608)
    grass_medium_01_alpha_2k.png     8.00M (8,388,608)
    moss_01_rough_2k.exr             8.00M (8,388,608)
    moss_01_alpha_2k.png             8.00M (8,388,608)
    flower_heliophila_translucency_2k.png 8.00M (8,388,608)
    fir_sapling_medium_branches_disp_2k.png 8.00M (8,388,608)
    grass_medium_01_rough_2k.exr     8.00M (8,388,608)
    fir_sapling_medium_twigs_rough_2k.png 8.00M (8,388,608)
    cliff_side_Displacement_2k.jpg   4.00M (4,194,304)
  Full image memory: 756.00M (792,723,456)
  Overhead image memory: 3.94K (4,032)
  Total image memory: 756.00M (792,727,488)
Profiling information not available (only works with CPU rendering)
02:45.923  render           | Fra: 1 | Mem: 1M | Synchronizing object | grass_medium_01_tiny_e_LOD0
02:45.924  render           | Fra: 1 | Mem: 1M | Synchronizing object | grass_medium_01_tiny_d_LOD0
02:45.924  render           | Fra: 1 | Mem: 1M | Synchronizing object | grass_medium_01_tiny_c_LOD0
02:45.924  render           | Fra: 1 | Mem: 1M | Synchronizing object | grass_medium_01_tiny_b_LOD0
02:45.924  render           | Fra: 1 | Mem: 1M | Synchronizing object | grass_medium_01_tiny_a_LOD0
02:45.924  render           | Fra: 1 | Mem: 1M | Synchronizing object | grass_medium_01_small_b_LOD0
02:45.924  render           | Fra: 1 | Mem: 1M | Synchronizing object | grass_medium_01_small_a_LOD0
02:45.924  render           | Fra: 1 | Mem: 1M | Synchronizing object | grass_medium_01_mid_c_LOD0
02:45.924  render           | Fra: 1 | Mem: 1M | Synchronizing object | grass_medium_01_mid_b_LOD0
02:45.924  render           | Fra: 1 | Mem: 1M | Synchronizing object | grass_medium_01_tall_c_LOD0
02:45.925  render           | Fra: 1 | Mem: 1M | Synchronizing object | grass_medium_01_tall_a_LOD0
02:45.925  render           | Fra: 1 | Mem: 1M | Synchronizing object | moss_01_tall_b_LOD0
02:45.925  render           | Fra: 1 | Mem: 1M | Synchronizing object | moss_01_tall_a_LOD0
02:45.925  render           | Fra: 1 | Mem: 1M | Synchronizing object | moss_01_j_LOD0
02:45.925  render           | Fra: 1 | Mem: 1M | Synchronizing object | moss_01_i_LOD0
02:45.925  render           | Fra: 1 | Mem: 1M | Synchronizing object | moss_01_h_LOD0
02:45.925  render           | Fra: 1 | Mem: 1M | Synchronizing object | moss_01_g_LOD0
02:45.925  render           | Fra: 1 | Mem: 1M | Synchronizing object | moss_01_f_LOD0
02:45.925  render           | Fra: 1 | Mem: 1M | Synchronizing object | moss_01_e_LOD0
02:45.925  render           | Fra: 1 | Mem: 1M | Synchronizing object | moss_01_d_LOD0
02:45.926  render           | Fra: 1 | Mem: 1M | Synchronizing object | moss_01_c_LOD0
02:45.926  render           | Fra: 1 | Mem: 1M | Synchronizing object | moss_01_b_LOD0
02:45.926  render           | Fra: 1 | Mem: 1M | Synchronizing object | moss_01_a_LOD0
02:45.926  render           | Fra: 1 | Mem: 1M | Synchronizing object | flower_heliophila_small_LOD0
02:45.926  render           | Fra: 1 | Mem: 1M | Synchronizing object | flower_heliophila_medium_LOD0
02:52.170  render           | Fra: 1 | Mem: 1M | Synchronizing object | Island
02:52.181  render           | Fra: 1 | Mem: 1M | Synchronizing object | TopMoss
02:52.438  render           | Fra: 1 | Mem: 1M | Synchronizing object | TopGrass
02:52.444  render           | Fra: 1 | Mem: 1M | Synchronizing object | TopGrassTall
02:52.460  render           | Fra: 1 | Mem: 1M | Synchronizing object | LipMoss
02:52.820  render           | Fra: 1 | Mem: 1M | Synchronizing object | Flowers
02:52.821  render           | Fra: 1 | Mem: 1M | Synchronizing object | Terrain
02:52.821  render           | Fra: 1 | Mem: 1M | Synchronizing object | rock_moss_set_01_rock06.001
02:52.822  render           | Fra: 1 | Mem: 1M | Synchronizing object | rock_moss_set_01_rock04.001
02:52.822  render           | Fra: 1 | Mem: 1M | Synchronizing object | rock_moss_set_01_rock05.003
02:52.822  render           | Fra: 1 | Mem: 1M | Synchronizing object | rock_moss_set_01_rock06.004
02:52.822  render           | Fra: 1 | Mem: 1M | Synchronizing object | rock_moss_set_01_rock05.004
02:52.822  render           | Fra: 1 | Mem: 1M | Synchronizing object | rock_moss_set_01_rock05.006
02:52.822  render           | Fra: 1 | Mem: 1M | Synchronizing object | rock_moss_set_01_rock05.007
02:52.822  render           | Fra: 1 | Mem: 1M | Synchronizing object | rock_moss_set_01_rock04.006
02:52.822  render           | Fra: 1 | Mem: 1M | Synchronizing object | rock_moss_set_01_rock06.008
02:52.822  render           | Fra: 1 | Mem: 1M | Synchronizing object | rock_moss_set_01_rock05.008
02:52.822  render           | Fra: 1 | Mem: 1M | Synchronizing object | rock_moss_set_01_rock04.007
02:52.822  render           | Fra: 1 | Mem: 1M | Synchronizing object | rock_moss_set_01_rock06.009
02:52.822  render           | Fra: 1 | Mem: 1M | Synchronizing object | rock_moss_set_01_rock05.009
02:52.822  render           | Fra: 1 | Mem: 1M | Synchronizing object | fir_sapling_medium_a_LOD0.001
02:52.822  render           | Fra: 1 | Mem: 1M | Synchronizing object | fir_sapling_medium_b_LOD0.001
02:52.822  render           | Fra: 1 | Mem: 1M | Synchronizing object | Sun
02:52.883  render           | Fra: 1 | Mem: 1M | Initializing
02:53.027  render           | Fra: 1 | Mem: 1M | Waiting for render to start
02:53.027  render           | Fra: 1 | Mem: 1M | Updating Scene
02:53.027  render           | Fra: 1 | Mem: 1M | Updating Shaders
02:53.032  render           | Fra: 1 | Mem: 1M | Loading render kernels (may take a few minutes the first time)
02:53.113  render           | Fra: 1 | Mem: 1M | Updating Procedurals
Update statistics:
Scene:
    Total time: 0.080840s
        device_update                            0.080840s
Geometry:
    Total time: 0.000000s
Light:
    Total time: 0.000000s
Object:
    Total time: 0.000000s
Image:
    Total time: 0.000000s
Background:
    Total time: 0.000000s
Bake:
    Total time: 0.000000s
Camera:
    Total time: 0.000000s
Film:
    Total time: 0.000000s
Integrator:
    Total time: 0.000000s
OSL:
    Total time: 0.000000s
Particles:
    Total time: 0.000000s
SVM:
    Total time: 0.000000s
Tables:
    Total time: 0.000000s
Procedurals:
    Total time: 0.000000s

02:53.113  render           | Fra: 1 | Mem: 1M | Updating Background
02:53.113  render           | Fra: 1 | Mem: 1M | Updating Scene Attribute
02:53.113  render           | Fra: 1 | Mem: 1M | Updating Camera
02:53.113  render           | Fra: 1 | Mem: 1M | Updating Meshes Flags
02:53.113  render           | Fra: 1 | Mem: 1M | Updating Objects
02:53.116  render           | Fra: 1 | Mem: 1M | Updating Objects | Copying Transformations to device
02:53.137  render           | Fra: 1 | Mem: 37M | Updating Particle Systems
02:53.137  render           | Fra: 1 | Mem: 37M | Updating Particle Systems | Copying Particles to device
02:53.137  render           | Fra: 1 | Mem: 37M | Updating Meshes
02:53.544  render           | Fra: 1 | Mem: 37M | Updating Displacement Images
02:53.545  render           | Fra: 1 | Mem: 37M | Updating Images | Loading lichen_rock_Diffuse_2k.jpg
02:53.545  render           | Fra: 1 | Mem: 37M | Updating Images | Loading lichen_rock_nor_gl_2k.jpg
02:53.545  render           | Fra: 1 | Mem: 37M | Updating Images | Loading forest_ground_04_Diffuse_2k.jpg
02:53.545  render           | Fra: 1 | Mem: 37M | Updating Images | Loading cliff_side_nor_gl_2k.jpg
02:53.545  render           | Fra: 1 | Mem: 37M | Updating Images | Loading aerial_rocks_02_Diffuse_2k.jpg
02:53.619  render           | Fra: 1 | Mem: 185M | Updating Mesh | Computing normals
02:53.642  render           | Fra: 1 | Mem: 185M | Updating Mesh | Copying Mesh to device
02:53.657  render           | Fra: 1 | Mem: 248M | Updating Objects | Applying Static Transformations
02:53.669  render           | Fra: 1 | Mem: 248M | Updating Mesh | Computing attributes
02:53.787  render           | Fra: 1 | Mem: 248M | Updating Mesh | Copying Attributes to device
02:53.819  render           | Fra: 1 | Mem: 423M | Updating Mesh | Computing Displacement Island
02:54.796  render           | Fra: 1 | Mem: 423M | Updating Mesh | Computing Displacement mesh1-geometry.001
02:54.807  render           | Fra: 1 | Mem: 423M | Updating Mesh | Computing Displacement modelShape.001
02:54.822  render           | Fra: 1 | Mem: 423M | Updating Mesh | Computing Displacement medium.002
02:54.836  render           | Fra: 1 | Mem: 423M | Updating Mesh | Computing Displacement mesh1-geometry.002
02:54.847  render           | Fra: 1 | Mem: 423M | Updating Mesh | Computing Displacement modelShape.002
02:54.864  render           | Fra: 1 | Mem: 423M | Updating Mesh | Computing Displacement medium.003
02:54.877  render           | Fra: 1 | Mem: 423M | Updating Mesh | Computing Displacement mesh1-geometry.004
02:54.889  render           | Fra: 1 | Mem: 423M | Updating Mesh | Computing Displacement modelShape.004
02:54.908  render           | Fra: 1 | Mem: 423M | Updating Mesh | Computing Displacement medium.004
02:54.921  render           | Fra: 1 | Mem: 423M | Updating Mesh | Computing Displacement mesh1-geometry.005
02:54.932  render           | Fra: 1 | Mem: 423M | Updating Mesh | Computing Displacement modelShape.005
02:54.949  render           | Fra: 1 | Mem: 423M | Updating Mesh | Computing Displacement medium.005
02:54.959  render           | Fra: 1 | Mem: 423M | Updating Mesh | Computing Displacement mesh1-geometry.006
02:54.971  render           | Fra: 1 | Mem: 423M | Updating Mesh | Computing Displacement modelShape.006
02:54.987  render           | Fra: 1 | Mem: 423M | Updating Mesh | Computing Displacement medium.006
02:55.001  render           | Fra: 1 | Mem: 423M | Updating Mesh | Computing Displacement mesh1-geometry.007
02:55.013  render           | Fra: 1 | Mem: 423M | Updating Mesh | Computing Displacement modelShape.007
02:55.034  render           | Fra: 1 | Mem: 423M | Updating Mesh | Computing Displacement medium.007
02:55.049  render           | Fra: 1 | Mem: 423M | Updating Mesh | Computing Displacement mesh1-geometry.008
02:55.060  render           | Fra: 1 | Mem: 423M | Updating Mesh | Computing Displacement modelShape.008
02:55.090  render           | Fra: 1 | Mem: 185M | Updating Geometry BVH Plane.059 2/1 | Building BVH
02:55.090  render           | Fra: 1 | Mem: 185M | Updating Geometry BVH Plane.059 2/1 | Building OptiX acceleration structure
02:55.090  render           | Fra: 1 | Mem: 185M | Updating Geometry BVH Plane.057 4/20 | Building BVH
02:55.090  render           | Fra: 1 | Mem: 185M | Updating Geometry BVH Plane.056 6/61 | Building BVH
02:55.090  render           | Fra: 1 | Mem: 185M | Updating Geometry BVH Plane.056 6/61 | Building OptiX acceleration structure
02:55.090  render           | Fra: 1 | Mem: 185M | Updating Geometry BVH Plane.055 7/61 | Building BVH
02:55.090  render           | Fra: 1 | Mem: 185M | Updating Geometry BVH Plane.055 7/61 | Building OptiX acceleration structure
02:55.091  render           | Fra: 1 | Mem: 185M | Updating Geometry BVH Plane.047 8/61 | Building BVH
02:55.091  render           | Fra: 1 | Mem: 185M | Updating Geometry BVH Plane.047 8/61 | Building OptiX acceleration structure
02:55.091  render           | Fra: 1 | Mem: 185M | Updating Geometry BVH Grid 61/61 | Building BVH
02:55.091  render           | Fra: 1 | Mem: 185M | Updating Geometry BVH Grid 61/61 | Building OptiX acceleration structure
02:55.091  render           | Fra: 1 | Mem: 185M | Updating Geometry BVH Plane.037 9/61 | Building BVH
02:55.091  render           | Fra: 1 | Mem: 185M | Updating Geometry BVH Plane.037 9/61 | Building OptiX acceleration structure
02:55.091  render           | Fra: 1 | Mem: 185M | Updating Geometry BVH Plane.048 10/61 | Building BVH
02:55.091  render           | Fra: 1 | Mem: 185M | Updating Geometry BVH Plane.048 10/61 | Building OptiX acceleration structure
02:55.091  render           | Fra: 1 | Mem: 185M | Updating Geometry BVH Plane.039 11/61 | Building BVH
02:55.091  render           | Fra: 1 | Mem: 185M | Updating Geometry BVH Plane.039 11/61 | Building OptiX acceleration structure
02:55.091  render           | Fra: 1 | Mem: 187M | Updating Geometry BVH Plane.045 12/61 | Building BVH
02:55.091  render           | Fra: 1 | Mem: 187M | Updating Geometry BVH Plane.045 12/61 | Building OptiX acceleration structure
02:55.091  render           | Fra: 1 | Mem: 187M | Updating Geometry BVH Plane.042 13/61 | Building BVH
02:55.091  render           | Fra: 1 | Mem: 187M | Updating Geometry BVH Plane.042 13/61 | Building OptiX acceleration structure
02:55.091  render           | Fra: 1 | Mem: 187M | Updating Geometry BVH Plane.043 14/61 | Building BVH
02:55.091  render           | Fra: 1 | Mem: 187M | Updating Geometry BVH Plane.043 14/61 | Building OptiX acceleration structure
02:55.091  render           | Fra: 1 | Mem: 187M | Updating Geometry BVH Plane.040 15/61 | Building BVH
02:55.091  render           | Fra: 1 | Mem: 187M | Updating Geometry BVH Plane.040 15/61 | Building OptiX acceleration structure
02:55.091  render           | Fra: 1 | Mem: 187M | Updating Geometry BVH Plane.035 16/61 | Building BVH
02:55.092  render           | Fra: 1 | Mem: 188M | Updating Geometry BVH Plane.032 17/61 | Building OptiX acceleration structure
02:55.092  render           | Fra: 1 | Mem: 188M | Updating Geometry BVH Plane.011 18/61 | Building BVH
02:55.092  render           | Fra: 1 | Mem: 188M | Updating Geometry BVH Plane.011 18/61 | Building OptiX acceleration structure
02:55.092  render           | Fra: 1 | Mem: 188M | Updating Geometry BVH Plane.010 19/61 | Building BVH
02:55.092  render           | Fra: 1 | Mem: 188M | Updating Geometry BVH Plane.010 19/61 | Building OptiX acceleration structure
02:55.092  render           | Fra: 1 | Mem: 188M | Updating Geometry BVH Plane.008 20/61 | Building BVH
02:55.092  render           | Fra: 1 | Mem: 188M | Updating Geometry BVH Plane.008 20/61 | Building OptiX acceleration structure
02:55.092  render           | Fra: 1 | Mem: 188M | Updating Geometry BVH Plane.006 21/61 | Building BVH
02:55.092  render           | Fra: 1 | Mem: 188M | Updating Geometry BVH Plane.006 21/61 | Building OptiX acceleration structure
02:55.092  render           | Fra: 1 | Mem: 188M | Updating Geometry BVH Plane.005 22/61 | Building BVH
02:55.092  render           | Fra: 1 | Mem: 188M | Updating Geometry BVH Plane.005 22/61 | Building OptiX acceleration structure
02:55.093  render           | Fra: 1 | Mem: 188M | Updating Geometry BVH Plane.004 23/61 | Building BVH
02:55.093  render           | Fra: 1 | Mem: 188M | Updating Geometry BVH Plane.004 23/61 | Building OptiX acceleration structure
02:55.094  render           | Fra: 1 | Mem: 188M | Updating Geometry BVH Plane.003 24/61 | Building BVH
02:55.094  render           | Fra: 1 | Mem: 188M | Updating Geometry BVH Plane.003 24/61 | Building OptiX acceleration structure
02:55.094  render           | Fra: 1 | Mem: 188M | Updating Geometry BVH Plane.007 25/61 | Building BVH
02:55.094  render           | Fra: 1 | Mem: 188M | Updating Geometry BVH Plane.007 25/61 | Building OptiX acceleration structure
02:55.094  render           | Fra: 1 | Mem: 188M | Updating Geometry BVH Plane.009 26/61 | Building BVH
02:55.094  render           | Fra: 1 | Mem: 188M | Updating Geometry BVH Plane.009 26/61 | Building OptiX acceleration structure
02:55.095  render           | Fra: 1 | Mem: 188M | Updating Geometry BVH Plane.2197 27/61 | Building BVH
02:55.095  render           | Fra: 1 | Mem: 188M | Updating Geometry BVH Plane.2197 27/61 | Building OptiX acceleration structure
02:55.096  render           | Fra: 1 | Mem: 188M | Updating Geometry BVH Plane.5143 28/61 | Building BVH
02:55.096  render           | Fra: 1 | Mem: 188M | Updating Geometry BVH Plane.5143 28/61 | Building OptiX acceleration structure
02:55.098  render           | Fra: 1 | Mem: 192M | Updating Geometry BVH TopMoss 30/61 | Building BVH
02:55.098  render           | Fra: 1 | Mem: 192M | Updating Geometry BVH TopMoss 30/61 | Building OptiX acceleration structure
02:55.099  render           | Fra: 1 | Mem: 189M | Updating Geometry BVH Sun 60/61 | Building BVH
02:55.099  render           | Fra: 1 | Mem: 189M | Updating Geometry BVH Sun 60/61 | Building OptiX acceleration structure
02:55.099  render           | Fra: 1 | Mem: 189M | Updating Geometry BVH TopGrass 31/61 | Building BVH
02:55.099  render           | Fra: 1 | Mem: 189M | Updating Geometry BVH TopGrass 31/61 | Building OptiX acceleration structure
02:55.099  render           | Fra: 1 | Mem: 189M | Updating Geometry BVH TopGrassTall 32/61 | Building BVH
02:55.099  render           | Fra: 1 | Mem: 189M | Updating Geometry BVH TopGrassTall 32/61 | Building OptiX acceleration structure
02:55.099  render           | Fra: 1 | Mem: 189M | Updating Geometry BVH LipMoss 33/61 | Building BVH
02:55.099  render           | Fra: 1 | Mem: 189M | Updating Geometry BVH Island 29/61 | Building OptiX acceleration structure
02:55.099  render           | Fra: 1 | Mem: 189M | Updating Geometry BVH Flowers 34/61 | Building BVH
02:55.099  render           | Fra: 1 | Mem: 189M | Updating Geometry BVH Flowers 34/61 | Building OptiX acceleration structure
02:55.099  render           | Fra: 1 | Mem: 189M | Updating Geometry BVH mesh1-geometry.003 35/61 | Building BVH
02:55.099  render           | Fra: 1 | Mem: 189M | Updating Geometry BVH mesh1-geometry.003 35/61 | Building OptiX acceleration structure
02:55.099  render           | Fra: 1 | Mem: 189M | Updating Geometry BVH modelShape.003 36/61 | Building BVH
02:55.099  render           | Fra: 1 | Mem: 189M | Updating Geometry BVH modelShape.003 36/61 | Building OptiX acceleration structure
02:55.099  render           | Fra: 1 | Mem: 191M | Updating Geometry BVH NurbsPath.005 59/61 | Building BVH
02:55.099  render           | Fra: 1 | Mem: 191M | Updating Geometry BVH NurbsPath.005 59/61 | Building OptiX acceleration structure
02:55.099  render           | Fra: 1 | Mem: 191M | Updating Geometry BVH medium.001 37/61 | Building BVH
02:55.099  render           | Fra: 1 | Mem: 191M | Updating Geometry BVH medium.001 37/61 | Building OptiX acceleration structure
02:55.100  render           | Fra: 1 | Mem: 190M | Updating Geometry BVH mesh1-geometry.001 38/61 | Building BVH
02:55.100  render           | Fra: 1 | Mem: 190M | Updating Geometry BVH mesh1-geometry.001 38/61 | Building OptiX acceleration structure
02:55.100  render           | Fra: 1 | Mem: 191M | Updating Geometry BVH modelShape.001 39/61 | Building BVH
02:55.100  render           | Fra: 1 | Mem: 191M | Updating Geometry BVH modelShape.001 39/61 | Building OptiX acceleration structure
02:55.101  render           | Fra: 1 | Mem: 191M | Updating Geometry BVH medium.002 40/61 | Building BVH
02:55.101  render           | Fra: 1 | Mem: 191M | Updating Geometry BVH medium.002 40/61 | Building OptiX acceleration structure
02:55.102  render           | Fra: 1 | Mem: 191M | Updating Geometry BVH mesh1-geometry.002 41/61 | Building BVH
02:55.102  render           | Fra: 1 | Mem: 191M | Updating Geometry BVH mesh1-geometry.002 41/61 | Building OptiX acceleration structure
02:55.102  render           | Fra: 1 | Mem: 191M | Updating Geometry BVH modelShape.002 42/61 | Building BVH
02:55.102  render           | Fra: 1 | Mem: 191M | Updating Geometry BVH modelShape.002 42/61 | Building OptiX acceleration structure
02:55.103  render           | Fra: 1 | Mem: 193M | Updating Geometry BVH medium.003 43/61 | Building BVH
02:55.103  render           | Fra: 1 | Mem: 193M | Updating Geometry BVH medium.003 43/61 | Building OptiX acceleration structure
02:55.103  render           | Fra: 1 | Mem: 192M | Updating Geometry BVH mesh1-geometry.004 44/61 | Building BVH
02:55.103  render           | Fra: 1 | Mem: 192M | Updating Geometry BVH mesh1-geometry.004 44/61 | Building OptiX acceleration structure
02:55.104  render           | Fra: 1 | Mem: 192M | Updating Geometry BVH modelShape.004 45/61 | Building BVH
02:55.104  render           | Fra: 1 | Mem: 192M | Updating Geometry BVH modelShape.004 45/61 | Building OptiX acceleration structure
02:55.105  render           | Fra: 1 | Mem: 193M | Updating Geometry BVH medium.004 46/61 | Building BVH
02:55.105  render           | Fra: 1 | Mem: 193M | Updating Geometry BVH medium.004 46/61 | Building OptiX acceleration structure
02:55.106  render           | Fra: 1 | Mem: 193M | Updating Geometry BVH mesh1-geometry.005 47/61 | Building BVH
02:55.106  render           | Fra: 1 | Mem: 193M | Updating Geometry BVH mesh1-geometry.005 47/61 | Building OptiX acceleration structure
02:55.106  render           | Fra: 1 | Mem: 193M | Updating Geometry BVH modelShape.005 48/61 | Building BVH
02:55.106  render           | Fra: 1 | Mem: 193M | Updating Geometry BVH modelShape.005 48/61 | Building OptiX acceleration structure
02:55.107  render           | Fra: 1 | Mem: 195M | Updating Geometry BVH medium.005 49/61 | Building BVH
02:55.107  render           | Fra: 1 | Mem: 195M | Updating Geometry BVH medium.005 49/61 | Building OptiX acceleration structure
02:55.107  render           | Fra: 1 | Mem: 194M | Updating Geometry BVH mesh1-geometry.006 50/61 | Building BVH
02:55.107  render           | Fra: 1 | Mem: 194M | Updating Geometry BVH mesh1-geometry.006 50/61 | Building OptiX acceleration structure
02:55.107  render           | Fra: 1 | Mem: 194M | Updating Geometry BVH modelShape.006 51/61 | Building BVH
02:55.107  render           | Fra: 1 | Mem: 194M | Updating Geometry BVH modelShape.006 51/61 | Building OptiX acceleration structure
02:55.108  render           | Fra: 1 | Mem: 194M | Updating Geometry BVH medium.006 52/61 | Building BVH
02:55.108  render           | Fra: 1 | Mem: 194M | Updating Geometry BVH medium.006 52/61 | Building OptiX acceleration structure
02:55.109  render           | Fra: 1 | Mem: 195M | Updating Geometry BVH mesh1-geometry.007 53/61 | Building BVH
02:55.109  render           | Fra: 1 | Mem: 195M | Updating Geometry BVH mesh1-geometry.007 53/61 | Building OptiX acceleration structure
02:55.109  render           | Fra: 1 | Mem: 195M | Updating Geometry BVH modelShape.007 54/61 | Building BVH
02:55.109  render           | Fra: 1 | Mem: 195M | Updating Geometry BVH modelShape.007 54/61 | Building OptiX acceleration structure
02:55.110  render           | Fra: 1 | Mem: 195M | Updating Geometry BVH medium.007 55/61 | Building BVH
02:55.110  render           | Fra: 1 | Mem: 195M | Updating Geometry BVH medium.007 55/61 | Building OptiX acceleration structure
02:55.110  render           | Fra: 1 | Mem: 196M | Updating Geometry BVH mesh1-geometry.008 56/61 | Building BVH
02:55.110  render           | Fra: 1 | Mem: 196M | Updating Geometry BVH mesh1-geometry.008 56/61 | Building OptiX acceleration structure
02:55.111  render           | Fra: 1 | Mem: 196M | Updating Geometry BVH modelShape.008 57/61 | Building BVH
02:55.111  render           | Fra: 1 | Mem: 196M | Updating Geometry BVH modelShape.008 57/61 | Building OptiX acceleration structure
02:55.112  render           | Fra: 1 | Mem: 196M | Updating Geometry BVH NurbsPath.007 58/61 | Building BVH
02:55.112  render           | Fra: 1 | Mem: 196M | Updating Geometry BVH NurbsPath.007 58/61 | Building OptiX acceleration structure
02:55.161  render           | Fra: 1 | Mem: 282M | Updating Scene BVH | Building
02:55.161  render           | Fra: 1 | Mem: 282M | Updating Scene BVH | Building OptiX acceleration structure
02:55.181  render           | Fra: 1 | Mem: 304M | Updating Scene BVH | Copying BVH to device
02:55.181  render           | Fra: 1 | Mem: 304M | Updating Mesh | Computing attributes
02:55.401  render           | Fra: 1 | Mem: 304M | Updating Mesh | Copying Attributes to device
02:55.442  render           | Fra: 1 | Mem: 628M | Updating Mesh | Computing normals
02:55.484  render           | Fra: 1 | Mem: 628M | Updating Mesh | Copying Mesh to device
02:55.491  render           | Fra: 1 | Mem: 690M | Updating Objects Flags
02:55.496  render           | Fra: 1 | Mem: 690M | Updating Primitive Offsets
02:55.498  render           | Fra: 1 | Mem: 691M | Updating Images
02:55.498  render           | Fra: 1 | Mem: 691M | Updating Images | Loading fir_sapling_medium_branches_disp_2k.png
02:55.498  render           | Fra: 1 | Mem: 691M | Updating Images | Loading fir_sapling_medium_twigs_rough_2k.png
02:55.498  render           | Fra: 1 | Mem: 691M | Updating Images | Loading kloofendal_overcast_puresky_4k.hdr
02:55.498  render           | Fra: 1 | Mem: 691M | Updating Images | Loading moss_01_nor_gl_2k.exr
02:55.498  render           | Fra: 1 | Mem: 691M | Updating Images | Loading fir_sapling_medium_branches_diff_2k.png
02:55.498  render           | Fra: 1 | Mem: 691M | Updating Images | Loading grass_medium_01_diff_2k.jpg
02:55.501  render           | Fra: 1 | Mem: 691M | Updating Images | Loading flower_heliophila_alpha_2k.png
02:55.502  render           | Fra: 1 | Mem: 691M | Updating Images | Loading flower_heliophila_rough_2k.exr
02:55.522  render           | Fra: 1 | Mem: 691M | Updating Images | Loading grass_medium_01_rough_2k.exr
02:55.549  render           | Fra: 1 | Mem: 691M | Updating Images | Loading flower_heliophila_diff_2k.jpg
02:55.549  render           | Fra: 1 | Mem: 691M | Updating Images | Loading flower_heliophila_translucency_2k.png
02:55.549  render           | Fra: 1 | Mem: 691M | Updating Images | Loading rock_moss_set_01_rough_2k.jpg
02:55.550  render           | Fra: 1 | Mem: 691M | Updating Images | Loading rock_moss_set_01_diff_2k.jpg
02:55.550  render           | Fra: 1 | Mem: 691M | Updating Images | Loading moss_01_diff_2k.jpg
02:55.550  render           | Fra: 1 | Mem: 691M | Updating Images | Loading fir_sapling_medium_twigs_diff_2k.png
02:55.550  render           | Fra: 1 | Mem: 691M | Updating Images | Loading moss_01_alpha_2k.png
02:55.552  render           | Fra: 1 | Mem: 691M | Updating Images | Loading moss_01_rough_2k.exr
02:55.552  render           | Fra: 1 | Mem: 691M | Updating Images | Loading fir_sapling_medium_twigs_alpha_2k.png
02:55.555  render           | Fra: 1 | Mem: 691M | Updating Images | Loading fir_sapling_medium_twigs_mask_2k.png
02:56.154  render           | Fra: 1 | Mem: 1299M | Updating Volume
02:56.156  render           | Fra: 1 | Mem: 1299M | Updating Camera Volume
02:56.156  render           | Fra: 1 | Mem: 1299M | Updating Lookup Tables
02:56.156  render           | Fra: 1 | Mem: 1299M | Updating Lights
02:56.162  render           | Fra: 1 | Mem: 1299M | Updating Lights | Importance map
02:56.494  render           | Fra: 1 | Mem: 1363M | Updating Lights | Computing tree
02:56.505  render           | Fra: 1 | Mem: 1364M | Updating Integrator
02:56.505  render           | Fra: 1 | Mem: 1364M | Updating Film
02:56.506  render           | Fra: 1 | Mem: 1364M | Updating Lookup Tables
02:56.506  render           | Fra: 1 | Mem: 1364M | Updating Baking
02:56.508  render           | Fra: 1 | Mem: 1364M | Updating Device | Writing constant memory
02:56.508  render           | Fra: 1 | Mem: 1364M | Loading denoising kernels (may take a few minutes the first time)
02:56.514  render           | Fra: 1 | Mem: 1842M | Rendered 0/4 Tiles, Sample 0/128
02:56.530  render           | Fra: 1 | Remaining: 00:03.99 | Mem: 2179M | Rendered 0/4 Tiles, Sample 1/128
02:57.400  render           | Fra: 1 | Remaining: 00:01.91 | Mem: 2179M | Rendered 0/4 Tiles, Sample 80/128
02:57.488  render           | Fra: 1 | Remaining: 00:01.59 | Mem: 2179M | Rendered 0/4 Tiles, Sample 96/128
02:57.561  render           | Fra: 1 | Remaining: 00:01.31 | Mem: 2179M | Rendered 0/4 Tiles, Sample 112/128
02:58.412  render           | Fra: 1 | Remaining: 00:01.85 | Mem: 2179M | Rendered 0/4 Tiles, Sample 128/128
02:58.412  render           | Fra: 1 | Remaining: 00:01.85 | Mem: 2179M | Rendered 1/4 Tiles, Sample 128/128
02:58.470  render           | Fra: 1 | Remaining: 00:01.88 | Mem: 2137M | Rendered 1/4 Tiles, Sample 1/128
03:00.717  render           | Fra: 1 | Remaining: 00:01.17 | Mem: 2137M | Rendered 1/4 Tiles, Sample 80/128
03:01.092  render           | Fra: 1 | Remaining: 00:00.88 | Mem: 2137M | Rendered 1/4 Tiles, Sample 96/128
03:01.447  render           | Fra: 1 | Remaining: 00:00.59 | Mem: 2137M | Rendered 1/4 Tiles, Sample 112/128
03:02.226  render           | Fra: 1 | Remaining: 00:00.31 | Mem: 2137M | Rendered 1/4 Tiles, Sample 128/128
03:02.226  render           | Fra: 1 | Remaining: 00:00.31 | Mem: 2137M | Rendered 2/4 Tiles, Sample 128/128
03:02.238  render           | Fra: 1 | Remaining: 00:00.31 | Mem: 1861M | Rendered 2/4 Tiles, Sample 1/128
03:02.261  render           | Fra: 1 | Remaining: 00:00.20 | Mem: 1861M | Rendered 2/4 Tiles, Sample 80/128
03:02.288  render           | Fra: 1 | Remaining: 00:00.20 | Mem: 1861M | Rendered 2/4 Tiles, Sample 0/128
03:02.288  render           | Fra: 1 | Remaining: 00:00.20 | Mem: 1861M | Rendered 3/4 Tiles, Sample 0/128
03:02.289  render           | Fra: 1 | Remaining: 00:00.20 | Mem: 1859M | Rendered 3/4 Tiles, Sample 1/128
03:02.309  render           | Fra: 1 | Remaining: 00:00.11 | Mem: 1859M | Rendered 3/4 Tiles, Sample 80/128
03:02.328  render           | Fra: 1 | Remaining: 00:00.11 | Mem: 1859M | Rendered 3/4 Tiles, Sample 0/128
03:02.329  render           | Fra: 1 | Remaining: 00:00.11 | Mem: 1859M | Finished
Render statistics:
Mesh statistics:
  Geometry:
    Total memory: 66.48M (69,712,588)
        Island                           41.01M (42,997,861)
        NurbsPath.007                    11.11M (11,645,883)
        NurbsPath.005                    6.82M (7,154,075)
        Grid                             2.12M (2,228,309)
        Plane.5143                       539.82K (552,772)
        Plane.2197                       292.15K (299,166)
        modelShape.002                   274.81K (281,401)
        modelShape.008                   274.81K (281,401)
        modelShape.003                   274.81K (281,401)
        modelShape.001                   274.81K (281,401)
        modelShape.004                   274.81K (281,401)
        modelShape.007                   274.81K (281,401)
        modelShape.006                   274.81K (281,401)
        modelShape.005                   274.81K (281,401)
        medium.007                       175.88K (180,098)
        medium.004                       175.88K (180,098)
        medium.006                       175.88K (180,098)
        medium.005                       175.88K (180,098)
        medium.001                       175.88K (180,098)
        medium.002                       175.88K (180,098)
        medium.003                       175.88K (180,098)
        mesh1-geometry.001               149.40K (152,983)
        mesh1-geometry.005               149.40K (152,983)
        mesh1-geometry.003               149.40K (152,983)
        mesh1-geometry.006               149.40K (152,983)
        mesh1-geometry.002               149.40K (152,983)
        mesh1-geometry.008               149.40K (152,983)
        mesh1-geometry.007               149.40K (152,983)
        mesh1-geometry.004               149.40K (152,983)
        Plane.048                        24.42K (25,007)
        Plane.039                        20.95K (21,454)
        Plane.037                        13.91K (14,246)
        Plane.047                        10.92K (11,186)
        Plane.045                        5.73K (5,865)
        Plane.042                        5.23K (5,355)
        Plane.043                        4.90K (5,015)
        Plane.055                        1.39K (1,428)
        Plane.058                        1.11K (1,139)
        Plane.059                        1.08K (1,105)
        Plane.054                        765B (765)
        Plane.057                        629B (629)
        Plane.056                        561B (561)
        Plane.035                        493B (493)
        Plane.040                        493B (493)
        Plane.003                        493B (493)
        Plane.009                        493B (493)
        Plane.006                        425B (425)
        Plane.005                        425B (425)
        Plane.008                        357B (357)
        Plane.004                        357B (357)
        Plane.007                        357B (357)
        Plane.032                        221B (221)
        Plane.011                        187B (187)
        Plane.010                        187B (187)
        TopGrassTall                     85B (85)
        Flowers                          85B (85)
        LipMoss                          85B (85)
        TopGrass                         85B (85)
        TopMoss                          85B (85)
        backgroundlight                  50B (50)
        Sun                              46B (46)
Image statistics:
  Full Images:
    kloofendal_overcast_puresky_4k.hdr 128.00M (134,217,728)
    fir_sapling_medium_branches_nor_gl_2k.png 32.00M (33,554,432)
    fir_sapling_medium_twigs_diff_2k.png 32.00M (33,554,432)
    fir_sapling_medium_branches_diff_2k.png 32.00M (33,554,432)
    fir_sapling_medium_twigs_alpha_2k.png 32.00M (33,554,432)
    fir_sapling_medium_twigs_nor_gl_2k.png 32.00M (33,554,432)
    moss_01_nor_gl_2k.exr            32.00M (33,554,432)
    rock_moss_set_01_nor_gl_2k.exr   32.00M (33,554,432)
    fir_sapling_medium_twigs_mask_2k.png 32.00M (33,554,432)
    flower_heliophila_03:02.397  render           | Fra: 1 | Remaining: 00:00.11 | Mem: 1353M | Reading full buffer from disk
nor_gl_2k.exr  32.00M (33,554,432)
    grass_medium_01_nor_gl_2k.exr    32.00M (33,554,432)
    lichen_rock_Diffuse_2k.jpg       16.00M (16,777,216)
    aerial_rocks_02_Diffuse_2k.jpg   16.00M (16,777,216)
    flower_heliophila_diff_2k.jpg    16.00M (16,777,216)
    cliff_side_Diffuse_2k.jpg        16.00M (16,777,216)
    lichen_rock_Rough_2k.jpg         16.00M (16,777,216)
    cliff_side_nor_gl_2k.jpg         16.00M (16,777,216)
    forest_ground_04_Diffuse_2k.jpg  16.00M (16,777,216)
    lichen_rock_nor_gl_2k.jpg        16.00M (16,777,216)
    moss_01_diff_2k.jpg              16.00M (16,777,216)
    rock_moss_set_01_diff_2k.jpg     16.00M (16,777,216)
    rock_moss_set_01_rough_2k.jpg    16.00M (16,777,216)
    grass_medium_01_diff_2k.jpg      16.00M (16,777,216)
    lichen_rock_Displacement_2k.jpg  16.00M (16,777,216)
    forest_ground_04_nor_gl_2k.jpg   16.00M (16,777,216)
    flower_heliophila_translucency_2k.png 8.00M (8,388,608)
    fir_sapling_medium_branches_disp_2k.png 8.00M (8,388,608)
    grass_medium_01_rough_2k.exr     8.00M (8,388,608)
    flower_heliophila_rough_2k.exr   8.00M (8,388,608)
    grass_medium_01_alpha_2k.png     8.00M (8,388,608)
    flower_heliophila_alpha_2k.png   8.00M (8,388,608)
    moss_01_alpha_2k.png             8.00M (8,388,608)
    moss_01_rough_2k.exr             8.00M (8,388,608)
    fir_sapling_medium_branches_rough_2k.png 8.00M (8,388,608)
    fir_sapling_medium_twigs_rough_2k.png 8.00M (8,388,608)
    cliff_side_Displacement_2k.jpg   4.00M (4,194,304)
  Full image memory: 756.00M (792,723,456)
  Overhead image memory: 3.94K (4,032)
  Total image memory: 756.00M (792,727,488)
Profiling information not available (only works with CPU rendering)
03:02.668  render           | Fra: 1 | Remaining: 00:00.12 | Mem: 1353M | ViewLayer | Denoising
03:31.377  render           | Fra: 1 | Remaining: 00:00.69 | Mem: 2334M | ViewLayer | Finishing
03:32.275  render           | Fra: 1 | Remaining: 00:00.70 | Mem: 1353M | Reading full buffer from disk
03:32.866  render           | Fra: 1 | Remaining: 00:00.72 | Mem: 1353M | haze | Denoising
03:55.509  render           | Fra: 1 | Remaining: 00:01.16 | Mem: 2018M | haze | Finishing
03:56.532  render           | Executing compositor
03:56.532  render           | Fra: 1 | Compositing
03:57.829  render           | Saved: '/home/akamel/hero3d/out/still-223/p1/wide-s0-f0.png'
03:57.840  render           | Time: 01:37.90 (Saving: 00:01.03)
still: wrote /home/akamel/hero3d/out/still-223/p1/wide-s0-f0.png 3840x2160

Blender quit
