00:01.268  cycles           | WARNING HIPEW initialization failed: Error opening HIP dynamic library
/home/akamel/hero3d/still223/still.py:284: DeprecationWarning: 'Material.use_nodes' is expected to be removed in Blender 6.0
  mat.use_nodes = True
/home/akamel/hero3d/still223/still.py:311: DeprecationWarning: 'Material.use_nodes' is expected to be removed in Blender 6.0
  mat.use_nodes = True
still: shots=['tall', 'wide'] outdir=/home/akamel/hero3d/out/still-223/p1c3 az=0.0 res=native
00:08.652  render           | Rendering frame 1
00:08.653  render           | Start rendering: Scene, ViewLayer
00:08.653  render           | Engine: Cycles
00:12.349  render           | Fra: 1 | Mem: 1M | Synchronizing object | ValleyMist
Blender 5.2.2 LTS (hash d13f752e3b9c built 2026-09-15 01:34:58)
00:16.747  render           | Fra: 1 | Mem: 1M | Synchronizing object | Island
00:16.755  render           | Fra: 1 | Mem: 1M | Synchronizing object | moss_01_d_LOD0
00:16.755  render           | Fra: 1 | Mem: 1M | Synchronizing object | moss_01_h_LOD0
00:16.755  render           | Fra: 1 | Mem: 1M | Synchronizing object | TopMoss
00:16.755  render           | Fra: 1 | Mem: 1M | Synchronizing object | moss_01_i_LOD0
00:16.755  render           | Fra: 1 | Mem: 1M | Synchronizing object | moss_01_e_LOD0
00:16.755  render           | Fra: 1 | Mem: 1M | Synchronizing object | moss_01_tall_a_LOD0
00:16.755  render           | Fra: 1 | Mem: 1M | Synchronizing object | moss_01_a_LOD0
00:16.755  render           | Fra: 1 | Mem: 1M | Synchronizing object | moss_01_f_LOD0
00:16.755  render           | Fra: 1 | Mem: 1M | Synchronizing object | moss_01_tall_b_LOD0
00:16.755  render           | Fra: 1 | Mem: 1M | Synchronizing object | moss_01_b_LOD0
00:16.755  render           | Fra: 1 | Mem: 1M | Synchronizing object | moss_01_g_LOD0
00:16.755  render           | Fra: 1 | Mem: 1M | Synchronizing object | moss_01_c_LOD0
00:16.755  render           | Fra: 1 | Mem: 1M | Synchronizing object | moss_01_j_LOD0
00:16.853  render           | Fra: 1 | Mem: 1M | Synchronizing object | grass_medium_01_tiny_e_LOD0
00:16.853  render           | Fra: 1 | Mem: 1M | Synchronizing object | grass_medium_01_tiny_f_LOD0
00:16.853  render           | Fra: 1 | Mem: 1M | Synchronizing object | grass_medium_01_small_a_LOD0
00:16.853  render           | Fra: 1 | Mem: 1M | Synchronizing object | grass_medium_01_mid_c_LOD0
00:16.853  render           | Fra: 1 | Mem: 1M | Synchronizing object | grass_medium_01_mid_b_LOD0
00:16.853  render           | Fra: 1 | Mem: 1M | Synchronizing object | grass_medium_01_tiny_d_LOD0
00:16.853  render           | Fra: 1 | Mem: 1M | Synchronizing object | grass_medium_01_tiny_a_LOD0
00:16.853  render           | Fra: 1 | Mem: 1M | Synchronizing object | grass_medium_01_small_b_LOD0
00:16.853  render           | Fra: 1 | Mem: 1M | Synchronizing object | grass_medium_01_tiny_c_LOD0
00:16.853  render           | Fra: 1 | Mem: 1M | Synchronizing object | grass_medium_01_tiny_b_LOD0
00:16.855  render           | Fra: 1 | Mem: 1M | Synchronizing object | TopGrass
00:16.857  render           | Fra: 1 | Mem: 1M | Synchronizing object | grass_medium_01_tall_a_LOD0
00:16.857  render           | Fra: 1 | Mem: 1M | Synchronizing object | grass_medium_01_tall_b_LOD0
00:16.857  render           | Fra: 1 | Mem: 1M | Synchronizing object | grass_medium_01_tall_c_LOD0
00:16.858  render           | Fra: 1 | Mem: 1M | Synchronizing object | TopGrassTall
00:16.870  render           | Fra: 1 | Mem: 1M | Synchronizing object | LipMoss
00:17.132  render           | Fra: 1 | Mem: 1M | Synchronizing object | flower_heliophila_medium_LOD0
00:17.132  render           | Fra: 1 | Mem: 1M | Synchronizing object | Flowers
00:17.133  render           | Fra: 1 | Mem: 1M | Synchronizing object | flower_heliophila_small_LOD0
00:17.135  render           | Fra: 1 | Mem: 1M | Synchronizing object | rock_moss_set_01_rock06.001
00:17.135  render           | Fra: 1 | Mem: 1M | Synchronizing object | rock_moss_set_01_rock06.003
00:17.135  render           | Fra: 1 | Mem: 1M | Synchronizing object | rock_moss_set_01_rock04.002
00:17.135  render           | Fra: 1 | Mem: 1M | Synchronizing object | rock_moss_set_01_rock04.003
00:17.135  render           | Fra: 1 | Mem: 1M | Synchronizing object | rock_moss_set_01_rock04.004
00:17.135  render           | Fra: 1 | Mem: 1M | Synchronizing object | rock_moss_set_01_rock05.006
00:17.135  render           | Fra: 1 | Mem: 1M | Synchronizing object | rock_moss_set_01_rock04.005
00:17.135  render           | Fra: 1 | Mem: 1M | Synchronizing object | rock_moss_set_01_rock04.006
00:17.135  render           | Fra: 1 | Mem: 1M | Synchronizing object | rock_moss_set_01_rock04.007
00:17.135  render           | Fra: 1 | Mem: 1M | Synchronizing object | rock_moss_set_01_rock05.009
00:17.135  render           | Fra: 1 | Mem: 1M | Synchronizing object | fir_sapling_medium_a_LOD0.001
00:17.135  render           | Fra: 1 | Mem: 1M | Synchronizing object | fir_sapling_medium_b_LOD0.001
00:17.135  render           | Fra: 1 | Mem: 1M | Synchronizing object | Sun
00:17.135  render           | Fra: 1 | Mem: 1M | Synchronizing object | Terrain
00:17.171  render           | Fra: 1 | Mem: 1M | Initializing
00:17.266  render           | Fra: 1 | Mem: 1M | Waiting for render to start
00:17.266  render           | Fra: 1 | Mem: 1M | Updating Scene
00:17.266  render           | Fra: 1 | Mem: 1M | Updating Shaders
00:17.270  render           | Fra: 1 | Mem: 1M | Loading render kernels (may take a few minutes the first time)
00:17.330  render           | Fra: 1 | Mem: 1M | Updating Procedurals
Update statistics:
Scene:
    Total time: 0.060776s
        device_update                            0.060776s
Geometry:
    Total time: 0.000000s
Light:
    Total time: 0.000000s
Object:
    Total time: 0.000000s
Image:
    Total time: 0.000000s
Background:
    Total time: 0.000000s
Bake:
    Total time: 0.000000s
Camera:
    Total time: 0.000000s
Film:
    Total time: 0.000000s
Integrator:
    Total time: 0.000000s
OSL:
    Total time: 0.000000s
Particles:
    Total time: 0.000000s
SVM:
    Total time: 0.000000s
Tables:
    Total time: 0.000000s
Procedurals:
    Total time: 0.000000s

00:17.330  render           | Fra: 1 | Mem: 1M | Updating Background
00:17.330  render           | Fra: 1 | Mem: 1M | Updating Scene Attribute
00:17.330  render           | Fra: 1 | Mem: 1M | Updating Camera
00:17.330  render           | Fra: 1 | Mem: 1M | Updating Meshes Flags
00:17.330  render           | Fra: 1 | Mem: 1M | Updating Objects
00:17.331  render           | Fra: 1 | Mem: 1M | Updating Objects | Copying Transformations to device
00:17.337  render           | Fra: 1 | Mem: 37M | Updating Particle Systems
00:17.337  render           | Fra: 1 | Mem: 37M | Updating Particle Systems | Copying Particles to device
00:17.337  render           | Fra: 1 | Mem: 37M | Updating Meshes
00:17.508  render           | Fra: 1 | Mem: 37M | Updating Displacement Images
00:17.508  render           | Fra: 1 | Mem: 37M | Updating Images | Loading lichen_rock_Diffuse_2k.jpg
00:17.508  render           | Fra: 1 | Mem: 37M | Updating Images | Loading cliff_side_Diffuse_2k.jpg
00:17.508  render           | Fra: 1 | Mem: 37M | Updating Images | Loading cliff_side_nor_gl_2k.jpg
00:17.508  render           | Fra: 1 | Mem: 37M | Updating Images | Loading cliff_side_Displacement_2k.jpg
00:17.509  render           | Fra: 1 | Mem: 37M | Updating Images | Loading forest_ground_04_nor_gl_2k.jpg
00:17.509  render           | Fra: 1 | Mem: 37M | Updating Images | Loading forest_ground_04_Diffuse_2k.jpg
00:17.509  render           | Fra: 1 | Mem: 37M | Updating Images | Loading aerial_rocks_02_Diffuse_2k.jpg
00:17.596  render           | Fra: 1 | Mem: 185M | Updating Mesh | Computing normals
00:17.617  render           | Fra: 1 | Mem: 185M | Updating Mesh | Copying Mesh to device
00:17.625  render           | Fra: 1 | Mem: 248M | Updating Objects | Applying Static Transformations
00:17.637  render           | Fra: 1 | Mem: 248M | Updating Mesh | Computing attributes
00:17.729  render           | Fra: 1 | Mem: 248M | Updating Mesh | Copying Attributes to device
00:17.756  render           | Fra: 1 | Mem: 423M | Updating Mesh | Computing Displacement Island
00:18.178  render           | Fra: 1 | Mem: 423M | Updating Mesh | Computing Displacement mesh1-geometry.001
00:18.183  render           | Fra: 1 | Mem: 423M | Updating Mesh | Computing Displacement modelShape.001
00:18.188  render           | Fra: 1 | Mem: 423M | Updating Mesh | Computing Displacement medium.002
00:18.193  render           | Fra: 1 | Mem: 423M | Updating Mesh | Computing Displacement mesh1-geometry.002
00:18.197  render           | Fra: 1 | Mem: 423M | Updating Mesh | Computing Displacement modelShape.002
00:18.202  render           | Fra: 1 | Mem: 423M | Updating Mesh | Computing Displacement medium.003
00:18.206  render           | Fra: 1 | Mem: 423M | Updating Mesh | Computing Displacement mesh1-geometry.004
00:18.210  render           | Fra: 1 | Mem: 423M | Updating Mesh | Computing Displacement modelShape.004
00:18.214  render           | Fra: 1 | Mem: 423M | Updating Mesh | Computing Displacement medium.004
00:18.218  render           | Fra: 1 | Mem: 423M | Updating Mesh | Computing Displacement mesh1-geometry.005
00:18.223  render           | Fra: 1 | Mem: 423M | Updating Mesh | Computing Displacement modelShape.005
00:18.227  render           | Fra: 1 | Mem: 423M | Updating Mesh | Computing Displacement medium.005
00:18.231  render           | Fra: 1 | Mem: 423M | Updating Mesh | Computing Displacement mesh1-geometry.006
00:18.235  render           | Fra: 1 | Mem: 423M | Updating Mesh | Computing Displacement modelShape.006
00:18.239  render           | Fra: 1 | Mem: 423M | Updating Mesh | Computing Displacement medium.006
00:18.244  render           | Fra: 1 | Mem: 423M | Updating Mesh | Computing Displacement mesh1-geometry.007
00:18.250  render           | Fra: 1 | Mem: 423M | Updating Mesh | Computing Displacement modelShape.007
00:18.256  render           | Fra: 1 | Mem: 423M | Updating Mesh | Computing Displacement medium.007
00:18.260  render           | Fra: 1 | Mem: 423M | Updating Mesh | Computing Displacement mesh1-geometry.008
00:18.265  render           | Fra: 1 | Mem: 423M | Updating Mesh | Computing Displacement modelShape.008
00:18.277  render           | Fra: 1 | Mem: 185M | Updating Geometry BVH backgroundlight 63/62 | Building BVH
00:18.277  render           | Fra: 1 | Mem: 185M | Updating Geometry BVH Cube 2/50 | Building BVH
00:18.277  render           | Fra: 1 | Mem: 185M | Updating Geometry BVH Cube 2/50 | Building OptiX acceleration structure
00:18.277  render           | Fra: 1 | Mem: 185M | Updating Geometry BVH Grid 62/62 | Building BVH
00:18.277  render           | Fra: 1 | Mem: 185M | Updating Geometry BVH Grid 62/62 | Building OptiX acceleration structure
00:18.277  render           | Fra: 1 | Mem: 185M | Updating Geometry BVH TopMoss 4/62 | Building BVH
00:18.277  render           | Fra: 1 | Mem: 185M | Updating Geometry BVH Plane.004 5/62 | Building OptiX acceleration structure
00:18.277  render           | Fra: 1 | Mem: 185M | Updating Geometry BVH Plane.010 6/62 | Building BVH
00:18.277  render           | Fra: 1 | Mem: 185M | Updating Geometry BVH Plane.010 6/62 | Building OptiX acceleration structure
00:18.277  render           | Fra: 1 | Mem: 185M | Updating Geometry BVH Plane.011 7/62 | Building BVH
00:18.277  render           | Fra: 1 | Mem: 185M | Updating Geometry BVH Plane.011 7/62 | Building OptiX acceleration structure
00:18.277  render           | Fra: 1 | Mem: 185M | Updating Geometry BVH Plane.009 10/62 | Building BVH
00:18.277  render           | Fra: 1 | Mem: 185M | Updating Geometry BVH Plane.008 14/62 | Building BVH
00:18.277  render           | Fra: 1 | Mem: 185M | Updating Geometry BVH Plane.003 15/62 | Building BVH
00:18.277  render           | Fra: 1 | Mem: 185M | Updating Geometry BVH Plane.003 15/62 | Building OptiX acceleration structure
00:18.277  render           | Fra: 1 | Mem: 185M | Updating Geometry BVH Plane.032 16/62 | Building BVH
00:18.277  render           | Fra: 1 | Mem: 185M | Updating Geometry BVH Plane.058 18/62 | Building OptiX acceleration structure
00:18.277  render           | Fra: 1 | Mem: 185M | Updating Geometry BVH Plane.059 19/62 | Building BVH
00:18.277  render           | Fra: 1 | Mem: 185M | Updating Geometry BVH Plane.039 22/62 | Building BVH
00:18.277  render           | Fra: 1 | Mem: 185M | Updating Geometry BVH Plane.047 25/62 | Building OptiX acceleration structure
00:18.277  render           | Fra: 1 | Mem: 185M | Updating Geometry BVH Plane.056 27/62 | Building BVH
00:18.277  render           | Fra: 1 | Mem: 185M | Updating Geometry BVH TopGrassTall 28/62 | Building OptiX acceleration structure
00:18.277  render           | Fra: 1 | Mem: 185M | Updating Geometry BVH Plane.043 29/62 | Building BVH
00:18.277  render           | Fra: 1 | Mem: 185M | Updating Geometry BVH Plane.043 29/62 | Building OptiX acceleration structure
00:18.277  render           | Fra: 1 | Mem: 185M | Updating Geometry BVH Plane.042 30/62 | Building BVH
00:18.277  render           | Fra: 1 | Mem: 185M | Updating Geometry BVH Plane.042 30/62 | Building OptiX acceleration structure
00:18.278  render           | Fra: 1 | Mem: 185M | Updating Geometry BVH Plane.045 31/62 | Building BVH
00:18.278  render           | Fra: 1 | Mem: 185M | Updating Geometry BVH Plane.045 31/62 | Building OptiX acceleration structure
00:18.279  render           | Fra: 1 | Mem: 187M | Updating Geometry BVH Island 3/62 | Building BVH
00:18.279  render           | Fra: 1 | Mem: 187M | Updating Geometry BVH Island 3/62 | Building OptiX acceleration structure
00:18.291  render           | Fra: 1 | Mem: 188M | Updating Geometry BVH LipMoss 32/62 | Building BVH
00:18.291  render           | Fra: 1 | Mem: 188M | Updating Geometry BVH LipMoss 32/62 | Building OptiX acceleration structure
00:18.291  render           | Fra: 1 | Mem: 188M | Updating Geometry BVH Flowers 33/62 | Building BVH
00:18.291  render           | Fra: 1 | Mem: 188M | Updating Geometry BVH Flowers 33/62 | Building OptiX acceleration structure
00:18.291  render           | Fra: 1 | Mem: 188M | Updating Geometry BVH Plane.5143 34/62 | Building BVH
00:18.291  render           | Fra: 1 | Mem: 188M | Updating Geometry BVH Plane.5143 34/62 | Building OptiX acceleration structure
00:18.294  render           | Fra: 1 | Mem: 201M | Updating Geometry BVH Plane.2197 35/62 | Building BVH
00:18.294  render           | Fra: 1 | Mem: 201M | Updating Geometry BVH Plane.2197 35/62 | Building OptiX acceleration structure
00:18.296  render           | Fra: 1 | Mem: 189M | Updating Geometry BVH Sun 61/62 | Building BVH
00:18.296  render           | Fra: 1 | Mem: 189M | Updating Geometry BVH Sun 61/62 | Building OptiX acceleration structure
00:18.297  render           | Fra: 1 | Mem: 189M | Updating Geometry BVH NurbsPath.005 60/62 | Building BVH
00:18.297  render           | Fra: 1 | Mem: 189M | Updating Geometry BVH NurbsPath.005 60/62 | Building OptiX acceleration structure
00:18.298  render           | Fra: 1 | Mem: 189M | Updating Geometry BVH mesh1-geometry.003 36/62 | Building BVH
00:18.298  render           | Fra: 1 | Mem: 189M | Updating Geometry BVH mesh1-geometry.003 36/62 | Building OptiX acceleration structure
00:18.304  render           | Fra: 1 | Mem: 243M | Updating Geometry BVH modelShape.003 37/62 | Building BVH
00:18.304  render           | Fra: 1 | Mem: 243M | Updating Geometry BVH modelShape.003 37/62 | Building OptiX acceleration structure
00:18.305  render           | Fra: 1 | Mem: 243M | Updating Geometry BVH medium.001 38/62 | Building BVH
00:18.305  render           | Fra: 1 | Mem: 243M | Updating Geometry BVH medium.001 38/62 | Building OptiX acceleration structure
00:18.307  render           | Fra: 1 | Mem: 243M | Updating Geometry BVH mesh1-geometry.001 39/62 | Building BVH
00:18.307  render           | Fra: 1 | Mem: 243M | Updating Geometry BVH mesh1-geometry.001 39/62 | Building OptiX acceleration structure
00:18.308  render           | Fra: 1 | Mem: 244M | Updating Geometry BVH modelShape.001 40/62 | Building BVH
00:18.308  render           | Fra: 1 | Mem: 244M | Updating Geometry BVH modelShape.001 40/62 | Building OptiX acceleration structure
00:18.310  render           | Fra: 1 | Mem: 244M | Updating Geometry BVH medium.002 41/62 | Building BVH
00:18.310  render           | Fra: 1 | Mem: 244M | Updating Geometry BVH medium.002 41/62 | Building OptiX acceleration structure
00:18.312  render           | Fra: 1 | Mem: 244M | Updating Geometry BVH mesh1-geometry.002 42/62 | Building BVH
00:18.312  render           | Fra: 1 | Mem: 244M | Updating Geometry BVH mesh1-geometry.002 42/62 | Building OptiX acceleration structure
00:18.313  render           | Fra: 1 | Mem: 244M | Updating Geometry BVH modelShape.002 43/62 | Building BVH
00:18.313  render           | Fra: 1 | Mem: 244M | Updating Geometry BVH modelShape.002 43/62 | Building OptiX acceleration structure
00:18.315  render           | Fra: 1 | Mem: 245M | Updating Geometry BVH medium.003 44/62 | Building BVH
00:18.315  render           | Fra: 1 | Mem: 245M | Updating Geometry BVH medium.003 44/62 | Building OptiX acceleration structure
00:18.316  render           | Fra: 1 | Mem: 245M | Updating Geometry BVH mesh1-geometry.004 45/62 | Building BVH
00:18.316  render           | Fra: 1 | Mem: 245M | Updating Geometry BVH mesh1-geometry.004 45/62 | Building OptiX acceleration structure
00:18.318  render           | Fra: 1 | Mem: 245M | Updating Geometry BVH modelShape.004 46/62 | Building BVH
00:18.318  render           | Fra: 1 | Mem: 245M | Updating Geometry BVH modelShape.004 46/62 | Building OptiX acceleration structure
00:18.320  render           | Fra: 1 | Mem: 245M | Updating Geometry BVH medium.004 47/62 | Building BVH
00:18.320  render           | Fra: 1 | Mem: 245M | Updating Geometry BVH medium.004 47/62 | Building OptiX acceleration structure
00:18.321  render           | Fra: 1 | Mem: 245M | Updating Geometry BVH mesh1-geometry.005 48/62 | Building BVH
00:18.321  render           | Fra: 1 | Mem: 245M | Updating Geometry BVH mesh1-geometry.005 48/62 | Building OptiX acceleration structure
00:18.323  render           | Fra: 1 | Mem: 246M | Updating Geometry BVH modelShape.005 49/62 | Building BVH
00:18.323  render           | Fra: 1 | Mem: 246M | Updating Geometry BVH modelShape.005 49/62 | Building OptiX acceleration structure
00:18.324  render           | Fra: 1 | Mem: 246M | Updating Geometry BVH medium.005 50/62 | Building BVH
00:18.324  render           | Fra: 1 | Mem: 246M | Updating Geometry BVH medium.005 50/62 | Building OptiX acceleration structure
00:18.326  render           | Fra: 1 | Mem: 246M | Updating Geometry BVH mesh1-geometry.006 51/62 | Building BVH
00:18.326  render           | Fra: 1 | Mem: 246M | Updating Geometry BVH mesh1-geometry.006 51/62 | Building OptiX acceleration structure
00:18.327  render           | Fra: 1 | Mem: 246M | Updating Geometry BVH modelShape.006 52/62 | Building BVH
00:18.327  render           | Fra: 1 | Mem: 246M | Updating Geometry BVH modelShape.006 52/62 | Building OptiX acceleration structure
00:18.329  render           | Fra: 1 | Mem: 246M | Updating Geometry BVH medium.006 53/62 | Building BVH
00:18.329  render           | Fra: 1 | Mem: 246M | Updating Geometry BVH medium.006 53/62 | Building OptiX acceleration structure
00:18.331  render           | Fra: 1 | Mem: 247M | Updating Geometry BVH mesh1-geometry.007 54/62 | Building BVH
00:18.331  render           | Fra: 1 | Mem: 247M | Updating Geometry BVH mesh1-geometry.007 54/62 | Building OptiX acceleration structure
00:18.332  render           | Fra: 1 | Mem: 247M | Updating Geometry BVH modelShape.007 55/62 | Building BVH
00:18.332  render           | Fra: 1 | Mem: 247M | Updating Geometry BVH modelShape.007 55/62 | Building OptiX acceleration structure
00:18.334  render           | Fra: 1 | Mem: 248M | Updating Geometry BVH medium.007 56/62 | Building BVH
00:18.334  render           | Fra: 1 | Mem: 248M | Updating Geometry BVH medium.007 56/62 | Building OptiX acceleration structure
00:18.336  render           | Fra: 1 | Mem: 247M | Updating Geometry BVH mesh1-geometry.008 57/62 | Building BVH
00:18.336  render           | Fra: 1 | Mem: 247M | Updating Geometry BVH mesh1-geometry.008 57/62 | Building OptiX acceleration structure
00:18.337  render           | Fra: 1 | Mem: 248M | Updating Geometry BVH modelShape.008 58/62 | Building BVH
00:18.337  render           | Fra: 1 | Mem: 248M | Updating Geometry BVH modelShape.008 58/62 | Building OptiX acceleration structure
00:18.339  render           | Fra: 1 | Mem: 250M | Updating Geometry BVH NurbsPath.007 59/62 | Building BVH
00:18.339  render           | Fra: 1 | Mem: 250M | Updating Geometry BVH NurbsPath.007 59/62 | Building OptiX acceleration structure
00:18.409  render           | Fra: 1 | Mem: 282M | Updating Scene BVH | Building
00:18.409  render           | Fra: 1 | Mem: 282M | Updating Scene BVH | Building OptiX acceleration structure
00:18.421  render           | Fra: 1 | Mem: 304M | Updating Scene BVH | Copying BVH to device
00:18.421  render           | Fra: 1 | Mem: 304M | Updating Mesh | Computing attributes
00:18.512  render           | Fra: 1 | Mem: 304M | Updating Mesh | Copying Attributes to device
00:18.541  render           | Fra: 1 | Mem: 628M | Updating Mesh | Computing normals
00:18.555  render           | Fra: 1 | Mem: 628M | Updating Mesh | Copying Mesh to device
00:18.561  render           | Fra: 1 | Mem: 690M | Updating Objects Flags
00:18.564  render           | Fra: 1 | Mem: 690M | Updating Primitive Offsets
00:18.566  render           | Fra: 1 | Mem: 691M | Updating Images
00:18.566  render           | Fra: 1 | Mem: 691M | Updating Images | Loading flower_heliophila_translucency_2k.png
00:18.566  render           | Fra: 1 | Mem: 691M | Updating Images | Loading fir_sapling_medium_branches_disp_2k.png
00:18.566  render           | Fra: 1 | Mem: 691M | Updating Images | Loading moss_01_nor_gl_2k.exr
00:18.566  render           | Fra: 1 | Mem: 691M | Updating Images | Loading grass_medium_01_nor_gl_2k.exr
00:18.566  render           | Fra: 1 | Mem: 691M | Updating Images | Loading flower_heliophila_nor_gl_2k.exr
00:18.566  render           | Fra: 1 | Mem: 691M | Updating Images | Loading rock_moss_set_01_nor_gl_2k.exr
00:18.566  render           | Fra: 1 | Mem: 691M | Updating Images | Loading fir_sapling_medium_twigs_nor_gl_2k.png
00:18.566  render           | Fra: 1 | Mem: 691M | Updating Images | Loading rock_moss_set_01_rough_2k.jpg
00:18.566  render           | Fra: 1 | Mem: 691M | Updating Images | Loading fir_sapling_medium_twigs_diff_2k.png
00:18.566  render           | Fra: 1 | Mem: 691M | Updating Images | Loading fir_sapling_medium_branches_diff_2k.png
00:18.566  render           | Fra: 1 | Mem: 691M | Updating Images | Loading moss_01_alpha_2k.png
00:18.566  render           | Fra: 1 | Mem: 691M | Updating Images | Loading grass_medium_01_alpha_2k.png
00:18.566  render           | Fra: 1 | Mem: 691M | Updating Images | Loading rock_moss_set_01_diff_2k.jpg
00:18.566  render           | Fra: 1 | Mem: 691M | Updating Images | Loading flower_heliophila_diff_2k.jpg
00:18.566  render           | Fra: 1 | Mem: 691M | Updating Images | Loading moss_01_rough_2k.exr
00:18.566  render           | Fra: 1 | Mem: 691M | Updating Images | Loading fir_sapling_medium_twigs_rough_2k.png
00:18.839  render           | Fra: 1 | Mem: 1299M | Updating Volume
00:18.839  render           | Fra: 1 | Mem: 1299M | Updating Volume | Creating SDF grid for ValleyMist
00:18.866  render           | Fra: 1 | Mem: 1299M | Updating Volume | Evaluating density for ValleyMist
00:18.900  render           | Fra: 1 | Mem: 1299M | Updating Volume | Building octree for ValleyMist
00:18.901  render           | Fra: 1 | Mem: 1299M | Updating Camera Volume
00:18.901  render           | Fra: 1 | Mem: 1299M | Updating Lookup Tables
00:18.901  render           | Fra: 1 | Mem: 1299M | Updating Lights
00:18.906  render           | Fra: 1 | Mem: 1299M | Updating Lights | Importance map
00:19.071  render           | Fra: 1 | Mem: 1363M | Updating Lights | Computing tree
00:19.077  render           | Fra: 1 | Mem: 1365M | Updating Integrator
00:19.077  render           | Fra: 1 | Mem: 1365M | Updating Film
00:19.078  render           | Fra: 1 | Mem: 1364M | Updating Lookup Tables
00:19.078  render           | Fra: 1 | Mem: 1365M | Updating Baking
00:19.079  render           | Fra: 1 | Mem: 1365M | Updating Device | Writing constant memory
00:19.079  render           | Fra: 1 | Mem: 1365M | Loading denoising kernels (may take a few minutes the first time)
00:19.083  render           | Fra: 1 | Mem: 1968M | Sample 0/128
00:19.127  render           | Fra: 1 | Remaining: 00:05.65 | Mem: 1999M | Sample 1/128
00:19.168  render           | Fra: 1 | Remaining: 00:05.34 | Mem: 1999M | Sample 2/128
00:19.216  render           | Fra: 1 | Remaining: 00:04.12 | Mem: 1999M | Sample 4/128
00:19.267  render           | Fra: 1 | Remaining: 00:02.76 | Mem: 1999M | Sample 8/128
00:19.330  render           | Fra: 1 | Remaining: 00:01.73 | Mem: 1999M | Sample 16/128
00:19.431  render           | Fra: 1 | Remaining: 00:01.04 | Mem: 1999M | Sample 32/128
00:19.571  render           | Fra: 1 | Remaining: 00:00.48 | Mem: 1999M | Sample 64/128
00:19.621  render           | Fra: 1 | Remaining: 00:00.32 | Mem: 1999M | Sample 80/128
00:19.664  render           | Fra: 1 | Remaining: 00:00.19 | Mem: 1999M | Sample 96/128
00:19.705  render           | Fra: 1 | Remaining: 00:00.08 | Mem: 1999M | Sample 112/128
00:20.284  render           | Fra: 1 | Mem: 1999M | Sample 128/128
00:20.284  render           | Fra: 1 | Mem: 1999M | Finished
Render statistics:
Mesh statistics:
  Geometry:
    Total memory: 66.48M (69,712,877)
        Island                           41.01M (42,997,861)
        NurbsPath.007                    11.11M (11,645,883)
        NurbsPath.005                    6.82M (7,154,075)
        Grid                             2.12M (2,228,309)
        Plane.5143                       539.82K (552,772)
        Plane.2197                       292.15K (299,166)
        modelShape.008                   274.81K (281,401)
        modelShape.003                   274.81K (281,401)
        modelShape.001                   274.81K (281,401)
        modelShape.002                   274.81K (281,401)
        modelShape.004                   274.81K (281,401)
        modelShape.005                   274.81K (281,401)
        modelShape.007                   274.81K (281,401)
        modelShape.006                   274.81K (281,401)
        medium.004                       175.88K (180,098)
        medium.007                       175.88K (180,098)
        medium.006                       175.88K (180,098)
        medium.001                       175.88K (180,098)
        medium.002                       175.88K (180,098)
        medium.003                       175.88K (180,098)
        medium.005                       175.88K (180,098)
        mesh1-geometry.002               149.40K (152,983)
        mesh1-geometry.006               149.40K (152,983)
        mesh1-geometry.001               149.40K (152,983)
        mesh1-geometry.003               149.40K (152,983)
        mesh1-geometry.007               149.40K (152,983)
        mesh1-geometry.004               149.40K (152,983)
        mesh1-geometry.005               149.40K (152,983)
        mesh1-geometry.008               149.40K (152,983)
        Plane.048                        24.42K (25,007)
        Plane.039                        20.95K (21,454)
        Plane.037                        13.91K (14,246)
        Plane.047                        10.92K (11,186)
        Plane.045                        5.73K (5,865)
        Plane.042                        5.23K (5,355)
        Plane.043                        4.90K (5,015)
        Plane.055                        1.39K (1,428)
        Plane.058                        1.11K (1,139)
        Plane.059                        1.08K (1,105)
        Plane.054                        765B (765)
        Plane.057                        629B (629)
        Plane.056                        561B (561)
        Plane.040                        493B (493)
        Plane.035                        493B (493)
        Plane.009                        493B (493)
        Plane.003                        493B (493)
        Plane.006                        425B (425)
        Plane.005                        425B (425)
        Plane.008                        357B (357)
        Plane.007                        357B (357)
        Plane.004                        357B (357)
        Cube                             289B (289)
        Plane.032                        221B (221)
        Plane.011                        187B (187)
        Plane.010                        187B (187)
        Flowers                          85B (85)
        LipMoss                          85B (85)
        TopGrassTall                     85B (85)
        TopGrass                         85B (85)
        TopMoss                          85B (85)
        backgroundlight                  50B (50)
        Sun                              46B (46)
Image statistics:
  Full Images:
    kloofendal_overcast_puresky_4k.hdr 128.00M (134,217,728)
    fir_sapling_medium_twigs_nor_gl_2k.png 32.00M (33,554,432)
    fir_sapling_medium_twigs_diff_2k.png 32.00M (33,554,432)
    fir_sapling_medium_branches_diff_2k.png 32.00M (33,554,432)
    fir_sapling_medium_twigs_alpha_2k.png 32.00M (33,554,432)
    fir_sapling_medium_branches_nor_gl_2k.png 32.00M (33,554,432)
    rock_moss_set_01_nor_gl_2k.exr   32.00M (33,554,432)
    flower_heliophila_nor_gl_2k.exr  32.00M (33,554,432)
    grass_medium_01_nor_gl_2k.e00:20.284  render           | Start rendering: Scene, haze
00:20.284  render           | Engine: Cycles
00:24.203  render           | Fra: 1 | Mem: 1M | Synchronizing object | grass_medium_01_tiny_f_LOD0
xr    32.00M (33,554,432)
    fir_sapling_medium_twigs_mask_2k.png 32.00M (33,554,432)
    moss_01_nor_gl_2k.exr            32.00M (33,554,432)
    forest_ground_04_nor_gl_2k.jpg   16.00M (16,777,216)
    lichen_rock_Diffuse_2k.jpg       16.00M (16,777,216)
    rock_moss_set_01_diff_2k.jpg     16.00M (16,777,216)
    cliff_side_Diffuse_2k.jpg        16.00M (16,777,216)
    aerial_rocks_02_Diffuse_2k.jpg   16.00M (16,777,216)
    lichen_rock_Rough_2k.jpg         16.00M (16,777,216)
    flower_heliophila_diff_2k.jpg    16.00M (16,777,216)
    moss_01_diff_2k.jpg              16.00M (16,777,216)
    lichen_rock_Displacement_2k.jpg  16.00M (16,777,216)
    lichen_rock_nor_gl_2k.jpg        16.00M (16,777,216)
    forest_ground_04_Diffuse_2k.jpg  16.00M (16,777,216)
    cliff_side_nor_gl_2k.jpg         16.00M (16,777,216)
    rock_moss_set_01_rough_2k.jpg    16.00M (16,777,216)
    grass_medium_01_diff_2k.jpg      16.00M (16,777,216)
    moss_01_alpha_2k.png             8.00M (8,388,608)
    fir_sapling_medium_branches_rough_2k.png 8.00M (8,388,608)
    flower_heliophila_alpha_2k.png   8.00M (8,388,608)
    grass_medium_01_alpha_2k.png     8.00M (8,388,608)
    flower_heliophila_rough_2k.exr   8.00M (8,388,608)
    fir_sapling_medium_branches_disp_2k.png 8.00M (8,388,608)
    moss_01_rough_2k.exr             8.00M (8,388,608)
    grass_medium_01_rough_2k.exr     8.00M (8,388,608)
    fir_sapling_medium_twigs_rough_2k.png 8.00M (8,388,608)
    flower_heliophila_translucency_2k.png 8.00M (8,388,608)
    cliff_side_Displacement_2k.jpg   4.00M (4,194,304)
  Full image memory: 756.00M (792,723,456)
  Overhead image memory: 3.94K (4,032)
  Total image memory: 756.00M (792,727,488)
Profiling information not available (only works with CPU rendering)
00:24.204  render           | Fra: 1 | Mem: 1M | Synchronizing object | grass_medium_01_tiny_e_LOD0
00:24.204  render           | Fra: 1 | Mem: 1M | Synchronizing object | grass_medium_01_tiny_d_LOD0
00:24.204  render           | Fra: 1 | Mem: 1M | Synchronizing object | grass_medium_01_tiny_c_LOD0
00:24.204  render           | Fra: 1 | Mem: 1M | Synchronizing object | grass_medium_01_tiny_b_LOD0
00:24.204  render           | Fra: 1 | Mem: 1M | Synchronizing object | grass_medium_01_tiny_a_LOD0
00:24.204  render           | Fra: 1 | Mem: 1M | Synchronizing object | grass_medium_01_small_b_LOD0
00:24.204  render           | Fra: 1 | Mem: 1M | Synchronizing object | grass_medium_01_small_a_LOD0
00:24.204  render           | Fra: 1 | Mem: 1M | Synchronizing object | grass_medium_01_mid_c_LOD0
00:24.204  render           | Fra: 1 | Mem: 1M | Synchronizing object | grass_medium_01_mid_b_LOD0
00:24.204  render           | Fra: 1 | Mem: 1M | Synchronizing object | grass_medium_01_tall_c_LOD0
00:24.204  render           | Fra: 1 | Mem: 1M | Synchronizing object | grass_medium_01_tall_b_LOD0
00:24.204  render           | Fra: 1 | Mem: 1M | Synchronizing object | grass_medium_01_tall_a_LOD0
00:24.204  render           | Fra: 1 | Mem: 1M | Synchronizing object | moss_01_tall_b_LOD0
00:24.204  render           | Fra: 1 | Mem: 1M | Synchronizing object | moss_01_tall_a_LOD0
00:24.204  render           | Fra: 1 | Mem: 1M | Synchronizing object | moss_01_j_LOD0
00:24.204  render           | Fra: 1 | Mem: 1M | Synchronizing object | moss_01_i_LOD0
00:24.204  render           | Fra: 1 | Mem: 1M | Synchronizing object | moss_01_h_LOD0
00:24.204  render           | Fra: 1 | Mem: 1M | Synchronizing object | moss_01_g_LOD0
00:24.204  render           | Fra: 1 | Mem: 1M | Synchronizing object | moss_01_f_LOD0
00:24.210  render           | Fra: 1 | Mem: 1M | Synchronizing object | moss_01_e_LOD0
00:24.211  render           | Fra: 1 | Mem: 1M | Synchronizing object | moss_01_d_LOD0
00:24.211  render           | Fra: 1 | Mem: 1M | Synchronizing object | moss_01_c_LOD0
00:24.211  render           | Fra: 1 | Mem: 1M | Synchronizing object | moss_01_b_LOD0
00:24.211  render           | Fra: 1 | Mem: 1M | Synchronizing object | moss_01_a_LOD0
00:24.211  render           | Fra: 1 | Mem: 1M | Synchronizing object | flower_heliophila_small_LOD0
00:24.211  render           | Fra: 1 | Mem: 1M | Synchronizing object | flower_heliophila_medium_LOD0
00:30.248  render           | Fra: 1 | Mem: 1M | Synchronizing object | Island
00:30.262  render           | Fra: 1 | Mem: 1M | Synchronizing object | TopMoss
00:30.575  render           | Fra: 1 | Mem: 1M | Synchronizing object | TopGrass
00:30.591  render           | Fra: 1 | Mem: 1M | Synchronizing object | TopGrassTall
00:30.624  render           | Fra: 1 | Mem: 1M | Synchronizing object | LipMoss
00:30.990  render           | Fra: 1 | Mem: 1M | Synchronizing object | Flowers
00:30.990  render           | Fra: 1 | Mem: 1M | Synchronizing object | rock_moss_set_01_rock06.001
00:30.990  render           | Fra: 1 | Mem: 1M | Synchronizing object | rock_moss_set_01_rock05.001
00:30.990  render           | Fra: 1 | Mem: 1M | Synchronizing object | rock_moss_set_01_rock04.001
00:30.990  render           | Fra: 1 | Mem: 1M | Synchronizing object | Terrain
00:30.991  render           | Fra: 1 | Mem: 1M | Synchronizing object | rock_moss_set_01_rock06.003
00:30.991  render           | Fra: 1 | Mem: 1M | Synchronizing object | rock_moss_set_01_rock05.003
00:30.991  render           | Fra: 1 | Mem: 1M | Synchronizing object | rock_moss_set_01_rock04.002
00:30.991  render           | Fra: 1 | Mem: 1M | Synchronizing object | rock_moss_set_01_rock06.004
00:30.991  render           | Fra: 1 | Mem: 1M | Synchronizing object | rock_moss_set_01_rock05.004
00:30.991  render           | Fra: 1 | Mem: 1M | Synchronizing object | rock_moss_set_01_rock04.003
00:30.991  render           | Fra: 1 | Mem: 1M | Synchronizing object | rock_moss_set_01_rock06.005
00:30.992  render           | Fra: 1 | Mem: 1M | Synchronizing object | rock_moss_set_01_rock05.005
00:30.992  render           | Fra: 1 | Mem: 1M | Synchronizing object | rock_moss_set_01_rock06.006
00:30.992  render           | Fra: 1 | Mem: 1M | Synchronizing object | rock_moss_set_01_rock05.006
00:30.992  render           | Fra: 1 | Mem: 1M | Synchronizing object | rock_moss_set_01_rock04.005
00:30.992  render           | Fra: 1 | Mem: 1M | Synchronizing object | rock_moss_set_01_rock06.007
00:30.992  render           | Fra: 1 | Mem: 1M | Synchronizing object | rock_moss_set_01_rock05.007
00:30.993  render           | Fra: 1 | Mem: 1M | Synchronizing object | rock_moss_set_01_rock05.009
00:30.993  render           | Fra: 1 | Mem: 1M | Synchronizing object | fir_sapling_medium_b_LOD0.001
00:30.994  render           | Fra: 1 | Mem: 1M | Synchronizing object | Sun
00:31.031  render           | Fra: 1 | Mem: 1M | Initializing
00:31.205  render           | Fra: 1 | Mem: 1M | Waiting for render to start
00:31.205  render           | Fra: 1 | Mem: 1M | Updating Scene
00:31.205  render           | Fra: 1 | Mem: 1M | Updating Shaders
00:31.213  render           | Fra: 1 | Mem: 1M | Loading render kernels (may take a few minutes the first time)
00:31.338  render           | Fra: 1 | Mem: 1M | Updating Procedurals
Update statistics:
Scene:
    Total time: 0.125347s
        device_update                            0.125347s
Geometry:
    Total time: 0.000000s
Light:
    Total time: 0.000000s
Object:
    Total time: 0.000000s
Image:
    Total time: 0.000000s
Background:
    Total time: 0.000000s
Bake:
    Total time: 0.000000s
Camera:
    Total time: 0.000000s
Film:
    Total time: 0.000000s
Integrator:
    Total time: 0.000000s
OSL:
    Total time: 0.000000s
Particles:
    Total time: 0.000000s
SVM:
    Total time: 0.000000s
Tables:
    Total time: 0.000000s
Procedurals:
    Total time: 0.000000s

00:31.338  render           | Fra: 1 | Mem: 1M | Updating Background
00:31.338  render           | Fra: 1 | Mem: 1M | Updating Scene Attribute
00:31.338  render           | Fra: 1 | Mem: 1M | Updating Camera
00:31.338  render           | Fra: 1 | Mem: 1M | Updating Meshes Flags
00:31.338  render           | Fra: 1 | Mem: 1M | Updating Objects
00:31.340  render           | Fra: 1 | Mem: 1M | Updating Objects | Copying Transformations to device
00:31.374  render           | Fra: 1 | Mem: 37M | Updating Particle Systems
00:31.374  render           | Fra: 1 | Mem: 37M | Updating Particle Systems | Copying Particles to device
00:31.374  render           | Fra: 1 | Mem: 37M | Updating Meshes
00:31.654  render           | Fra: 1 | Mem: 37M | Updating Displacement Images
00:31.654  render           | Fra: 1 | Mem: 37M | Updating Images | Loading lichen_rock_Rough_2k.jpg
00:31.654  render           | Fra: 1 | Mem: 37M | Updating Images | Loading forest_ground_04_Diffuse_2k.jpg
00:31.654  render           | Fra: 1 | Mem: 37M | Updating Images | Loading forest_ground_04_nor_gl_2k.jpg
00:31.654  render           | Fra: 1 | Mem: 37M | Updating Images | Loading cliff_side_Displacement_2k.jpg
00:31.654  render           | Fra: 1 | Mem: 37M | Updating Images | Loading lichen_rock_nor_gl_2k.jpg
00:31.829  render           | Fra: 1 | Mem: 185M | Updating Mesh | Computing normals
00:31.880  render           | Fra: 1 | Mem: 185M | Updating Mesh | Copying Mesh to device
00:31.886  render           | Fra: 1 | Mem: 248M | Updating Objects | Applying Static Transformations
00:31.900  render           | Fra: 1 | Mem: 248M | Updating Mesh | Computing attributes
00:32.021  render           | Fra: 1 | Mem: 248M | Updating Mesh | Copying Attributes to device
00:32.064  render           | Fra: 1 | Mem: 423M | Updating Mesh | Computing Displacement Island
00:33.078  render           | Fra: 1 | Mem: 423M | Updating Mesh | Computing Displacement mesh1-geometry.001
00:33.090  render           | Fra: 1 | Mem: 423M | Updating Mesh | Computing Displacement modelShape.001
00:33.106  render           | Fra: 1 | Mem: 423M | Updating Mesh | Computing Displacement medium.002
00:33.119  render           | Fra: 1 | Mem: 423M | Updating Mesh | Computing Displacement mesh1-geometry.002
00:33.130  render           | Fra: 1 | Mem: 423M | Updating Mesh | Computing Displacement modelShape.002
00:33.148  render           | Fra: 1 | Mem: 423M | Updating Mesh | Computing Displacement medium.003
00:33.161  render           | Fra: 1 | Mem: 423M | Updating Mesh | Computing Displacement mesh1-geometry.004
00:33.172  render           | Fra: 1 | Mem: 423M | Updating Mesh | Computing Displacement modelShape.004
00:33.187  render           | Fra: 1 | Mem: 423M | Updating Mesh | Computing Displacement medium.004
00:33.201  render           | Fra: 1 | Mem: 423M | Updating Mesh | Computing Displacement mesh1-geometry.005
00:33.212  render           | Fra: 1 | Mem: 423M | Updating Mesh | Computing Displacement modelShape.005
00:33.227  render           | Fra: 1 | Mem: 423M | Updating Mesh | Computing Displacement medium.005
00:33.242  render           | Fra: 1 | Mem: 423M | Updating Mesh | Computing Displacement mesh1-geometry.006
00:33.254  render           | Fra: 1 | Mem: 423M | Updating Mesh | Computing Displacement modelShape.006
00:33.274  render           | Fra: 1 | Mem: 423M | Updating Mesh | Computing Displacement medium.006
00:33.288  render           | Fra: 1 | Mem: 423M | Updating Mesh | Computing Displacement mesh1-geometry.007
00:33.299  render           | Fra: 1 | Mem: 423M | Updating Mesh | Computing Displacement modelShape.007
00:33.319  render           | Fra: 1 | Mem: 423M | Updating Mesh | Computing Displacement medium.007
00:33.333  render           | Fra: 1 | Mem: 423M | Updating Mesh | Computing Displacement mesh1-geometry.008
00:33.345  render           | Fra: 1 | Mem: 423M | Updating Mesh | Computing Displacement modelShape.008
00:33.379  render           | Fra: 1 | Mem: 185M | Updating Geometry BVH backgroundlight 62/61 | Building BVH
00:33.379  render           | Fra: 1 | Mem: 185M | Updating Geometry BVH Plane.057 4/61 | Building OptiX acceleration structure
00:33.379  render           | Fra: 1 | Mem: 185M | Updating Geometry BVH Plane.056 6/61 | Building BVH
00:33.379  render           | Fra: 1 | Mem: 185M | Updating Geometry BVH Plane.056 6/61 | Building OptiX acceleration structure
00:33.379  render           | Fra: 1 | Mem: 185M | Updating Geometry BVH Grid 61/61 | Building BVH
00:33.379  render           | Fra: 1 | Mem: 185M | Updating Geometry BVH Grid 61/61 | Building OptiX acceleration structure
00:33.380  render           | Fra: 1 | Mem: 185M | Updating Geometry BVH Plane.055 7/61 | Building BVH
00:33.380  render           | Fra: 1 | Mem: 185M | Updating Geometry BVH Plane.055 7/61 | Building OptiX acceleration structure
00:33.380  render           | Fra: 1 | Mem: 185M | Updating Geometry BVH Plane.047 8/61 | Building BVH
00:33.380  render           | Fra: 1 | Mem: 185M | Updating Geometry BVH Plane.047 8/61 | Building OptiX acceleration structure
00:33.380  render           | Fra: 1 | Mem: 185M | Updating Geometry BVH Plane.037 9/61 | Building BVH
00:33.381  render           | Fra: 1 | Mem: 185M | Updating Geometry BVH Plane.048 10/61 | Building OptiX acceleration structure
00:33.382  render           | Fra: 1 | Mem: 188M | Updating Geometry BVH Plane.039 11/61 | Building BVH
00:33.382  render           | Fra: 1 | Mem: 188M | Updating Geometry BVH Plane.045 12/61 | Building OptiX acceleration structure
00:33.382  render           | Fra: 1 | Mem: 188M | Updating Geometry BVH Plane.042 13/61 | Building BVH
00:33.382  render           | Fra: 1 | Mem: 188M | Updating Geometry BVH Plane.042 13/61 | Building OptiX acceleration structure
00:33.383  render           | Fra: 1 | Mem: 188M | Updating Geometry BVH Plane.043 14/61 | Building BVH
00:33.383  render           | Fra: 1 | Mem: 188M | Updating Geometry BVH Plane.043 14/61 | Building OptiX acceleration structure
00:33.384  render           | Fra: 1 | Mem: 188M | Updating Geometry BVH Plane.040 15/61 | Building BVH
00:33.384  render           | Fra: 1 | Mem: 188M | Updating Geometry BVH Plane.040 15/61 | Building OptiX acceleration structure
00:33.384  render           | Fra: 1 | Mem: 188M | Updating Geometry BVH Plane.035 16/61 | Building BVH
00:33.384  render           | Fra: 1 | Mem: 188M | Updating Geometry BVH Plane.035 16/61 | Building OptiX acceleration structure
00:33.385  render           | Fra: 1 | Mem: 188M | Updating Geometry BVH Plane.032 17/61 | Building BVH
00:33.385  render           | Fra: 1 | Mem: 188M | Updating Geometry BVH Plane.032 17/61 | Building OptiX acceleration structure
00:33.385  render           | Fra: 1 | Mem: 188M | Updating Geometry BVH Plane.011 18/61 | Building BVH
00:33.385  render           | Fra: 1 | Mem: 188M | Updating Geometry BVH Plane.011 18/61 | Building OptiX acceleration structure
00:33.385  render           | Fra: 1 | Mem: 188M | Updating Geometry BVH Plane.010 19/61 | Building BVH
00:33.385  render           | Fra: 1 | Mem: 188M | Updating Geometry BVH Plane.010 19/61 | Building OptiX acceleration structure
00:33.385  render           | Fra: 1 | Mem: 188M | Updating Geometry BVH Plane.008 20/61 | Building BVH
00:33.385  render           | Fra: 1 | Mem: 188M | Updating Geometry BVH Plane.008 20/61 | Building OptiX acceleration structure
00:33.386  render           | Fra: 1 | Mem: 188M | Updating Geometry BVH Plane.006 21/61 | Building BVH
00:33.386  render           | Fra: 1 | Mem: 188M | Updating Geometry BVH Plane.006 21/61 | Building OptiX acceleration structure
00:33.386  render           | Fra: 1 | Mem: 188M | Updating Geometry BVH Plane.005 22/61 | Building BVH
00:33.386  render           | Fra: 1 | Mem: 188M | Updating Geometry BVH Plane.005 22/61 | Building OptiX acceleration structure
00:33.386  render           | Fra: 1 | Mem: 188M | Updating Geometry BVH Plane.004 23/61 | Building BVH
00:33.386  render           | Fra: 1 | Mem: 188M | Updating Geometry BVH Plane.004 23/61 | Building OptiX acceleration structure
00:33.386  render           | Fra: 1 | Mem: 188M | Updating Geometry BVH Plane.003 24/61 | Building BVH
00:33.386  render           | Fra: 1 | Mem: 188M | Updating Geometry BVH Plane.003 24/61 | Building OptiX acceleration structure
00:33.387  render           | Fra: 1 | Mem: 188M | Updating Geometry BVH Sun 60/61 | Building BVH
00:33.387  render           | Fra: 1 | Mem: 188M | Updating Geometry BVH Sun 60/61 | Building OptiX acceleration structure
00:33.388  render           | Fra: 1 | Mem: 188M | Updating Geometry BVH Plane.007 25/61 | Building BVH
00:33.388  render           | Fra: 1 | Mem: 188M | Updating Geometry BVH Plane.007 25/61 | Building OptiX acceleration structure
00:33.388  render           | Fra: 1 | Mem: 188M | Updating Geometry BVH Plane.009 26/61 | Building BVH
00:33.388  render           | Fra: 1 | Mem: 188M | Updating Geometry BVH Plane.009 26/61 | Building OptiX acceleration structure
00:33.389  render           | Fra: 1 | Mem: 188M | Updating Geometry BVH Plane.2197 27/61 | Building BVH
00:33.389  render           | Fra: 1 | Mem: 188M | Updating Geometry BVH Plane.2197 27/61 | Building OptiX acceleration structure
00:33.389  render           | Fra: 1 | Mem: 188M | Updating Geometry BVH Plane.5143 28/61 | Building BVH
00:33.389  render           | Fra: 1 | Mem: 188M | Updating Geometry BVH Plane.5143 28/61 | Building OptiX acceleration structure
00:33.389  render           | Fra: 1 | Mem: 188M | Updating Geometry BVH NurbsPath.005 59/61 | Building BVH
00:33.389  render           | Fra: 1 | Mem: 188M | Updating Geometry BVH NurbsPath.005 59/61 | Building OptiX acceleration structure
00:33.390  render           | Fra: 1 | Mem: 189M | Updating Geometry BVH TopMoss 30/61 | Building BVH
00:33.390  render           | Fra: 1 | Mem: 189M | Updating Geometry BVH TopMoss 30/61 | Building OptiX acceleration structure
00:33.390  render           | Fra: 1 | Mem: 189M | Updating Geometry BVH TopGrass 31/61 | Building BVH
00:33.390  render           | Fra: 1 | Mem: 189M | Updating Geometry BVH TopGrass 31/61 | Building OptiX acceleration structure
00:33.390  render           | Fra: 1 | Mem: 189M | Updating Geometry BVH TopGrassTall 32/61 | Building BVH
00:33.390  render           | Fra: 1 | Mem: 189M | Updating Geometry BVH TopGrassTall 32/61 | Building OptiX acceleration structure
00:33.390  render           | Fra: 1 | Mem: 189M | Updating Geometry BVH LipMoss 33/61 | Building BVH
00:33.390  render           | Fra: 1 | Mem: 189M | Updating Geometry BVH LipMoss 33/61 | Building OptiX acceleration structure
00:33.390  render           | Fra: 1 | Mem: 189M | Updating Geometry BVH Flowers 34/61 | Building BVH
00:33.390  render           | Fra: 1 | Mem: 189M | Updating Geometry BVH Flowers 34/61 | Building OptiX acceleration structure
00:33.391  render           | Fra: 1 | Mem: 189M | Updating Geometry BVH Island 29/61 | Building BVH
00:33.391  render           | Fra: 1 | Mem: 189M | Updating Geometry BVH Island 29/61 | Building OptiX acceleration structure
00:33.391  render           | Fra: 1 | Mem: 189M | Updating Geometry BVH mesh1-geometry.003 35/61 | Building BVH
00:33.392  render           | Fra: 1 | Mem: 189M | Updating Geometry BVH mesh1-geometry.003 35/61 | Building OptiX acceleration structure
00:33.392  render           | Fra: 1 | Mem: 190M | Updating Geometry BVH modelShape.003 36/61 | Building BVH
00:33.392  render           | Fra: 1 | Mem: 190M | Updating Geometry BVH modelShape.003 36/61 | Building OptiX acceleration structure
00:33.394  render           | Fra: 1 | Mem: 200M | Updating Geometry BVH medium.001 37/61 | Building BVH
00:33.394  render           | Fra: 1 | Mem: 200M | Updating Geometry BVH medium.001 37/61 | Building OptiX acceleration structure
00:33.394  render           | Fra: 1 | Mem: 200M | Updating Geometry BVH mesh1-geometry.001 38/61 | Building BVH
00:33.394  render           | Fra: 1 | Mem: 200M | Updating Geometry BVH mesh1-geometry.001 38/61 | Building OptiX acceleration structure
00:33.395  render           | Fra: 1 | Mem: 200M | Updating Geometry BVH modelShape.001 39/61 | Building BVH
00:33.395  render           | Fra: 1 | Mem: 201M | Updating Geometry BVH modelShape.001 39/61 | Building OptiX acceleration structure
00:33.397  render           | Fra: 1 | Mem: 201M | Updating Geometry BVH medium.002 40/61 | Building BVH
00:33.398  render           | Fra: 1 | Mem: 201M | Updating Geometry BVH medium.002 40/61 | Building OptiX acceleration structure
00:33.398  render           | Fra: 1 | Mem: 201M | Updating Geometry BVH mesh1-geometry.002 41/61 | Building BVH
00:33.398  render           | Fra: 1 | Mem: 201M | Updating Geometry BVH mesh1-geometry.002 41/61 | Building OptiX acceleration structure
00:33.398  render           | Fra: 1 | Mem: 201M | Updating Geometry BVH modelShape.002 42/61 | Building BVH
00:33.398  render           | Fra: 1 | Mem: 201M | Updating Geometry BVH modelShape.002 42/61 | Building OptiX acceleration structure
00:33.399  render           | Fra: 1 | Mem: 202M | Updating Geometry BVH medium.003 43/61 | Building BVH
00:33.399  render           | Fra: 1 | Mem: 202M | Updating Geometry BVH medium.003 43/61 | Building OptiX acceleration structure
00:33.399  render           | Fra: 1 | Mem: 202M | Updating Geometry BVH mesh1-geometry.004 44/61 | Building BVH
00:33.399  render           | Fra: 1 | Mem: 202M | Updating Geometry BVH mesh1-geometry.004 44/61 | Building OptiX acceleration structure
00:33.400  render           | Fra: 1 | Mem: 202M | Updating Geometry BVH modelShape.004 45/61 | Building BVH
00:33.400  render           | Fra: 1 | Mem: 202M | Updating Geometry BVH modelShape.004 45/61 | Building OptiX acceleration structure
00:33.400  render           | Fra: 1 | Mem: 204M | Updating Geometry BVH medium.004 46/61 | Building BVH
00:33.401  render           | Fra: 1 | Mem: 204M | Updating Geometry BVH medium.004 46/61 | Building OptiX acceleration structure
00:33.401  render           | Fra: 1 | Mem: 203M | Updating Geometry BVH mesh1-geometry.005 47/61 | Building BVH
00:33.401  render           | Fra: 1 | Mem: 203M | Updating Geometry BVH mesh1-geometry.005 47/61 | Building OptiX acceleration structure
00:33.401  render           | Fra: 1 | Mem: 203M | Updating Geometry BVH modelShape.005 48/61 | Building BVH
00:33.401  render           | Fra: 1 | Mem: 203M | Updating Geometry BVH modelShape.005 48/61 | Building OptiX acceleration structure
00:33.401  render           | Fra: 1 | Mem: 203M | Updating Geometry BVH medium.005 49/61 | Building BVH
00:33.401  render           | Fra: 1 | Mem: 203M | Updating Geometry BVH medium.005 49/61 | Building OptiX acceleration structure
00:33.402  render           | Fra: 1 | Mem: 203M | Updating Geometry BVH mesh1-geometry.006 50/61 | Building BVH
00:33.402  render           | Fra: 1 | Mem: 203M | Updating Geometry BVH mesh1-geometry.006 50/61 | Building OptiX acceleration structure
00:33.402  render           | Fra: 1 | Mem: 203M | Updating Geometry BVH modelShape.006 51/61 | Building BVH
00:33.402  render           | Fra: 1 | Mem: 203M | Updating Geometry BVH modelShape.006 51/61 | Building OptiX acceleration structure
00:33.403  render           | Fra: 1 | Mem: 204M | Updating Geometry BVH medium.006 52/61 | Building BVH
00:33.403  render           | Fra: 1 | Mem: 204M | Updating Geometry BVH medium.006 52/61 | Building OptiX acceleration structure
00:33.404  render           | Fra: 1 | Mem: 204M | Updating Geometry BVH mesh1-geometry.007 53/61 | Building BVH
00:33.404  render           | Fra: 1 | Mem: 204M | Updating Geometry BVH mesh1-geometry.007 53/61 | Building OptiX acceleration structure
00:33.404  render           | Fra: 1 | Mem: 204M | Updating Geometry BVH modelShape.007 54/61 | Building BVH
00:33.404  render           | Fra: 1 | Mem: 204M | Updating Geometry BVH modelShape.007 54/61 | Building OptiX acceleration structure
00:33.405  render           | Fra: 1 | Mem: 206M | Updating Geometry BVH medium.007 55/61 | Building BVH
00:33.405  render           | Fra: 1 | Mem: 206M | Updating Geometry BVH medium.007 55/61 | Building OptiX acceleration structure
00:33.405  render           | Fra: 1 | Mem: 205M | Updating Geometry BVH mesh1-geometry.008 56/61 | Building BVH
00:33.405  render           | Fra: 1 | Mem: 205M | Updating Geometry BVH mesh1-geometry.008 56/61 | Building OptiX acceleration structure
00:33.406  render           | Fra: 1 | Mem: 205M | Updating Geometry BVH modelShape.008 57/61 | Building BVH
00:33.406  render           | Fra: 1 | Mem: 205M | Updating Geometry BVH modelShape.008 57/61 | Building OptiX acceleration structure
00:33.407  render           | Fra: 1 | Mem: 246M | Updating Geometry BVH NurbsPath.007 58/61 | Building BVH
00:33.407  render           | Fra: 1 | Mem: 246M | Updating Geometry BVH NurbsPath.007 58/61 | Building OptiX acceleration structure
00:33.490  render           | Fra: 1 | Mem: 282M | Updating Scene BVH | Building
00:33.494  render           | Fra: 1 | Mem: 282M | Updating Scene BVH | Building OptiX acceleration structure
00:33.531  render           | Fra: 1 | Mem: 304M | Updating Scene BVH | Copying BVH to device
00:33.531  render           | Fra: 1 | Mem: 304M | Updating Mesh | Computing attributes
00:33.859  render           | Fra: 1 | Mem: 304M | Updating Mesh | Copying Attributes to device
00:33.905  render           | Fra: 1 | Mem: 628M | Updating Mesh | Computing normals
00:33.947  render           | Fra: 1 | Mem: 628M | Updating Mesh | Copying Mesh to device
00:33.954  render           | Fra: 1 | Mem: 690M | Updating Objects Flags
00:33.959  render           | Fra: 1 | Mem: 690M | Updating Primitive Offsets
00:33.961  render           | Fra: 1 | Mem: 691M | Updating Images
00:33.961  render           | Fra: 1 | Mem: 691M | Updating Images | Loading fir_sapling_medium_twigs_rough_2k.png
00:33.961  render           | Fra: 1 | Mem: 691M | Updating Images | Loading kloofendal_overcast_puresky_4k.hdr
00:33.961  render           | Fra: 1 | Mem: 691M | Updating Images | Loading fir_sapling_medium_twigs_nor_gl_2k.png
00:33.961  render           | Fra: 1 | Mem: 691M | Updating Images | Loading fir_sapling_medium_branches_nor_gl_2k.png
00:33.961  render           | Fra: 1 | Mem: 691M | Updating Images | Loading rock_moss_set_01_diff_2k.jpg
00:33.961  render           | Fra: 1 | Mem: 691M | Updating Images | Loading fir_sapling_medium_twigs_alpha_2k.png
00:33.961  render           | Fra: 1 | Mem: 691M | Updating Images | Loading fir_sapling_medium_branches_diff_2k.png
00:33.962  render           | Fra: 1 | Mem: 691M | Updating Images | Loading grass_medium_01_alpha_2k.png
00:33.965  render           | Fra: 1 | Mem: 691M | Updating Images | Loading grass_medium_01_rough_2k.exr
00:33.980  render           | Fra: 1 | Mem: 691M | Updating Images | Loading moss_01_alpha_2k.png
00:33.998  render           | Fra: 1 | Mem: 691M | Updating Images | Loading moss_01_rough_2k.exr
00:34.018  render           | Fra: 1 | Mem: 691M | Updating Images | Loading fir_sapling_medium_twigs_mask_2k.png
00:34.603  render           | Fra: 1 | Mem: 1299M | Updating Volume
00:34.606  render           | Fra: 1 | Mem: 1299M | Updating Camera Volume
00:34.606  render           | Fra: 1 | Mem: 1299M | Updating Lookup Tables
00:34.606  render           | Fra: 1 | Mem: 1299M | Updating Lights
00:34.615  render           | Fra: 1 | Mem: 1299M | Updating Lights | Importance map
00:34.935  render           | Fra: 1 | Mem: 1363M | Updating Lights | Computing tree
00:34.940  render           | Fra: 1 | Mem: 1364M | Updating Integrator
00:34.940  render           | Fra: 1 | Mem: 1364M | Updating Film
00:34.940  render           | Fra: 1 | Mem: 1364M | Updating Lookup Tables
00:34.940  render           | Fra: 1 | Mem: 1364M | Updating Baking
00:34.942  render           | Fra: 1 | Mem: 1364M | Updating Device | Writing constant memory
00:34.943  render           | Fra: 1 | Mem: 1364M | Loading denoising kernels (may take a few minutes the first time)
00:34.949  render           | Fra: 1 | Mem: 1842M | Sample 0/128
00:34.958  render           | Fra: 1 | Remaining: 00:01.13 | Mem: 1862M | Sample 1/128
00:35.111  render           | Fra: 1 | Remaining: 00:00.09 | Mem: 1862M | Sample 80/128
00:35.143  render           | Fra: 1 | Remaining: 00:00.06 | Mem: 1862M | Sample 96/128
00:35.172  render           | Fra: 1 | Remaining: 00:00.03 | Mem: 1862M | Sample 112/128
00:36.951  render           | Fra: 1 | Mem: 1862M | Sample 128/128
00:36.951  render           | Fra: 1 | Mem: 1862M | Finished
Render statistics:
Mesh statistics:
  Geometry:
    Total memory: 66.48M (69,712,588)
        Island                           41.01M (42,997,861)
        NurbsPath.007                    11.11M (11,645,883)
        NurbsPath.005                    6.82M (7,154,075)
        Grid                             2.12M (2,228,309)
        Plane.5143                       539.82K (552,772)
        Plane.2197                       292.15K (299,166)
        modelShape.002                   274.81K (281,401)
        modelShape.008                   274.81K (281,401)
        modelShape.003                   274.81K (281,401)
        modelShape.001                   274.81K (281,401)
        modelShape.004                   274.81K (281,401)
        modelShape.007                   274.81K (281,401)
        modelShape.006                   274.81K (281,401)
        modelShape.005                   274.81K (281,401)
        medium.007                       175.88K (180,098)
        medium.004                       175.88K (180,098)
        medium.006                       175.88K (180,098)
        medium.005                       175.88K (180,098)
        medium.001                       175.88K (180,098)
        medium.002                       175.88K (180,098)
        medium.003                       175.88K (180,098)
        mesh1-geometry.001               149.40K (152,983)
        mesh1-geometry.005               149.40K (152,983)
        mesh1-geometry.003               149.40K (152,983)
        mesh1-geometry.006               149.40K (152,983)
        mesh1-geometry.002               149.40K (152,983)
        mesh1-geometry.008               149.40K (152,983)
        mesh1-geometry.007               149.40K (152,983)
        mesh1-geometry.004               149.40K (152,983)
        Plane.048                        24.42K (25,007)
        Plane.039                        20.95K (21,454)
        Plane.037                        13.91K (14,246)
        Plane.047                        10.92K (11,186)
        Plane.045                        5.73K (5,865)
        Plane.042                        5.23K (5,355)
        Plane.043                        4.90K (5,015)
        Plane.055                        1.39K (1,428)
        Plane.058                        1.11K (1,139)
        Plane.059                        1.08K (1,105)
        Plane.054                        765B (765)
        Plane.057                        629B (629)
        Plane.056                        561B (561)
        Plane.035                        493B (493)
        Plane.040                        493B (493)
        Plane.003                        493B (493)
        Plane.009                        493B (493)
        Plane.006                        425B (425)
        Plane.005                        425B (425)
        Plane.008                        357B (357)
        Plane.004                        357B (357)
        Plane.007                        357B (357)
        Plane.032                        221B (221)
        Plane.011                        187B (187)
        Plane.010                        187B (187)
        TopGrassTall                     85B (85)
        Flowers                          85B (85)
        LipMoss                          85B (85)
        TopGrass                         85B (85)
        TopMoss                          85B (85)
        backgroundlight                  50B (50)
        Sun                              46B (46)
Image statistics:
  Full Images:
    kloofendal_overcast_puresky_4k.hdr 128.00M (134,217,728)
    grass_medium_01_nor_gl_2k.exr    32.00M (33,554,432)
    fir_sapling_medium_twigs_diff_2k.png 32.00M (33,554,432)
    fir_sapling_medium_branches_nor_gl_2k.png 32.00M (33,554,432)
    fir_sapling_medium_twigs_nor_gl_2k.png 32.00M (33,554,432)
    fir_sapling_medium_twigs_alpha_2k.png 32.00M (33,554,432)
    fir_sapling_medium_branches_diff_2k.png 32.00M (33,554,432)
    flower_heliophila_nor_gl_2k.exr  32.00M (33,554,432)
    moss_01_nor_gl_2k.exr            32.00M (33,554,432)
    fir_sapling_medium_twi00:37.146  render           | Executing compositor
00:37.146  render           | Fra: 1 | Compositing
gs_mask_2k.png 32.00M (33,554,432)
    rock_moss_set_01_nor_gl_2k.exr   32.00M (33,554,432)
    grass_medium_01_diff_2k.jpg      16.00M (16,777,216)
    rock_moss_set_01_diff_2k.jpg     16.00M (16,777,216)
    rock_moss_set_01_rough_2k.jpg    16.00M (16,777,216)
    cliff_side_Diffuse_2k.jpg        16.00M (16,777,216)
    cliff_side_nor_gl_2k.jpg         16.00M (16,777,216)
    forest_ground_04_Diffuse_2k.jpg  16.00M (16,777,216)
    lichen_rock_Diffuse_2k.jpg       16.00M (16,777,216)
    lichen_rock_Displacement_2k.jpg  16.00M (16,777,216)
    forest_ground_04_nor_gl_2k.jpg   16.00M (16,777,216)
    lichen_rock_nor_gl_2k.jpg        16.00M (16,777,216)
    lichen_rock_Rough_2k.jpg         16.00M (16,777,216)
    aerial_rocks_02_Diffuse_2k.jpg   16.00M (16,777,216)
    flower_heliophila_diff_2k.jpg    16.00M (16,777,216)
    moss_01_diff_2k.jpg              16.00M (16,777,216)
    flower_heliophila_rough_2k.exr   8.00M (8,388,608)
    fir_sapling_medium_branches_rough_2k.png 8.00M (8,388,608)
    flower_heliophila_alpha_2k.png   8.00M (8,388,608)
    flower_heliophila_translucency_2k.png 8.00M (8,388,608)
    fir_sapling_medium_branches_disp_2k.png 8.00M (8,388,608)
    grass_medium_01_alpha_2k.png     8.00M (8,388,608)
    grass_medium_01_rough_2k.exr     8.00M (8,388,608)
    moss_01_alpha_2k.png             8.00M (8,388,608)
    moss_01_rough_2k.exr             8.00M (8,388,608)
    fir_sapling_medium_twigs_rough_2k.png 8.00M (8,388,608)
    cliff_side_Displacement_2k.jpg   4.00M (4,194,304)
  Full image memory: 756.00M (792,723,456)
  Overhead image memory: 3.94K (4,032)
  Total image memory: 756.00M (792,727,488)
Profiling information not available (only works with CPU rendering)
00:37.188  render           | Saved: '/home/akamel/hero3d/out/still-223/p1c3/warmup.png'
00:37.188  render           | Time: 00:28.53 (Saving: 00:00.01)
still: wrote /home/akamel/hero3d/out/still-223/p1c3/warmup.png (warm-up)
00:37.190  render           | Rendering frame 1
00:37.190  render           | Start rendering: Scene, ViewLayer
00:37.190  render           | Engine: Cycles
00:38.727  render           | Fra: 1 | Mem: 1M | Synchronizing object | ValleyMist
00:41.274  render           | Fra: 1 | Mem: 1M | Synchronizing object | Island
00:41.285  render           | Fra: 1 | Mem: 1M | Synchronizing object | moss_01_d_LOD0
00:41.285  render           | Fra: 1 | Mem: 1M | Synchronizing object | moss_01_h_LOD0
00:41.285  render           | Fra: 1 | Mem: 1M | Synchronizing object | moss_01_i_LOD0
00:41.285  render           | Fra: 1 | Mem: 1M | Synchronizing object | moss_01_e_LOD0
00:41.285  render           | Fra: 1 | Mem: 1M | Synchronizing object | moss_01_tall_a_LOD0
00:41.285  render           | Fra: 1 | Mem: 1M | Synchronizing object | moss_01_a_LOD0
00:41.285  render           | Fra: 1 | Mem: 1M | Synchronizing object | moss_01_f_LOD0
00:41.285  render           | Fra: 1 | Mem: 1M | Synchronizing object | moss_01_tall_b_LOD0
00:41.285  render           | Fra: 1 | Mem: 1M | Synchronizing object | moss_01_b_LOD0
00:41.285  render           | Fra: 1 | Mem: 1M | Synchronizing object | moss_01_g_LOD0
00:41.285  render           | Fra: 1 | Mem: 1M | Synchronizing object | moss_01_c_LOD0
00:41.285  render           | Fra: 1 | Mem: 1M | Synchronizing object | moss_01_j_LOD0
00:41.286  render           | Fra: 1 | Mem: 1M | Synchronizing object | TopMoss
00:41.530  render           | Fra: 1 | Mem: 1M | Synchronizing object | grass_medium_01_tiny_e_LOD0
00:41.530  render           | Fra: 1 | Mem: 1M | Synchronizing object | grass_medium_01_tiny_f_LOD0
00:41.530  render           | Fra: 1 | Mem: 1M | Synchronizing object | grass_medium_01_small_a_LOD0
00:41.530  render           | Fra: 1 | Mem: 1M | Synchronizing object | grass_medium_01_mid_c_LOD0
00:41.530  render           | Fra: 1 | Mem: 1M | Synchronizing object | grass_medium_01_mid_b_LOD0
00:41.530  render           | Fra: 1 | Mem: 1M | Synchronizing object | grass_medium_01_tiny_d_LOD0
00:41.530  render           | Fra: 1 | Mem: 1M | Synchronizing object | grass_medium_01_tiny_a_LOD0
00:41.530  render           | Fra: 1 | Mem: 1M | Synchronizing object | grass_medium_01_small_b_LOD0
00:41.530  render           | Fra: 1 | Mem: 1M | Synchronizing object | grass_medium_01_tiny_c_LOD0
00:41.530  render           | Fra: 1 | Mem: 1M | Synchronizing object | grass_medium_01_tiny_b_LOD0
00:41.536  render           | Fra: 1 | Mem: 1M | Synchronizing object | grass_medium_01_tall_a_LOD0
00:41.536  render           | Fra: 1 | Mem: 1M | Synchronizing object | grass_medium_01_tall_b_LOD0
00:41.536  render           | Fra: 1 | Mem: 1M | Synchronizing object | grass_medium_01_tall_c_LOD0
00:41.538  render           | Fra: 1 | Mem: 1M | Synchronizing object | TopGrassTall
00:41.557  render           | Fra: 1 | Mem: 1M | Synchronizing object | LipMoss
00:41.930  render           | Fra: 1 | Mem: 1M | Synchronizing object | Flowers
00:41.931  render           | Fra: 1 | Mem: 1M | Synchronizing object | flower_heliophila_medium_LOD0
00:41.932  render           | Fra: 1 | Mem: 1M | Synchronizing object | flower_heliophila_small_LOD0
00:41.933  render           | Fra: 1 | Mem: 1M | Synchronizing object | Terrain
00:41.934  render           | Fra: 1 | Mem: 1M | Synchronizing object | rock_moss_set_01_rock06.001
00:41.935  render           | Fra: 1 | Mem: 1M | Synchronizing object | rock_moss_set_01_rock05.001
00:41.935  render           | Fra: 1 | Mem: 1M | Synchronizing object | rock_moss_set_01_rock04.001
00:41.935  render           | Fra: 1 | Mem: 1M | Synchronizing object | rock_moss_set_01_rock06.003
00:41.935  render           | Fra: 1 | Mem: 1M | Synchronizing object | rock_moss_set_01_rock05.003
00:41.936  render           | Fra: 1 | Mem: 1M | Synchronizing object | rock_moss_set_01_rock04.002
00:41.936  render           | Fra: 1 | Mem: 1M | Synchronizing object | rock_moss_set_01_rock06.004
00:41.936  render           | Fra: 1 | Mem: 1M | Synchronizing object | rock_moss_set_01_rock05.004
00:41.936  render           | Fra: 1 | Mem: 1M | Synchronizing object | rock_moss_set_01_rock04.003
00:41.936  render           | Fra: 1 | Mem: 1M | Synchronizing object | rock_moss_set_01_rock06.005
00:41.937  render           | Fra: 1 | Mem: 1M | Synchronizing object | rock_moss_set_01_rock05.005
00:41.937  render           | Fra: 1 | Mem: 1M | Synchronizing object | rock_moss_set_01_rock04.004
00:41.937  render           | Fra: 1 | Mem: 1M | Synchronizing object | rock_moss_set_01_rock06.006
00:41.937  render           | Fra: 1 | Mem: 1M | Synchronizing object | rock_moss_set_01_rock05.006
00:41.937  render           | Fra: 1 | Mem: 1M | Synchronizing object | rock_moss_set_01_rock04.005
00:41.937  render           | Fra: 1 | Mem: 1M | Synchronizing object | rock_moss_set_01_rock06.007
00:41.937  render           | Fra: 1 | Mem: 1M | Synchronizing object | rock_moss_set_01_rock05.007
00:41.937  render           | Fra: 1 | Mem: 1M | Synchronizing object | rock_moss_set_01_rock04.006
00:41.938  render           | Fra: 1 | Mem: 1M | Synchronizing object | rock_moss_set_01_rock06.008
00:41.938  render           | Fra: 1 | Mem: 1M | Synchronizing object | rock_moss_set_01_rock05.008
00:41.938  render           | Fra: 1 | Mem: 1M | Synchronizing object | rock_moss_set_01_rock04.007
00:41.938  render           | Fra: 1 | Mem: 1M | Synchronizing object | rock_moss_set_01_rock06.009
00:41.938  render           | Fra: 1 | Mem: 1M | Synchronizing object | rock_moss_set_01_rock05.009
00:41.938  render           | Fra: 1 | Mem: 1M | Synchronizing object | fir_sapling_medium_a_LOD0.001
00:41.939  render           | Fra: 1 | Mem: 1M | Synchronizing object | fir_sapling_medium_b_LOD0.001
00:41.940  render           | Fra: 1 | Mem: 1M | Synchronizing object | Sun
00:41.990  render           | Fra: 1 | Mem: 1M | Initializing
00:42.373  render           | Fra: 1 | Mem: 1M | Waiting for render to start
00:42.374  render           | Fra: 1 | Mem: 1M | Updating Scene
00:42.374  render           | Fra: 1 | Mem: 1M | Updating Shaders
00:42.388  render           | Fra: 1 | Mem: 1M | Loading render kernels (may take a few minutes the first time)
00:42.532  render           | Fra: 1 | Mem: 1M | Updating Procedurals
Update statistics:
Scene:
    Total time: 0.149373s
        device_update                            0.149373s
Geometry:
    Total time: 0.000000s
Light:
    Total time: 0.000000s
Object:
    Total time: 0.000000s
Image:
    Total time: 0.000000s
Background:
    Total time: 0.000000s
Bake:
    Total time: 0.000000s
Camera:
    Total time: 0.000000s
Film:
    Total time: 0.000000s
Integrator:
    Total time: 0.000000s
OSL:
    Total time: 0.000000s
Particles:
    Total time: 0.000000s
SVM:
    Total time: 0.000000s
Tables:
    Total time: 0.000000s
Procedurals:
    Total time: 0.000000s

00:42.532  render           | Fra: 1 | Mem: 1M | Updating Background
00:42.532  render           | Fra: 1 | Mem: 1M | Updating Scene Attribute
00:42.532  render           | Fra: 1 | Mem: 1M | Updating Camera
00:42.532  render           | Fra: 1 | Mem: 1M | Updating Meshes Flags
00:42.532  render           | Fra: 1 | Mem: 1M | Updating Objects
00:42.544  render           | Fra: 1 | Mem: 1M | Updating Objects | Copying Transformations to device
00:42.567  render           | Fra: 1 | Mem: 37M | Updating Particle Systems
00:42.567  render           | Fra: 1 | Mem: 37M | Updating Particle Systems | Copying Particles to device
00:42.567  render           | Fra: 1 | Mem: 37M | Updating Meshes
00:43.052  render           | Fra: 1 | Mem: 37M | Updating Displacement Images
00:43.053  render           | Fra: 1 | Mem: 37M | Updating Images | Loading forest_ground_04_Diffuse_2k.jpg
00:43.056  render           | Fra: 1 | Mem: 37M | Updating Images | Loading lichen_rock_Displacement_2k.jpg
00:43.058  render           | Fra: 1 | Mem: 37M | Updating Images | Loading forest_ground_04_nor_gl_2k.jpg
00:43.061  render           | Fra: 1 | Mem: 37M | Updating Images | Loading cliff_side_Displacement_2k.jpg
00:43.063  render           | Fra: 1 | Mem: 37M | Updating Images | Loading cliff_side_nor_gl_2k.jpg
00:43.063  render           | Fra: 1 | Mem: 37M | Updating Images | Loading cliff_side_Diffuse_2k.jpg
00:43.063  render           | Fra: 1 | Mem: 37M | Updating Images | Loading aerial_rocks_02_Diffuse_2k.jpg
00:43.063  render           | Fra: 1 | Mem: 37M | Updating Images | Loading lichen_rock_Rough_2k.jpg
00:43.063  render           | Fra: 1 | Mem: 37M | Updating Images | Loading lichen_rock_nor_gl_2k.jpg
00:43.368  render           | Fra: 1 | Mem: 185M | Updating Mesh | Computing normals
00:43.410  render           | Fra: 1 | Mem: 185M | Updating Mesh | Copying Mesh to device
00:43.429  render           | Fra: 1 | Mem: 248M | Updating Objects | Applying Static Transformations
00:43.449  render           | Fra: 1 | Mem: 248M | Updating Mesh | Computing attributes
00:43.573  render           | Fra: 1 | Mem: 248M | Updating Mesh | Copying Attributes to device
00:43.610  render           | Fra: 1 | Mem: 423M | Updating Mesh | Computing Displacement Island
00:44.544  render           | Fra: 1 | Mem: 423M | Updating Mesh | Computing Displacement mesh1-geometry.001
00:44.555  render           | Fra: 1 | Mem: 423M | Updating Mesh | Computing Displacement modelShape.001
00:44.567  render           | Fra: 1 | Mem: 423M | Updating Mesh | Computing Displacement medium.002
00:44.580  render           | Fra: 1 | Mem: 423M | Updating Mesh | Computing Displacement mesh1-geometry.002
00:44.591  render           | Fra: 1 | Mem: 423M | Updating Mesh | Computing Displacement modelShape.002
00:44.608  render           | Fra: 1 | Mem: 423M | Updating Mesh | Computing Displacement medium.003
00:44.624  render           | Fra: 1 | Mem: 423M | Updating Mesh | Computing Displacement mesh1-geometry.004
00:44.635  render           | Fra: 1 | Mem: 423M | Updating Mesh | Computing Displacement modelShape.004
00:44.652  render           | Fra: 1 | Mem: 423M | Updating Mesh | Computing Displacement medium.004
00:44.667  render           | Fra: 1 | Mem: 423M | Updating Mesh | Computing Displacement mesh1-geometry.005
00:44.676  render           | Fra: 1 | Mem: 423M | Updating Mesh | Computing Displacement modelShape.005
00:44.690  render           | Fra: 1 | Mem: 423M | Updating Mesh | Computing Displacement medium.005
00:44.704  render           | Fra: 1 | Mem: 423M | Updating Mesh | Computing Displacement mesh1-geometry.006
00:44.716  render           | Fra: 1 | Mem: 423M | Updating Mesh | Computing Displacement modelShape.006
00:44.732  render           | Fra: 1 | Mem: 423M | Updating Mesh | Computing Displacement medium.006
00:44.743  render           | Fra: 1 | Mem: 423M | Updating Mesh | Computing Displacement mesh1-geometry.007
00:44.756  render           | Fra: 1 | Mem: 423M | Updating Mesh | Computing Displacement modelShape.007
00:44.778  render           | Fra: 1 | Mem: 423M | Updating Mesh | Computing Displacement medium.007
00:44.789  render           | Fra: 1 | Mem: 423M | Updating Mesh | Computing Displacement mesh1-geometry.008
00:44.800  render           | Fra: 1 | Mem: 423M | Updating Mesh | Computing Displacement modelShape.008
00:44.835  render           | Fra: 1 | Mem: 185M | Updating Geometry BVH backgroundlight 63/62 | Building BVH
00:44.835  render           | Fra: 1 | Mem: 185M | Updating Geometry BVH backgroundlight 63/62 | Building OptiX acceleration structure
00:44.835  render           | Fra: 1 | Mem: 185M | Updating Geometry BVH Grid 62/62 | Building BVH
00:44.835  render           | Fra: 1 | Mem: 185M | Updating Geometry BVH Grid 62/62 | Building OptiX acceleration structure
00:44.837  render           | Fra: 1 | Mem: 188M | Updating Geometry BVH Sun 61/62 | Building BVH
00:44.837  render           | Fra: 1 | Mem: 188M | Updating Geometry BVH Sun 61/62 | Building OptiX acceleration structure
00:44.838  render           | Fra: 1 | Mem: 188M | Updating Geometry BVH NurbsPath.005 60/62 | Building BVH
00:44.838  render           | Fra: 1 | Mem: 188M | Updating Geometry BVH NurbsPath.005 60/62 | Building OptiX acceleration structure
00:44.841  render           | Fra: 1 | Mem: 188M | Updating Geometry BVH Cube 2/62 | Building BVH
00:44.841  render           | Fra: 1 | Mem: 188M | Updating Geometry BVH Cube 2/62 | Building OptiX acceleration structure
00:44.841  render           | Fra: 1 | Mem: 188M | Updating Geometry BVH TopMoss 4/62 | Building BVH
00:44.842  render           | Fra: 1 | Mem: 188M | Updating Geometry BVH TopMoss 4/62 | Building OptiX acceleration structure
00:44.842  render           | Fra: 1 | Mem: 188M | Updating Geometry BVH Plane.004 5/62 | Building BVH
00:44.842  render           | Fra: 1 | Mem: 188M | Updating Geometry BVH Plane.004 5/62 | Building OptiX acceleration structure
00:44.842  render           | Fra: 1 | Mem: 188M | Updating Geometry BVH Plane.010 6/62 | Building BVH
00:44.842  render           | Fra: 1 | Mem: 188M | Updating Geometry BVH Plane.010 6/62 | Building OptiX acceleration structure
00:44.842  render           | Fra: 1 | Mem: 188M | Updating Geometry BVH Plane.011 7/62 | Building BVH
00:44.842  render           | Fra: 1 | Mem: 188M | Updating Geometry BVH Plane.011 7/62 | Building OptiX acceleration structure
00:44.842  render           | Fra: 1 | Mem: 188M | Updating Geometry BVH Plane.005 8/62 | Building BVH
00:44.843  render           | Fra: 1 | Mem: 188M | Updating Geometry BVH Plane.005 8/62 | Building OptiX acceleration structure
00:44.843  render           | Fra: 1 | Mem: 188M | Updating Geometry BVH Plane.035 9/62 | Building BVH
00:44.843  render           | Fra: 1 | Mem: 188M | Updating Geometry BVH Plane.035 9/62 | Building OptiX acceleration structure
00:44.843  render           | Fra: 1 | Mem: 193M | Updating Geometry BVH Island 3/62 | Building BVH
00:44.843  render           | Fra: 1 | Mem: 193M | Updating Geometry BVH Island 3/62 | Building OptiX acceleration structure
00:44.843  render           | Fra: 1 | Mem: 193M | Updating Geometry BVH Plane.009 10/62 | Building BVH
00:44.843  render           | Fra: 1 | Mem: 193M | Updating Geometry BVH Plane.009 10/62 | Building OptiX acceleration structure
00:44.843  render           | Fra: 1 | Mem: 193M | Updating Geometry BVH Plane.006 11/62 | Building BVH
00:44.843  render           | Fra: 1 | Mem: 193M | Updating Geometry BVH Plane.006 11/62 | Building OptiX acceleration structure
00:44.843  render           | Fra: 1 | Mem: 193M | Updating Geometry BVH Plane.040 12/62 | Building BVH
00:44.843  render           | Fra: 1 | Mem: 193M | Updating Geometry BVH Plane.040 12/62 | Building OptiX acceleration structure
00:44.843  render           | Fra: 1 | Mem: 193M | Updating Geometry BVH Plane.007 13/62 | Building BVH
00:44.844  render           | Fra: 1 | Mem: 193M | Updating Geometry BVH Plane.008 14/62 | Building OptiX acceleration structure
00:44.846  render           | Fra: 1 | Mem: 193M | Updating Geometry BVH Plane.003 15/62 | Building BVH
00:44.846  render           | Fra: 1 | Mem: 193M | Updating Geometry BVH Plane.003 15/62 | Building OptiX acceleration structure
00:44.846  render           | Fra: 1 | Mem: 193M | Updating Geometry BVH Plane.032 16/62 | Building BVH
00:44.846  render           | Fra: 1 | Mem: 193M | Updating Geometry BVH Plane.032 16/62 | Building OptiX acceleration structure
00:44.850  render           | Fra: 1 | Mem: 239M | Updating Geometry BVH TopGrass 17/62 | Building BVH
00:44.850  render           | Fra: 1 | Mem: 239M | Updating Geometry BVH TopGrass 17/62 | Building OptiX acceleration structure
00:44.850  render           | Fra: 1 | Mem: 239M | Updating Geometry BVH Plane.058 18/62 | Building BVH
00:44.850  render           | Fra: 1 | Mem: 239M | Updating Geometry BVH Plane.058 18/62 | Building OptiX acceleration structure
00:44.851  render           | Fra: 1 | Mem: 239M | Updating Geometry BVH Plane.059 19/62 | Building BVH
00:44.852  render           | Fra: 1 | Mem: 239M | Updating Geometry BVH Plane.059 19/62 | Building OptiX acceleration structure
00:44.853  render           | Fra: 1 | Mem: 200M | Updating Geometry BVH Plane.037 20/62 | Building BVH
00:44.853  render           | Fra: 1 | Mem: 200M | Updating Geometry BVH Plane.037 20/62 | Building OptiX acceleration structure
00:44.853  render           | Fra: 1 | Mem: 200M | Updating Geometry BVH Plane.048 21/62 | Building BVH
00:44.853  render           | Fra: 1 | Mem: 200M | Updating Geometry BVH Plane.048 21/62 | Building OptiX acceleration structure
00:44.854  render           | Fra: 1 | Mem: 200M | Updating Geometry BVH Plane.039 22/62 | Building BVH
00:44.854  render           | Fra: 1 | Mem: 200M | Updating Geometry BVH Plane.039 22/62 | Building OptiX acceleration structure
00:44.854  render           | Fra: 1 | Mem: 200M | Updating Geometry BVH Plane.057 23/62 | Building BVH
00:44.854  render           | Fra: 1 | Mem: 200M | Updating Geometry BVH Plane.057 23/62 | Building OptiX acceleration structure
00:44.855  render           | Fra: 1 | Mem: 200M | Updating Geometry BVH Plane.055 24/62 | Building BVH
00:44.855  render           | Fra: 1 | Mem: 200M | Updating Geometry BVH Plane.055 24/62 | Building OptiX acceleration structure
00:44.855  render           | Fra: 1 | Mem: 200M | Updating Geometry BVH Plane.047 25/62 | Building BVH
00:44.855  render           | Fra: 1 | Mem: 200M | Updating Geometry BVH Plane.047 25/62 | Building OptiX acceleration structure
00:44.856  render           | Fra: 1 | Mem: 200M | Updating Geometry BVH Plane.054 26/62 | Building BVH
00:44.856  render           | Fra: 1 | Mem: 200M | Updating Geometry BVH Plane.054 26/62 | Building OptiX acceleration structure
00:44.856  render           | Fra: 1 | Mem: 200M | Updating Geometry BVH Plane.056 27/62 | Building BVH
00:44.856  render           | Fra: 1 | Mem: 200M | Updating Geometry BVH Plane.056 27/62 | Building OptiX acceleration structure
00:44.856  render           | Fra: 1 | Mem: 200M | Updating Geometry BVH TopGrassTall 28/62 | Building BVH
00:44.856  render           | Fra: 1 | Mem: 200M | Updating Geometry BVH TopGrassTall 28/62 | Building OptiX acceleration structure
00:44.856  render           | Fra: 1 | Mem: 200M | Updating Geometry BVH Plane.043 29/62 | Building BVH
00:44.856  render           | Fra: 1 | Mem: 200M | Updating Geometry BVH Plane.043 29/62 | Building OptiX acceleration structure
00:44.857  render           | Fra: 1 | Mem: 200M | Updating Geometry BVH Plane.042 30/62 | Building BVH
00:44.857  render           | Fra: 1 | Mem: 200M | Updating Geometry BVH Plane.042 30/62 | Building OptiX acceleration structure
00:44.857  render           | Fra: 1 | Mem: 200M | Updating Geometry BVH Plane.045 31/62 | Building BVH
00:44.857  render           | Fra: 1 | Mem: 200M | Updating Geometry BVH Plane.045 31/62 | Building OptiX acceleration structure
00:44.857  render           | Fra: 1 | Mem: 200M | Updating Geometry BVH LipMoss 32/62 | Building BVH
00:44.857  render           | Fra: 1 | Mem: 200M | Updating Geometry BVH LipMoss 32/62 | Building OptiX acceleration structure
00:44.857  render           | Fra: 1 | Mem: 200M | Updating Geometry BVH Flowers 33/62 | Building BVH
00:44.857  render           | Fra: 1 | Mem: 200M | Updating Geometry BVH Flowers 33/62 | Building OptiX acceleration structure
00:44.857  render           | Fra: 1 | Mem: 200M | Updating Geometry BVH Plane.5143 34/62 | Building BVH
00:44.857  render           | Fra: 1 | Mem: 200M | Updating Geometry BVH Plane.5143 34/62 | Building OptiX acceleration structure
00:44.859  render           | Fra: 1 | Mem: 201M | Updating Geometry BVH Plane.2197 35/62 | Building BVH
00:44.859  render           | Fra: 1 | Mem: 201M | Updating Geometry BVH Plane.2197 35/62 | Building OptiX acceleration structure
00:44.860  render           | Fra: 1 | Mem: 202M | Updating Geometry BVH mesh1-geometry.003 36/62 | Building BVH
00:44.860  render           | Fra: 1 | Mem: 202M | Updating Geometry BVH mesh1-geometry.003 36/62 | Building OptiX acceleration structure
00:44.860  render           | Fra: 1 | Mem: 203M | Updating Geometry BVH NurbsPath.007 59/62 | Building BVH
00:44.860  render           | Fra: 1 | Mem: 203M | Updating Geometry BVH NurbsPath.007 59/62 | Building OptiX acceleration structure
00:44.860  render           | Fra: 1 | Mem: 202M | Updating Geometry BVH modelShape.003 37/62 | Building BVH
00:44.860  render           | Fra: 1 | Mem: 202M | Updating Geometry BVH modelShape.003 37/62 | Building OptiX acceleration structure
00:44.861  render           | Fra: 1 | Mem: 203M | Updating Geometry BVH medium.001 38/62 | Building BVH
00:44.861  render           | Fra: 1 | Mem: 203M | Updating Geometry BVH medium.001 38/62 | Building OptiX acceleration structure
00:44.861  render           | Fra: 1 | Mem: 203M | Updating Geometry BVH mesh1-geometry.001 39/62 | Building BVH
00:44.861  render           | Fra: 1 | Mem: 203M | Updating Geometry BVH mesh1-geometry.001 39/62 | Building OptiX acceleration structure
00:44.861  render           | Fra: 1 | Mem: 204M | Updating Geometry BVH modelShape.001 40/62 | Building BVH
00:44.862  render           | Fra: 1 | Mem: 204M | Updating Geometry BVH modelShape.001 40/62 | Building OptiX acceleration structure
00:44.862  render           | Fra: 1 | Mem: 203M | Updating Geometry BVH medium.002 41/62 | Building BVH
00:44.862  render           | Fra: 1 | Mem: 203M | Updating Geometry BVH medium.002 41/62 | Building OptiX acceleration structure
00:44.862  render           | Fra: 1 | Mem: 203M | Updating Geometry BVH mesh1-geometry.002 42/62 | Building BVH
00:44.862  render           | Fra: 1 | Mem: 203M | Updating Geometry BVH mesh1-geometry.002 42/62 | Building OptiX acceleration structure
00:44.862  render           | Fra: 1 | Mem: 203M | Updating Geometry BVH modelShape.002 43/62 | Building BVH
00:44.862  render           | Fra: 1 | Mem: 203M | Updating Geometry BVH modelShape.002 43/62 | Building OptiX acceleration structure
00:44.863  render           | Fra: 1 | Mem: 203M | Updating Geometry BVH medium.003 44/62 | Building BVH
00:44.863  render           | Fra: 1 | Mem: 203M | Updating Geometry BVH medium.003 44/62 | Building OptiX acceleration structure
00:44.864  render           | Fra: 1 | Mem: 204M | Updating Geometry BVH mesh1-geometry.004 45/62 | Building BVH
00:44.864  render           | Fra: 1 | Mem: 204M | Updating Geometry BVH mesh1-geometry.004 45/62 | Building OptiX acceleration structure
00:44.864  render           | Fra: 1 | Mem: 204M | Updating Geometry BVH modelShape.004 46/62 | Building BVH
00:44.864  render           | Fra: 1 | Mem: 204M | Updating Geometry BVH modelShape.004 46/62 | Building OptiX acceleration structure
00:44.865  render           | Fra: 1 | Mem: 204M | Updating Geometry BVH medium.004 47/62 | Building BVH
00:44.865  render           | Fra: 1 | Mem: 204M | Updating Geometry BVH medium.004 47/62 | Building OptiX acceleration structure
00:44.868  render           | Fra: 1 | Mem: 206M | Updating Geometry BVH mesh1-geometry.005 48/62 | Building BVH
00:44.868  render           | Fra: 1 | Mem: 206M | Updating Geometry BVH mesh1-geometry.005 48/62 | Building OptiX acceleration structure
00:44.869  render           | Fra: 1 | Mem: 205M | Updating Geometry BVH modelShape.005 49/62 | Building BVH
00:44.869  render           | Fra: 1 | Mem: 205M | Updating Geometry BVH modelShape.005 49/62 | Building OptiX acceleration structure
00:44.869  render           | Fra: 1 | Mem: 205M | Updating Geometry BVH medium.005 50/62 | Building BVH
00:44.869  render           | Fra: 1 | Mem: 205M | Updating Geometry BVH medium.005 50/62 | Building OptiX acceleration structure
00:44.870  render           | Fra: 1 | Mem: 205M | Updating Geometry BVH mesh1-geometry.006 51/62 | Building BVH
00:44.870  render           | Fra: 1 | Mem: 205M | Updating Geometry BVH mesh1-geometry.006 51/62 | Building OptiX acceleration structure
00:44.871  render           | Fra: 1 | Mem: 206M | Updating Geometry BVH modelShape.006 52/62 | Building BVH
00:44.871  render           | Fra: 1 | Mem: 206M | Updating Geometry BVH modelShape.006 52/62 | Building OptiX acceleration structure
00:44.871  render           | Fra: 1 | Mem: 206M | Updating Geometry BVH medium.006 53/62 | Building BVH
00:44.871  render           | Fra: 1 | Mem: 206M | Updating Geometry BVH medium.006 53/62 | Building OptiX acceleration structure
00:44.871  render           | Fra: 1 | Mem: 206M | Updating Geometry BVH mesh1-geometry.007 54/62 | Building BVH
00:44.871  render           | Fra: 1 | Mem: 206M | Updating Geometry BVH mesh1-geometry.007 54/62 | Building OptiX acceleration structure
00:44.872  render           | Fra: 1 | Mem: 206M | Updating Geometry BVH modelShape.007 55/62 | Building BVH
00:44.872  render           | Fra: 1 | Mem: 206M | Updating Geometry BVH modelShape.007 55/62 | Building OptiX acceleration structure
00:44.873  render           | Fra: 1 | Mem: 207M | Updating Geometry BVH medium.007 56/62 | Building BVH
00:44.873  render           | Fra: 1 | Mem: 207M | Updating Geometry BVH medium.007 56/62 | Building OptiX acceleration structure
00:44.873  render           | Fra: 1 | Mem: 207M | Updating Geometry BVH mesh1-geometry.008 57/62 | Building BVH
00:44.873  render           | Fra: 1 | Mem: 207M | Updating Geometry BVH mesh1-geometry.008 57/62 | Building OptiX acceleration structure
00:44.874  render           | Fra: 1 | Mem: 207M | Updating Geometry BVH modelShape.008 58/62 | Building BVH
00:44.874  render           | Fra: 1 | Mem: 207M | Updating Geometry BVH modelShape.008 58/62 | Building OptiX acceleration structure
00:44.921  render           | Fra: 1 | Mem: 282M | Updating Scene BVH | Building
00:44.921  render           | Fra: 1 | Mem: 282M | Updating Scene BVH | Building OptiX acceleration structure
00:44.941  render           | Fra: 1 | Mem: 304M | Updating Scene BVH | Copying BVH to device
00:44.941  render           | Fra: 1 | Mem: 304M | Updating Mesh | Computing attributes
00:45.160  render           | Fra: 1 | Mem: 304M | Updating Mesh | Copying Attributes to device
00:45.202  render           | Fra: 1 | Mem: 628M | Updating Mesh | Computing normals
00:45.253  render           | Fra: 1 | Mem: 628M | Updating Mesh | Copying Mesh to device
00:45.285  render           | Fra: 1 | Mem: 690M | Updating Objects Flags
00:45.290  render           | Fra: 1 | Mem: 690M | Updating Primitive Offsets
00:45.292  render           | Fra: 1 | Mem: 691M | Updating Images
00:45.292  render           | Fra: 1 | Mem: 691M | Updating Images | Loading fir_sapling_medium_branches_disp_2k.png
00:45.292  render           | Fra: 1 | Mem: 691M | Updating Images | Loading fir_sapling_medium_twigs_rough_2k.png
00:45.292  render           | Fra: 1 | Mem: 691M | Updating Images | Loading flower_heliophila_nor_gl_2k.exr
00:45.292  render           | Fra: 1 | Mem: 691M | Updating Images | Loading rock_moss_set_01_rough_2k.jpg
00:45.293  render           | Fra: 1 | Mem: 691M | Updating Images | Loading moss_01_alpha_2k.png
00:45.293  render           | Fra: 1 | Mem: 691M | Updating Images | Loading moss_01_rough_2k.exr
00:45.295  render           | Fra: 1 | Mem: 691M | Updating Images | Loading flower_heliophila_rough_2k.exr
00:45.301  render           | Fra: 1 | Mem: 691M | Updating Images | Loading flower_heliophila_diff_2k.jpg
00:45.345  render           | Fra: 1 | Mem: 691M | Updating Images | Loading flower_heliophila_translucency_2k.png
00:45.358  render           | Fra: 1 | Mem: 691M | Updating Images | Loading fir_sapling_medium_twigs_alpha_2k.png
00:45.359  render           | Fra: 1 | Mem: 691M | Updating Images | Loading fir_sapling_medium_twigs_mask_2k.png
00:46.015  render           | Fra: 1 | Mem: 1299M | Updating Volume
00:46.015  render           | Fra: 1 | Mem: 1299M | Updating Volume | Creating SDF grid for ValleyMist
00:46.146  render           | Fra: 1 | Mem: 1299M | Updating Volume | Evaluating density for ValleyMist
00:46.226  render           | Fra: 1 | Mem: 1299M | Updating Volume | Building octree for ValleyMist
00:46.231  render           | Fra: 1 | Mem: 1299M | Updating Camera Volume
00:46.233  render           | Fra: 1 | Mem: 1299M | Updating Lookup Tables
00:46.233  render           | Fra: 1 | Mem: 1299M | Updating Lights
00:46.239  render           | Fra: 1 | Mem: 1299M | Updating Lights | Importance map
00:46.566  render           | Fra: 1 | Mem: 1363M | Updating Lights | Computing tree
00:46.583  render           | Fra: 1 | Mem: 1365M | Updating Integrator
00:46.583  render           | Fra: 1 | Mem: 1365M | Updating Film
00:46.583  render           | Fra: 1 | Mem: 1364M | Updating Lookup Tables
00:46.583  render           | Fra: 1 | Mem: 1365M | Updating Baking
00:46.586  render           | Fra: 1 | Mem: 1365M | Updating Device | Writing constant memory
00:46.588  render           | Fra: 1 | Mem: 1365M | Loading denoising kernels (may take a few minutes the first time)
00:46.609  render           | Fra: 1 | Mem: 1968M | Rendered 0/4 Tiles, Sample 0/128
00:46.709  render           | Fra: 1 | Remaining: 00:25.18 | Mem: 2466M | Rendered 0/4 Tiles, Sample 1/128
00:46.799  render           | Fra: 1 | Remaining: 00:23.92 | Mem: 2466M | Rendered 0/4 Tiles, Sample 2/128
00:46.965  render           | Fra: 1 | Remaining: 00:22.19 | Mem: 2466M | Rendered 0/4 Tiles, Sample 4/128
00:47.268  render           | Fra: 1 | Remaining: 00:20.20 | Mem: 2466M | Rendered 0/4 Tiles, Sample 8/128
00:47.860  render           | Fra: 1 | Remaining: 00:18.54 | Mem: 2466M | Rendered 0/4 Tiles, Sample 16/128
00:49.004  render           | Fra: 1 | Remaining: 00:16.55 | Mem: 2466M | Rendered 0/4 Tiles, Sample 32/128
00:51.208  render           | Fra: 1 | Remaining: 00:13.59 | Mem: 2466M | Rendered 0/4 Tiles, Sample 64/128
00:52.330  render           | Fra: 1 | Remaining: 00:12.38 | Mem: 2466M | Rendered 0/4 Tiles, Sample 80/128
00:53.450  render           | Fra: 1 | Remaining: 00:11.19 | Mem: 2466M | Rendered 0/4 Tiles, Sample 96/128
00:54.509  render           | Fra: 1 | Remaining: 00:09.95 | Mem: 2466M | Rendered 0/4 Tiles, Sample 112/128
00:56.931  render           | Fra: 1 | Remaining: 00:10.08 | Mem: 2466M | Rendered 0/4 Tiles, Sample 128/128
00:56.931  render           | Fra: 1 | Remaining: 00:10.09 | Mem: 2466M | Rendered 1/4 Tiles, Sample 128/128
00:56.954  render           | Fra: 1 | Remaining: 00:10.10 | Mem: 1997M | Rendered 1/4 Tiles, Sample 1/128
00:56.965  render           | Fra: 1 | Remaining: 00:10.10 | Mem: 1997M | Rendered 1/4 Tiles, Sample 2/128
00:56.981  render           | Fra: 1 | Remaining: 00:10.10 | Mem: 1997M | Rendered 1/4 Tiles, Sample 4/128
00:57.004  render           | Fra: 1 | Remaining: 00:10.09 | Mem: 1997M | Rendered 1/4 Tiles, Sample 8/128
00:57.041  render           | Fra: 1 | Remaining: 00:10.05 | Mem: 1997M | Rendered 1/4 Tiles, Sample 16/128
00:57.108  render           | Fra: 1 | Remaining: 00:09.98 | Mem: 1997M | Rendered 1/4 Tiles, Sample 32/128
00:57.232  render           | Fra: 1 | Remaining: 00:09.82 | Mem: 1997M | Rendered 1/4 Tiles, Sample 64/128
00:57.300  render           | Fra: 1 | Remaining: 00:09.75 | Mem: 1997M | Rendered 1/4 Tiles, Sample 80/128
00:57.362  render           | Fra: 1 | Remaining: 00:09.67 | Mem: 1997M | Rendered 1/4 Tiles, Sample 96/128
00:57.420  render           | Fra: 1 | Remaining: 00:09.59 | Mem: 1997M | Rendered 1/4 Tiles, Sample 112/128
00:57.597  render           | Fra: 1 | Remaining: 00:09.61 | Mem: 1997M | Rendered 1/4 Tiles, Sample 128/128
00:57.597  render           | Fra: 1 | Remaining: 00:09.61 | Mem: 1997M | Rendered 2/4 Tiles, Sample 128/128
00:57.610  render           | Fra: 1 | Remaining: 00:09.49 | Mem: 2404M | Rendered 2/4 Tiles, Sample 1/128
00:57.623  render           | Fra: 1 | Remaining: 00:09.37 | Mem: 2404M | Rendered 2/4 Tiles, Sample 2/128
00:57.643  render           | Fra: 1 | Remaining: 00:09.13 | Mem: 2404M | Rendered 2/4 Tiles, Sample 4/128
00:57.670  render           | Fra: 1 | Remaining: 00:08.65 | Mem: 2404M | Rendered 2/4 Tiles, Sample 8/128
00:57.714  render           | Fra: 1 | Remaining: 00:07.76 | Mem: 2404M | Rendered 2/4 Tiles, Sample 16/128
00:57.790  render           | Fra: 1 | Remaining: 00:06.18 | Mem: 2404M | Rendered 2/4 Tiles, Sample 32/128
00:57.940  render           | Fra: 1 | Remaining: 00:03.68 | Mem: 2404M | Rendered 2/4 Tiles, Sample 64/128
00:58.025  render           | Fra: 1 | Remaining: 00:02.68 | Mem: 2404M | Rendered 2/4 Tiles, Sample 80/128
00:58.041  render           | Fra: 1 | Remaining: 00:01.78 | Mem: 2404M | Rendered 2/4 Tiles, Sample 96/128
00:58.054  render           | Fra: 1 | Remaining: 00:00.98 | Mem: 2404M | Rendered 2/4 Tiles, Sample 112/128
00:58.619  render           | Fra: 1 | Remaining: 00:00.29 | Mem: 2404M | Rendered 2/4 Tiles, Sample 128/128
00:58.619  render           | Fra: 1 | Remaining: 00:00.29 | Mem: 2404M | Rendered 3/4 Tiles, Sample 128/128
00:58.640  render           | Fra: 1 | Remaining: 00:00.29 | Mem: 1993M | Rendered 3/4 Tiles, Sample 1/128
00:58.641  render           | Fra: 1 | Remaining: 00:00.29 | Mem: 1993M | Rendered 3/4 Tiles, Sample 2/128
00:58.643  render           | Fra: 1 | Remaining: 00:00.28 | Mem: 1993M | Rendered 3/4 Tiles, Sample 4/128
00:58.645  render           | Fra: 1 | Remaining: 00:00.27 | Mem: 1993M | Rendered 3/4 Tiles, Sample 8/128
00:58.649  render           | Fra: 1 | Remaining: 00:00.26 | Mem: 1993M | Rendered 3/4 Tiles, Sample 16/128
00:58.654  render           | Fra: 1 | Remaining: 00:00.22 | Mem: 1993M | Rendered 3/4 Tiles, Sample 32/128
00:58.662  render           | Fra: 1 | Remaining: 00:00.14 | Mem: 1993M | Rendered 3/4 Tiles, Sample 64/128
00:58.667  render           | Fra: 1 | Remaining: 00:00.11 | Mem: 1993M | Rendered 3/4 Tiles, Sample 80/128
00:58.730  render           | Fra: 1 | Remaining: 00:00.11 | Mem: 1993M | Rendered 3/4 Tiles, Sample 0/128
00:58.737  render           | Fra: 1 | Remaining: 00:00.11 | Mem: 1993M | Finished
Render statistics:
Mesh statistics:
  Geometry:
    Total memory: 66.48M (69,712,877)
        Island                           41.01M (42,997,861)
        NurbsPath.007                    11.11M (11,645,883)
        NurbsPath.005                    6.82M (7,154,075)
        Grid                             2.12M (2,228,309)
        Plane.5143                       539.82K (552,772)
        Plane.2197                       292.15K (299,166)
        modelShape.008                   274.81K (281,401)
        modelShape.003                   274.81K (281,401)
        modelShape.001                   274.81K (281,401)
        modelShape.002                   274.81K (281,401)
        modelShape.004                   274.81K (281,401)
        modelShape.005                   274.81K (281,401)
        modelShape.007                   274.81K (281,401)
        modelShape.006                   274.81K (281,401)
        medium.004                       175.88K (180,098)
        medium.007                       175.88K (180,098)
        medium.006                       175.88K (180,098)
        medium.001                       175.88K (180,098)
        medium.002                       175.88K (180,098)
        medium.003                       175.88K (180,098)
        medium.005                       175.88K (180,098)
        mesh1-geometry.002               149.40K (152,983)
        mesh1-geometry.006               149.40K (152,983)
        mesh1-geometry.001               149.40K (152,983)
        mesh1-geometry.003               149.40K (152,983)
        mesh1-geometry.007               149.40K (152,983)
        mesh1-geometry.004               149.40K (152,983)
        mesh1-geometry.005               149.40K (152,983)
        mesh1-geometry.008               149.40K (152,983)
        Plane.048                        24.42K (25,007)
        Plane.039                        20.95K (21,454)
        Plane.037                        13.91K (14,246)
        Plane.047                        10.92K (11,186)
        Plane.045                        5.73K (5,865)
        Plane.042                        5.23K (5,355)
        Plane.043                        4.90K (5,015)
        Plane.055                        1.39K (1,428)
        Plane.058                        1.11K (1,139)
        Plane.059                        1.08K (1,105)
        Plane.054                        765B (765)
        Plane.057                        629B (629)
        Plane.056                        561B (561)
        Plane.040                        493B (493)
        Plane.035                        493B (493)
        Plane.009                        493B (493)
        Plane.003                        493B (493)
        Plane.006                        425B (425)
        Plane.005                        425B (425)
        Plane.008                        357B (357)
        Plane.007                        357B (357)
        Plane.004                        357B (357)
        Cube                             289B (289)
        Plane.032                        221B (221)
        Plane.011                        187B (187)
        Plane.010                        187B (187)
        Flowers                          85B (85)
        LipMoss                          85B (85)
        TopGrassTall                     85B (85)
        TopGrass                         85B (85)
        TopMoss                          85B (85)
        backgroundlight                  50B (50)
        Sun                              46B (46)
Image statistics:
  Full Images:
    kloofendal_overcast_puresky_4k.hdr 128.00M (134,217,728)
    fir_sapling_medium_branches_nor_gl_2k.png 32.00M (33,554,432)
    fir_sapling_medium_twigs_mask_2k.png 32.00M (33,554,432)
    fir_sapling_medium_twigs_alpha_2k.png 32.00M (33,554,432)
    fir_sapling_medium_twigs_diff_2k.png 32.00M (33,554,432)
    fir_sapling_medium_branches_diff_2k.png 32.00M (33,554,432)
    fir_sapling_medium_twigs_nor_gl_2k.png 32.00M (33,554,432)
    rock_moss_set_01_nor_gl_2k.exr   32.00M (33,554,432)
    flower_heliophila_nor_g00:58.737  render           | Start rendering: Scene, haze
00:58.737  render           | Engine: Cycles
01:00.449  render           | Fra: 1 | Mem: 1M | Synchronizing object | grass_medium_01_tiny_f_LOD0
l_2k.exr  32.00M (33,554,432)
    grass_medium_01_nor_gl_2k.exr    32.00M (33,554,432)
    moss_01_nor_gl_2k.exr            32.00M (33,554,432)
    aerial_rocks_02_Diffuse_2k.jpg   16.00M (16,777,216)
    forest_ground_04_nor_gl_2k.jpg   16.00M (16,777,216)
    lichen_rock_Diffuse_2k.jpg       16.00M (16,777,216)
    flower_heliophila_diff_2k.jpg    16.00M (16,777,216)
    rock_moss_set_01_diff_2k.jpg     16.00M (16,777,216)
    rock_moss_set_01_rough_2k.jpg    16.00M (16,777,216)
    lichen_rock_Displacement_2k.jpg  16.00M (16,777,216)
    forest_ground_04_Diffuse_2k.jpg  16.00M (16,777,216)
    lichen_rock_nor_gl_2k.jpg        16.00M (16,777,216)
    grass_medium_01_diff_2k.jpg      16.00M (16,777,216)
    lichen_rock_Rough_2k.jpg         16.00M (16,777,216)
    moss_01_diff_2k.jpg              16.00M (16,777,216)
    cliff_side_Diffuse_2k.jpg        16.00M (16,777,216)
    cliff_side_nor_gl_2k.jpg         16.00M (16,777,216)
    fir_sapling_medium_twigs_rough_2k.png 8.00M (8,388,608)
    grass_medium_01_rough_2k.exr     8.00M (8,388,608)
    fir_sapling_medium_branches_disp_2k.png 8.00M (8,388,608)
    flower_heliophila_translucency_2k.png 8.00M (8,388,608)
    flower_heliophila_rough_2k.exr   8.00M (8,388,608)
    moss_01_rough_2k.exr             8.00M (8,388,608)
    moss_01_alpha_2k.png             8.00M (8,388,608)
    fir_sapling_medium_branches_rough_2k.png 8.00M (8,388,608)
    flower_heliophila_alpha_2k.png   8.00M (8,388,608)
    grass_medium_01_alpha_2k.png     8.00M (8,388,608)
    cliff_side_Displacement_2k.jpg   4.00M (4,194,304)
  Full image memory: 756.00M (792,723,456)
  Overhead image memory: 3.94K (4,032)
  Total image memory: 756.00M (792,727,488)
Profiling information not available (only works with CPU rendering)
01:00.449  render           | Fra: 1 | Mem: 1M | Synchronizing object | grass_medium_01_tiny_c_LOD0
01:00.449  render           | Fra: 1 | Mem: 1M | Synchronizing object | moss_01_tall_b_LOD0
01:00.449  render           | Fra: 1 | Mem: 1M | Synchronizing object | moss_01_g_LOD0
01:00.449  render           | Fra: 1 | Mem: 1M | Synchronizing object | moss_01_c_LOD0
01:00.449  render           | Fra: 1 | Mem: 1M | Synchronizing object | moss_01_b_LOD0
01:00.449  render           | Fra: 1 | Mem: 1M | Synchronizing object | moss_01_a_LOD0
01:00.449  render           | Fra: 1 | Mem: 1M | Synchronizing object | flower_heliophila_small_LOD0
01:00.449  render           | Fra: 1 | Mem: 1M | Synchronizing object | flower_heliophila_medium_LOD0
01:05.520  render           | Fra: 1 | Mem: 1M | Synchronizing object | Island
01:05.531  render           | Fra: 1 | Mem: 1M | Synchronizing object | TopMoss
01:05.785  render           | Fra: 1 | Mem: 1M | Synchronizing object | TopGrass
01:05.793  render           | Fra: 1 | Mem: 1M | Synchronizing object | TopGrassTall
01:05.812  render           | Fra: 1 | Mem: 1M | Synchronizing object | LipMoss
01:06.184  render           | Fra: 1 | Mem: 1M | Synchronizing object | Terrain
01:06.186  render           | Fra: 1 | Mem: 1M | Synchronizing object | Flowers
01:06.186  render           | Fra: 1 | Mem: 1M | Synchronizing object | rock_moss_set_01_rock04.001
01:06.186  render           | Fra: 1 | Mem: 1M | Synchronizing object | rock_moss_set_01_rock06.005
01:06.186  render           | Fra: 1 | Mem: 1M | Synchronizing object | rock_moss_set_01_rock05.006
01:06.186  render           | Fra: 1 | Mem: 1M | Synchronizing object | rock_moss_set_01_rock04.005
01:06.186  render           | Fra: 1 | Mem: 1M | Synchronizing object | rock_moss_set_01_rock06.007
01:06.186  render           | Fra: 1 | Mem: 1M | Synchronizing object | rock_moss_set_01_rock05.007
01:06.186  render           | Fra: 1 | Mem: 1M | Synchronizing object | rock_moss_set_01_rock04.006
01:06.186  render           | Fra: 1 | Mem: 1M | Synchronizing object | rock_moss_set_01_rock06.008
01:06.186  render           | Fra: 1 | Mem: 1M | Synchronizing object | rock_moss_set_01_rock05.008
01:06.186  render           | Fra: 1 | Mem: 1M | Synchronizing object | rock_moss_set_01_rock04.007
01:06.186  render           | Fra: 1 | Mem: 1M | Synchronizing object | rock_moss_set_01_rock06.009
01:06.186  render           | Fra: 1 | Mem: 1M | Synchronizing object | rock_moss_set_01_rock05.009
01:06.186  render           | Fra: 1 | Mem: 1M | Synchronizing object | fir_sapling_medium_a_LOD0.001
01:06.186  render           | Fra: 1 | Mem: 1M | Synchronizing object | fir_sapling_medium_b_LOD0.001
01:06.186  render           | Fra: 1 | Mem: 1M | Synchronizing object | Sun
01:06.260  render           | Fra: 1 | Mem: 1M | Initializing
01:06.460  render           | Fra: 1 | Mem: 1M | Waiting for render to start
01:06.461  render           | Fra: 1 | Mem: 1M | Updating Scene
01:06.461  render           | Fra: 1 | Mem: 1M | Updating Shaders
01:06.475  render           | Fra: 1 | Mem: 1M | Loading render kernels (may take a few minutes the first time)
01:06.572  render           | Fra: 1 | Mem: 1M | Updating Procedurals
Update statistics:
Scene:
    Total time: 0.102165s
        device_update                            0.102165s
Geometry:
    Total time: 0.000000s
Light:
    Total time: 0.000000s
Object:
    Total time: 0.000000s
Image:
    Total time: 0.000000s
Background:
    Total time: 0.000000s
Bake:
    Total time: 0.000000s
Camera:
    Total time: 0.000000s
Film:
    Total time: 0.000000s
Integrator:
    Total time: 0.000000s
OSL:
    Total time: 0.000000s
Particles:
    Total time: 0.000000s
SVM:
    Total time: 0.000000s
Tables:
    Total time: 0.000000s
Procedurals:
    Total time: 0.000000s

01:06.572  render           | Fra: 1 | Mem: 1M | Updating Background
01:06.572  render           | Fra: 1 | Mem: 1M | Updating Scene Attribute
01:06.572  render           | Fra: 1 | Mem: 1M | Updating Camera
01:06.572  render           | Fra: 1 | Mem: 1M | Updating Meshes Flags
01:06.572  render           | Fra: 1 | Mem: 1M | Updating Objects
01:06.574  render           | Fra: 1 | Mem: 1M | Updating Objects | Copying Transformations to device
01:06.591  render           | Fra: 1 | Mem: 37M | Updating Particle Systems
01:06.591  render           | Fra: 1 | Mem: 37M | Updating Particle Systems | Copying Particles to device
01:06.591  render           | Fra: 1 | Mem: 37M | Updating Meshes
01:06.944  render           | Fra: 1 | Mem: 37M | Updating Displacement Images
01:06.944  render           | Fra: 1 | Mem: 37M | Updating Images | Loading lichen_rock_Displacement_2k.jpg
01:06.944  render           | Fra: 1 | Mem: 37M | Updating Images | Loading cliff_side_Diffuse_2k.jpg
01:06.944  render           | Fra: 1 | Mem: 37M | Updating Images | Loading cliff_side_Displacement_2k.jpg
01:06.944  render           | Fra: 1 | Mem: 37M | Updating Images | Loading lichen_rock_Diffuse_2k.jpg
01:06.944  render           | Fra: 1 | Mem: 37M | Updating Images | Loading aerial_rocks_02_Diffuse_2k.jpg
01:06.944  render           | Fra: 1 | Mem: 37M | Updating Images | Loading lichen_rock_Rough_2k.jpg
01:06.944  render           | Fra: 1 | Mem: 37M | Updating Images | Loading lichen_rock_nor_gl_2k.jpg
01:07.136  render           | Fra: 1 | Mem: 185M | Updating Mesh | Computing normals
01:07.179  render           | Fra: 1 | Mem: 185M | Updating Mesh | Copying Mesh to device
01:07.191  render           | Fra: 1 | Mem: 248M | Updating Objects | Applying Static Transformations
01:07.207  render           | Fra: 1 | Mem: 248M | Updating Mesh | Computing attributes
01:07.332  render           | Fra: 1 | Mem: 248M | Updating Mesh | Copying Attributes to device
01:07.402  render           | Fra: 1 | Mem: 423M | Updating Mesh | Computing Displacement Island
01:08.433  render           | Fra: 1 | Mem: 423M | Updating Mesh | Computing Displacement mesh1-geometry.001
01:08.449  render           | Fra: 1 | Mem: 423M | Updating Mesh | Computing Displacement modelShape.001
01:08.461  render           | Fra: 1 | Mem: 423M | Updating Mesh | Computing Displacement medium.002
01:08.476  render           | Fra: 1 | Mem: 423M | Updating Mesh | Computing Displacement mesh1-geometry.002
01:08.494  render           | Fra: 1 | Mem: 423M | Updating Mesh | Computing Displacement modelShape.002
01:08.515  render           | Fra: 1 | Mem: 423M | Updating Mesh | Computing Displacement medium.003
01:08.545  render           | Fra: 1 | Mem: 423M | Updating Mesh | Computing Displacement mesh1-geometry.004
01:08.578  render           | Fra: 1 | Mem: 423M | Updating Mesh | Computing Displacement modelShape.004
01:08.609  render           | Fra: 1 | Mem: 423M | Updating Mesh | Computing Displacement medium.004
01:08.636  render           | Fra: 1 | Mem: 423M | Updating Mesh | Computing Displacement mesh1-geometry.005
01:08.670  render           | Fra: 1 | Mem: 423M | Updating Mesh | Computing Displacement modelShape.005
01:08.704  render           | Fra: 1 | Mem: 423M | Updating Mesh | Computing Displacement medium.005
01:08.728  render           | Fra: 1 | Mem: 423M | Updating Mesh | Computing Displacement mesh1-geometry.006
01:08.748  render           | Fra: 1 | Mem: 423M | Updating Mesh | Computing Displacement modelShape.006
01:08.759  render           | Fra: 1 | Mem: 423M | Updating Mesh | Computing Displacement medium.006
01:08.771  render           | Fra: 1 | Mem: 423M | Updating Mesh | Computing Displacement mesh1-geometry.007
01:08.792  render           | Fra: 1 | Mem: 423M | Updating Mesh | Computing Displacement modelShape.007
01:08.807  render           | Fra: 1 | Mem: 423M | Updating Mesh | Computing Displacement medium.007
01:08.818  render           | Fra: 1 | Mem: 423M | Updating Mesh | Computing Displacement mesh1-geometry.008
01:08.834  render           | Fra: 1 | Mem: 423M | Updating Mesh | Computing Displacement modelShape.008
01:08.857  render           | Fra: 1 | Mem: 185M | Updating Geometry BVH Plane.059 2/1 | Building BVH
01:08.857  render           | Fra: 1 | Mem: 185M | Updating Geometry BVH Plane.059 2/1 | Building OptiX acceleration structure
01:08.859  render           | Fra: 1 | Mem: 185M | Updating Geometry BVH backgroundlight 62/61 | Building BVH
01:08.859  render           | Fra: 1 | Mem: 185M | Updating Geometry BVH backgroundlight 62/61 | Building OptiX acceleration structure
01:08.859  render           | Fra: 1 | Mem: 185M | Updating Geometry BVH Grid 61/61 | Building BVH
01:08.859  render           | Fra: 1 | Mem: 185M | Updating Geometry BVH Grid 61/61 | Building OptiX acceleration structure
01:08.859  render           | Fra: 1 | Mem: 187M | Updating Geometry BVH Plane.057 4/61 | Building BVH
01:08.860  render           | Fra: 1 | Mem: 187M | Updating Geometry BVH Plane.058 3/61 | Building OptiX acceleration structure
01:08.860  render           | Fra: 1 | Mem: 187M | Updating Geometry BVH Plane.054 5/61 | Building BVH
01:08.860  render           | Fra: 1 | Mem: 187M | Updating Geometry BVH Plane.054 5/61 | Building OptiX acceleration structure
01:08.860  render           | Fra: 1 | Mem: 200M | Updating Geometry BVH Plane.056 6/61 | Building BVH
01:08.861  render           | Fra: 1 | Mem: 200M | Updating Geometry BVH Plane.056 6/61 | Building OptiX acceleration structure
01:08.861  render           | Fra: 1 | Mem: 188M | Updating Geometry BVH Sun 60/61 | Building BVH
01:08.861  render           | Fra: 1 | Mem: 188M | Updating Geometry BVH Sun 60/61 | Building OptiX acceleration structure
01:08.861  render           | Fra: 1 | Mem: 188M | Updating Geometry BVH Plane.055 7/61 | Building BVH
01:08.862  render           | Fra: 1 | Mem: 188M | Updating Geometry BVH Plane.055 7/61 | Building OptiX acceleration structure
01:08.862  render           | Fra: 1 | Mem: 188M | Updating Geometry BVH Plane.047 8/61 | Building BVH
01:08.862  render           | Fra: 1 | Mem: 188M | Updating Geometry BVH Plane.047 8/61 | Building OptiX acceleration structure
01:08.862  render           | Fra: 1 | Mem: 188M | Updating Geometry BVH Plane.037 9/61 | Building BVH
01:08.862  render           | Fra: 1 | Mem: 188M | Updating Geometry BVH Plane.037 9/61 | Building OptiX acceleration structure
01:08.862  render           | Fra: 1 | Mem: 188M | Updating Geometry BVH NurbsPath.005 59/61 | Building BVH
01:08.862  render           | Fra: 1 | Mem: 188M | Updating Geometry BVH NurbsPath.005 59/61 | Building OptiX acceleration structure
01:08.865  render           | Fra: 1 | Mem: 188M | Updating Geometry BVH Plane.048 10/61 | Building BVH
01:08.865  render           | Fra: 1 | Mem: 188M | Updating Geometry BVH Plane.048 10/61 | Building OptiX acceleration structure
01:08.866  render           | Fra: 1 | Mem: 239M | Updating Geometry BVH Plane.039 11/61 | Building BVH
01:08.867  render           | Fra: 1 | Mem: 239M | Updating Geometry BVH Plane.039 11/61 | Building OptiX acceleration structure
01:08.867  render           | Fra: 1 | Mem: 239M | Updating Geometry BVH Plane.045 12/61 | Building BVH
01:08.868  render           | Fra: 1 | Mem: 239M | Updating Geometry BVH Plane.045 12/61 | Building OptiX acceleration structure
01:08.868  render           | Fra: 1 | Mem: 239M | Updating Geometry BVH Plane.042 13/61 | Building BVH
01:08.868  render           | Fra: 1 | Mem: 239M | Updating Geometry BVH Plane.042 13/61 | Building OptiX acceleration structure
01:08.871  render           | Fra: 1 | Mem: 200M | Updating Geometry BVH NurbsPath.007 58/61 | Building BVH
01:08.871  render           | Fra: 1 | Mem: 200M | Updating Geometry BVH NurbsPath.007 58/61 | Building OptiX acceleration structure
01:08.871  render           | Fra: 1 | Mem: 200M | Updating Geometry BVH Plane.043 14/61 | Building BVH
01:08.871  render           | Fra: 1 | Mem: 200M | Updating Geometry BVH Plane.043 14/61 | Building OptiX acceleration structure
01:08.871  render           | Fra: 1 | Mem: 200M | Updating Geometry BVH Plane.040 15/61 | Building BVH
01:08.871  render           | Fra: 1 | Mem: 200M | Updating Geometry BVH Plane.040 15/61 | Building OptiX acceleration structure
01:08.871  render           | Fra: 1 | Mem: 200M | Updating Geometry BVH Plane.035 16/61 | Building BVH
01:08.871  render           | Fra: 1 | Mem: 200M | Updating Geometry BVH Plane.035 16/61 | Building OptiX acceleration structure
01:08.872  render           | Fra: 1 | Mem: 200M | Updating Geometry BVH Plane.032 17/61 | Building BVH
01:08.872  render           | Fra: 1 | Mem: 200M | Updating Geometry BVH Plane.032 17/61 | Building OptiX acceleration structure
01:08.872  render           | Fra: 1 | Mem: 200M | Updating Geometry BVH Plane.011 18/61 | Building BVH
01:08.872  render           | Fra: 1 | Mem: 200M | Updating Geometry BVH Plane.011 18/61 | Building OptiX acceleration structure
01:08.872  render           | Fra: 1 | Mem: 200M | Updating Geometry BVH Plane.010 19/61 | Building BVH
01:08.872  render           | Fra: 1 | Mem: 200M | Updating Geometry BVH Plane.010 19/61 | Building OptiX acceleration structure
01:08.872  render           | Fra: 1 | Mem: 200M | Updating Geometry BVH Plane.008 20/61 | Building BVH
01:08.872  render           | Fra: 1 | Mem: 200M | Updating Geometry BVH Plane.006 21/61 | Building BVH
01:08.872  render           | Fra: 1 | Mem: 200M | Updating Geometry BVH Plane.006 21/61 | Building OptiX acceleration structure
01:08.873  render           | Fra: 1 | Mem: 200M | Updating Geometry BVH Plane.005 22/61 | Building BVH
01:08.873  render           | Fra: 1 | Mem: 200M | Updating Geometry BVH Plane.005 22/61 | Building OptiX acceleration structure
01:08.873  render           | Fra: 1 | Mem: 200M | Updating Geometry BVH Plane.004 23/61 | Building BVH
01:08.873  render           | Fra: 1 | Mem: 200M | Updating Geometry BVH Plane.004 23/61 | Building OptiX acceleration structure
01:08.873  render           | Fra: 1 | Mem: 200M | Updating Geometry BVH Plane.003 24/61 | Building BVH
01:08.874  render           | Fra: 1 | Mem: 200M | Updating Geometry BVH Plane.003 24/61 | Building OptiX acceleration structure
01:08.874  render           | Fra: 1 | Mem: 200M | Updating Geometry BVH Plane.007 25/61 | Building BVH
01:08.874  render           | Fra: 1 | Mem: 200M | Updating Geometry BVH Plane.007 25/61 | Building OptiX acceleration structure
01:08.874  render           | Fra: 1 | Mem: 200M | Updating Geometry BVH Plane.009 26/61 | Building BVH
01:08.874  render           | Fra: 1 | Mem: 200M | Updating Geometry BVH Plane.009 26/61 | Building OptiX acceleration structure
01:08.875  render           | Fra: 1 | Mem: 200M | Updating Geometry BVH Plane.2197 27/61 | Building BVH
01:08.875  render           | Fra: 1 | Mem: 200M | Updating Geometry BVH Plane.2197 27/61 | Building OptiX acceleration structure
01:08.875  render           | Fra: 1 | Mem: 201M | Updating Geometry BVH Plane.5143 28/61 | Building BVH
01:08.875  render           | Fra: 1 | Mem: 201M | Updating Geometry BVH Plane.5143 28/61 | Building OptiX acceleration structure
01:08.876  render           | Fra: 1 | Mem: 201M | Updating Geometry BVH TopMoss 30/61 | Building BVH
01:08.876  render           | Fra: 1 | Mem: 201M | Updating Geometry BVH TopMoss 30/61 | Building OptiX acceleration structure
01:08.876  render           | Fra: 1 | Mem: 201M | Updating Geometry BVH TopGrass 31/61 | Building BVH
01:08.876  render           | Fra: 1 | Mem: 201M | Updating Geometry BVH TopGrass 31/61 | Building OptiX acceleration structure
01:08.876  render           | Fra: 1 | Mem: 201M | Updating Geometry BVH TopGrassTall 32/61 | Building BVH
01:08.876  render           | Fra: 1 | Mem: 201M | Updating Geometry BVH TopGrassTall 32/61 | Building OptiX acceleration structure
01:08.876  render           | Fra: 1 | Mem: 201M | Updating Geometry BVH LipMoss 33/61 | Building BVH
01:08.876  render           | Fra: 1 | Mem: 201M | Updating Geometry BVH LipMoss 33/61 | Building OptiX acceleration structure
01:08.876  render           | Fra: 1 | Mem: 201M | Updating Geometry BVH Flowers 34/61 | Building BVH
01:08.876  render           | Fra: 1 | Mem: 201M | Updating Geometry BVH Flowers 34/61 | Building OptiX acceleration structure
01:08.876  render           | Fra: 1 | Mem: 201M | Updating Geometry BVH mesh1-geometry.003 35/61 | Building BVH
01:08.876  render           | Fra: 1 | Mem: 201M | Updating Geometry BVH mesh1-geometry.003 35/61 | Building OptiX acceleration structure
01:08.877  render           | Fra: 1 | Mem: 201M | Updating Geometry BVH modelShape.003 36/61 | Building BVH
01:08.877  render           | Fra: 1 | Mem: 201M | Updating Geometry BVH modelShape.003 36/61 | Building OptiX acceleration structure
01:08.877  render           | Fra: 1 | Mem: 201M | Updating Geometry BVH Island 29/61 | Building BVH
01:08.877  render           | Fra: 1 | Mem: 201M | Updating Geometry BVH Island 29/61 | Building OptiX acceleration structure
01:08.878  render           | Fra: 1 | Mem: 202M | Updating Geometry BVH medium.001 37/61 | Building BVH
01:08.878  render           | Fra: 1 | Mem: 202M | Updating Geometry BVH medium.001 37/61 | Building OptiX acceleration structure
01:08.879  render           | Fra: 1 | Mem: 202M | Updating Geometry BVH mesh1-geometry.001 38/61 | Building BVH
01:08.879  render           | Fra: 1 | Mem: 202M | Updating Geometry BVH mesh1-geometry.001 38/61 | Building OptiX acceleration structure
01:08.879  render           | Fra: 1 | Mem: 202M | Updating Geometry BVH modelShape.001 39/61 | Building BVH
01:08.879  render           | Fra: 1 | Mem: 202M | Updating Geometry BVH modelShape.001 39/61 | Building OptiX acceleration structure
01:08.880  render           | Fra: 1 | Mem: 203M | Updating Geometry BVH medium.002 40/61 | Building BVH
01:08.880  render           | Fra: 1 | Mem: 203M | Updating Geometry BVH medium.002 40/61 | Building OptiX acceleration structure
01:08.881  render           | Fra: 1 | Mem: 203M | Updating Geometry BVH mesh1-geometry.002 41/61 | Building BVH
01:08.881  render           | Fra: 1 | Mem: 203M | Updating Geometry BVH mesh1-geometry.002 41/61 | Building OptiX acceleration structure
01:08.881  render           | Fra: 1 | Mem: 203M | Updating Geometry BVH modelShape.002 42/61 | Building BVH
01:08.881  render           | Fra: 1 | Mem: 203M | Updating Geometry BVH modelShape.002 42/61 | Building OptiX acceleration structure
01:08.881  render           | Fra: 1 | Mem: 203M | Updating Geometry BVH medium.003 43/61 | Building BVH
01:08.881  render           | Fra: 1 | Mem: 203M | Updating Geometry BVH medium.003 43/61 | Building OptiX acceleration structure
01:08.881  render           | Fra: 1 | Mem: 203M | Updating Geometry BVH mesh1-geometry.004 44/61 | Building BVH
01:08.881  render           | Fra: 1 | Mem: 203M | Updating Geometry BVH mesh1-geometry.004 44/61 | Building OptiX acceleration structure
01:08.881  render           | Fra: 1 | Mem: 204M | Updating Geometry BVH modelShape.004 45/61 | Building BVH
01:08.881  render           | Fra: 1 | Mem: 204M | Updating Geometry BVH modelShape.004 45/61 | Building OptiX acceleration structure
01:08.882  render           | Fra: 1 | Mem: 204M | Updating Geometry BVH medium.004 46/61 | Building BVH
01:08.882  render           | Fra: 1 | Mem: 204M | Updating Geometry BVH medium.004 46/61 | Building OptiX acceleration structure
01:08.883  render           | Fra: 1 | Mem: 204M | Updating Geometry BVH mesh1-geometry.005 47/61 | Building BVH
01:08.883  render           | Fra: 1 | Mem: 204M | Updating Geometry BVH mesh1-geometry.005 47/61 | Building OptiX acceleration structure
01:08.884  render           | Fra: 1 | Mem: 205M | Updating Geometry BVH modelShape.005 48/61 | Building BVH
01:08.884  render           | Fra: 1 | Mem: 204M | Updating Geometry BVH modelShape.005 48/61 | Building OptiX acceleration structure
01:08.886  render           | Fra: 1 | Mem: 205M | Updating Geometry BVH medium.005 49/61 | Building BVH
01:08.886  render           | Fra: 1 | Mem: 205M | Updating Geometry BVH medium.005 49/61 | Building OptiX acceleration structure
01:08.887  render           | Fra: 1 | Mem: 213M | Updating Geometry BVH mesh1-geometry.006 50/61 | Building BVH
01:08.888  render           | Fra: 1 | Mem: 213M | Updating Geometry BVH mesh1-geometry.006 50/61 | Building OptiX acceleration structure
01:08.889  render           | Fra: 1 | Mem: 222M | Updating Geometry BVH modelShape.006 51/61 | Building BVH
01:08.889  render           | Fra: 1 | Mem: 222M | Updating Geometry BVH modelShape.006 51/61 | Building OptiX acceleration structure
01:08.890  render           | Fra: 1 | Mem: 222M | Updating Geometry BVH medium.006 52/61 | Building BVH
01:08.890  render           | Fra: 1 | Mem: 223M | Updating Geometry BVH medium.006 52/61 | Building OptiX acceleration structure
01:08.890  render           | Fra: 1 | Mem: 223M | Updating Geometry BVH mesh1-geometry.007 53/61 | Building BVH
01:08.890  render           | Fra: 1 | Mem: 223M | Updating Geometry BVH mesh1-geometry.007 53/61 | Building OptiX acceleration structure
01:08.890  render           | Fra: 1 | Mem: 224M | Updating Geometry BVH modelShape.007 54/61 | Building BVH
01:08.890  render           | Fra: 1 | Mem: 224M | Updating Geometry BVH modelShape.007 54/61 | Building OptiX acceleration structure
01:08.892  render           | Fra: 1 | Mem: 224M | Updating Geometry BVH medium.007 55/61 | Building BVH
01:08.892  render           | Fra: 1 | Mem: 224M | Updating Geometry BVH medium.007 55/61 | Building OptiX acceleration structure
01:08.893  render           | Fra: 1 | Mem: 224M | Updating Geometry BVH mesh1-geometry.008 56/61 | Building BVH
01:08.893  render           | Fra: 1 | Mem: 224M | Updating Geometry BVH mesh1-geometry.008 56/61 | Building OptiX acceleration structure
01:08.894  render           | Fra: 1 | Mem: 223M | Updating Geometry BVH modelShape.008 57/61 | Building BVH
01:08.894  render           | Fra: 1 | Mem: 223M | Updating Geometry BVH modelShape.008 57/61 | Building OptiX acceleration structure
01:08.977  render           | Fra: 1 | Mem: 282M | Updating Scene BVH | Building
01:08.977  render           | Fra: 1 | Mem: 282M | Updating Scene BVH | Building OptiX acceleration structure
01:09.025  render           | Fra: 1 | Mem: 304M | Updating Scene BVH | Copying BVH to device
01:09.025  render           | Fra: 1 | Mem: 304M | Updating Mesh | Computing attributes
01:09.270  render           | Fra: 1 | Mem: 304M | Updating Mesh | Copying Attributes to device
01:09.313  render           | Fra: 1 | Mem: 628M | Updating Mesh | Computing normals
01:09.354  render           | Fra: 1 | Mem: 628M | Updating Mesh | Copying Mesh to device
01:09.361  render           | Fra: 1 | Mem: 690M | Updating Objects Flags
01:09.366  render           | Fra: 1 | Mem: 690M | Updating Primitive Offsets
01:09.368  render           | Fra: 1 | Mem: 691M | Updating Images
01:09.368  render           | Fra: 1 | Mem: 691M | Updating Images | Loading flower_heliophila_translucency_2k.png
01:09.368  render           | Fra: 1 | Mem: 691M | Updating Images | Loading fir_sapling_medium_branches_disp_2k.png
01:09.368  render           | Fra: 1 | Mem: 691M | Updating Images | Loading fir_sapling_medium_branches_diff_2k.png
01:09.368  render           | Fra: 1 | Mem: 691M | Updating Images | Loading fir_sapling_medium_twigs_mask_2k.png
01:09.368  render           | Fra: 1 | Mem: 691M | Updating Images | Loading flower_heliophila_nor_gl_2k.exr
01:09.368  render           | Fra: 1 | Mem: 691M | Updating Images | Loading grass_medium_01_rough_2k.exr
01:09.368  render           | Fra: 1 | Mem: 691M | Updating Images | Loading moss_01_alpha_2k.png
01:09.368  render           | Fra: 1 | Mem: 691M | Updating Images | Loading moss_01_rough_2k.exr
01:09.368  render           | Fra: 1 | Mem: 691M | Updating Images | Loading rock_moss_set_01_nor_gl_2k.exr
01:09.371  render           | Fra: 1 | Mem: 691M | Updating Images | Loading rock_moss_set_01_rough_2k.jpg
01:09.375  render           | Fra: 1 | Mem: 691M | Updating Images | Loading rock_moss_set_01_diff_2k.jpg
01:09.375  render           | Fra: 1 | Mem: 691M | Updating Images | Loading flower_heliophila_rough_2k.exr
01:09.380  render           | Fra: 1 | Mem: 691M | Updating Images | Loading flower_heliophila_diff_2k.jpg
01:10.027  render           | Fra: 1 | Mem: 1299M | Updating Volume
01:10.029  render           | Fra: 1 | Mem: 1299M | Updating Camera Volume
01:10.029  render           | Fra: 1 | Mem: 1299M | Updating Lookup Tables
01:10.029  render           | Fra: 1 | Mem: 1299M | Updating Lights
01:10.039  render           | Fra: 1 | Mem: 1299M | Updating Lights | Importance map
01:10.366  render           | Fra: 1 | Mem: 1363M | Updating Lights | Computing tree
01:10.371  render           | Fra: 1 | Mem: 1364M | Updating Integrator
01:10.371  render           | Fra: 1 | Mem: 1364M | Updating Film
01:10.371  render           | Fra: 1 | Mem: 1364M | Updating Lookup Tables
01:10.371  render           | Fra: 1 | Mem: 1364M | Updating Baking
01:10.373  render           | Fra: 1 | Mem: 1364M | Updating Device | Writing constant memory
01:10.373  render           | Fra: 1 | Mem: 1364M | Loading denoising kernels (may take a few minutes the first time)
01:10.380  render           | Fra: 1 | Mem: 1842M | Rendered 0/4 Tiles, Sample 0/128
01:10.442  render           | Fra: 1 | Remaining: 00:15.82 | Mem: 2179M | Rendered 0/4 Tiles, Sample 1/128
01:14.040  render           | Fra: 1 | Remaining: 00:07.92 | Mem: 2179M | Rendered 0/4 Tiles, Sample 80/128
01:14.660  render           | Fra: 1 | Remaining: 00:07.00 | Mem: 2179M | Rendered 0/4 Tiles, Sample 96/128
01:15.242  render           | Fra: 1 | Remaining: 00:06.12 | Mem: 2179M | Rendered 0/4 Tiles, Sample 112/128
01:16.747  render           | Fra: 1 | Remaining: 00:06.22 | Mem: 2179M | Rendered 0/4 Tiles, Sample 128/128
01:16.747  render           | Fra: 1 | Remaining: 00:06.22 | Mem: 2179M | Rendered 1/4 Tiles, Sample 128/128
01:16.803  render           | Fra: 1 | Remaining: 00:06.27 | Mem: 1861M | Rendered 1/4 Tiles, Sample 1/128
01:17.022  render           | Fra: 1 | Remaining: 00:06.05 | Mem: 1861M | Rendered 1/4 Tiles, Sample 80/128
01:17.061  render           | Fra: 1 | Remaining: 00:06.01 | Mem: 1861M | Rendered 1/4 Tiles, Sample 96/128
01:17.098  render           | Fra: 1 | Remaining: 00:05.96 | Mem: 1861M | Rendered 1/4 Tiles, Sample 112/128
01:17.198  render           | Fra: 1 | Remaining: 00:05.96 | Mem: 1861M | Rendered 1/4 Tiles, Sample 128/128
01:17.198  render           | Fra: 1 | Remaining: 00:05.96 | Mem: 1861M | Rendered 2/4 Tiles, Sample 128/128
01:17.208  render           | Fra: 1 | Remaining: 00:05.89 | Mem: 2137M | Rendered 2/4 Tiles, Sample 1/128
01:17.574  render           | Fra: 1 | Remaining: 00:01.68 | Mem: 2137M | Rendered 2/4 Tiles, Sample 80/128
01:17.585  render           | Fra: 1 | Remaining: 00:01.12 | Mem: 2137M | Rendered 2/4 Tiles, Sample 96/128
01:17.596  render           | Fra: 1 | Remaining: 00:00.62 | Mem: 2137M | Rendered 2/4 Tiles, Sample 112/128
01:17.912  render           | Fra: 1 | Remaining: 00:00.18 | Mem: 2137M | Rendered 2/4 Tiles, Sample 128/128
01:17.912  render           | Fra: 1 | Remaining: 00:00.18 | Mem: 2137M | Rendered 3/4 Tiles, Sample 128/128
01:17.926  render           | Fra: 1 | Remaining: 00:00.18 | Mem: 1859M | Rendered 3/4 Tiles, Sample 1/128
01:17.946  render           | Fra: 1 | Remaining: 00:00.06 | Mem: 1859M | Rendered 3/4 Tiles, Sample 80/128
01:17.986  render           | Fra: 1 | Remaining: 00:00.06 | Mem: 1859M | Rendered 3/4 Tiles, Sample 0/128
01:17.986  render           | Fra: 1 | Remaining: 00:00.06 | Mem: 1859M | Finished
Render statistics:
Mesh statistics:
  Geometry:
    Total memory: 66.48M (69,712,588)
        Island                           41.01M (42,997,861)
        NurbsPath.007                    11.11M (11,645,883)
        NurbsPath.005                    6.82M (7,154,075)
        Grid                             2.12M (2,228,309)
        Plane.5143                       539.82K (552,772)
        Plane.2197                       292.15K (299,166)
        modelShape.002                   274.81K (281,401)
        modelShape.008                   274.81K (281,401)
        modelShape.003                   274.81K (281,401)
        modelShape.001                   274.81K (281,401)
        modelShape.004                   274.81K (281,401)
        modelShape.007                   274.81K (281,401)
        modelShape.006                   274.81K (281,401)
        modelShape.005                   274.81K (281,401)
        medium.007                       175.88K (180,098)
        medium.004                       175.88K (180,098)
        medium.006                       175.88K (180,098)
        medium.005                       175.88K (180,098)
        medium.001                       175.88K (180,098)
        medium.002                       175.88K (180,098)
        medium.003                       175.88K (180,098)
        mesh1-geometry.001               149.40K (152,983)
        mesh1-geometry.005               149.40K (152,983)
        mesh1-geometry.003               149.40K (152,983)
        mesh1-geometry.006               149.40K (152,983)
        mesh1-geometry.002               149.40K (152,983)
        mesh1-geometry.008               149.40K (152,983)
        mesh1-geometry.007               149.40K (152,983)
        mesh1-geometry.004               149.40K (152,983)
        Plane.048                        24.42K (25,007)
        Plane.039                        20.95K (21,454)
        Plane.037                        13.91K (14,246)
        Plane.047                        10.92K (11,186)
        Plane.045                        5.73K (5,865)
        Plane.042                        5.23K (5,355)
        Plane.043                        4.90K (5,015)
        Plane.055                        1.39K (1,428)
        Plane.058                        1.11K (1,139)
        Plane.059                        1.08K (1,105)
        Plane.054                        765B (765)
        Plane.057                        629B (629)
        Plane.056                        561B (561)
        Plane.035                        493B (493)
        Plane.040                        493B (493)
        Plane.003                        493B (493)
        Plane.009                        493B (493)
        Plane.006                        425B (425)
        Plane.005                        425B (425)
        Plane.008                        357B (357)
        Plane.004                        357B (357)
        Plane.007                        357B (357)
        Plane.032                        221B (221)
        Plane.011                        187B (187)
        Plane.010                        187B (187)
        TopGrassTall                     85B (85)
        Flowers                          85B (85)
        LipMoss                          85B (85)
        TopGrass                         85B (85)
        TopMoss                          85B (85)
        backgroundlight                  50B (50)
        Sun                              46B (46)
Image statistics:
  Full Images:
    kloofendal_overcast_puresky_4k.hdr 128.00M (134,217,728)
    fir_sapling_medium_branches_nor_gl_2k.png 32.00M (33,554,432)
    rock_moss_set_01_nor_gl_2k.exr   32.00M (33,554,432)
    flower_heliophila_nor_gl_2k.exr  32.00M (33,554,432)
    moss_01_nor_gl_2k.exr            32.00M (33,554,432)
    grass_medium_01_nor_gl_2k.exr    32.00M (33,554,432)
    fir_sapling_medium_twigs_mask_2k.png 32.00M (33,554,432)
    fir_sapling_medium_twigs_diff_2k.png 32.00M (33,554,432)
    fir_sapling_medium_twigs_nor_gl_2k.png 32.00M (33,554,432)
    fir_sapling_medium_branches_di01:18.053  render           | Fra: 1 | Remaining: 00:00.07 | Mem: 1353M | Reading full buffer from disk
ff_2k.png 32.00M (33,554,432)
    fir_sapling_medium_twigs_alpha_2k.png 32.00M (33,554,432)
    forest_ground_04_nor_gl_2k.jpg   16.00M (16,777,216)
    lichen_rock_nor_gl_2k.jpg        16.00M (16,777,216)
    cliff_side_nor_gl_2k.jpg         16.00M (16,777,216)
    rock_moss_set_01_rough_2k.jpg    16.00M (16,777,216)
    lichen_rock_Displacement_2k.jpg  16.00M (16,777,216)
    rock_moss_set_01_diff_2k.jpg     16.00M (16,777,216)
    forest_ground_04_Diffuse_2k.jpg  16.00M (16,777,216)
    cliff_side_Diffuse_2k.jpg        16.00M (16,777,216)
    lichen_rock_Rough_2k.jpg         16.00M (16,777,216)
    aerial_rocks_02_Diffuse_2k.jpg   16.00M (16,777,216)
    moss_01_diff_2k.jpg              16.00M (16,777,216)
    lichen_rock_Diffuse_2k.jpg       16.00M (16,777,216)
    grass_medium_01_diff_2k.jpg      16.00M (16,777,216)
    flower_heliophila_diff_2k.jpg    16.00M (16,777,216)
    flower_heliophila_translucency_2k.png 8.00M (8,388,608)
    fir_sapling_medium_branches_disp_2k.png 8.00M (8,388,608)
    flower_heliophila_rough_2k.exr   8.00M (8,388,608)
    moss_01_rough_2k.exr             8.00M (8,388,608)
    moss_01_alpha_2k.png             8.00M (8,388,608)
    flower_heliophila_alpha_2k.png   8.00M (8,388,608)
    grass_medium_01_rough_2k.exr     8.00M (8,388,608)
    grass_medium_01_alpha_2k.png     8.00M (8,388,608)
    fir_sapling_medium_twigs_rough_2k.png 8.00M (8,388,608)
    fir_sapling_medium_branches_rough_2k.png 8.00M (8,388,608)
    cliff_side_Displacement_2k.jpg   4.00M (4,194,304)
  Full image memory: 756.00M (792,723,456)
  Overhead image memory: 3.94K (4,032)
  Total image memory: 756.00M (792,727,488)
Profiling information not available (only works with CPU rendering)
01:18.881  render           | Fra: 1 | Remaining: 00:00.07 | Mem: 1353M | ViewLayer | Denoising
01:45.269  render           | Fra: 1 | Remaining: 00:00.31 | Mem: 2334M | ViewLayer | Finishing
01:46.129  render           | Fra: 1 | Remaining: 00:00.32 | Mem: 1353M | Reading full buffer from disk
01:47.570  render           | Fra: 1 | Remaining: 00:00.34 | Mem: 1353M | haze | Denoising
02:10.879  render           | Fra: 1 | Remaining: 00:00.55 | Mem: 2018M | haze | Finishing
02:11.838  render           | Executing compositor
02:11.838  render           | Fra: 1 | Compositing
02:13.153  render           | Saved: '/home/akamel/hero3d/out/still-223/p1c3/tall-s0-f0.png'
02:13.164  render           | Time: 01:35.97 (Saving: 00:01.06)
still: wrote /home/akamel/hero3d/out/still-223/p1c3/tall-s0-f0.png 2160x3840
02:13.169  render           | Rendering frame 1
02:13.208  render           | Start rendering: Scene, ViewLayer
02:13.208  render           | Engine: Cycles
02:16.480  render           | Fra: 1 | Mem: 1M | Synchronizing object | ValleyMist
02:21.522  render           | Fra: 1 | Mem: 1M | Synchronizing object | Island
02:21.527  render           | Fra: 1 | Mem: 1M | Synchronizing object | moss_01_d_LOD0
02:21.527  render           | Fra: 1 | Mem: 1M | Synchronizing object | moss_01_h_LOD0
02:21.527  render           | Fra: 1 | Mem: 1M | Synchronizing object | moss_01_i_LOD0
02:21.527  render           | Fra: 1 | Mem: 1M | Synchronizing object | moss_01_e_LOD0
02:21.527  render           | Fra: 1 | Mem: 1M | Synchronizing object | TopMoss
02:21.527  render           | Fra: 1 | Mem: 1M | Synchronizing object | moss_01_tall_a_LOD0
02:21.527  render           | Fra: 1 | Mem: 1M | Synchronizing object | moss_01_a_LOD0
02:21.527  render           | Fra: 1 | Mem: 1M | Synchronizing object | moss_01_f_LOD0
02:21.527  render           | Fra: 1 | Mem: 1M | Synchronizing object | moss_01_tall_b_LOD0
02:21.527  render           | Fra: 1 | Mem: 1M | Synchronizing object | moss_01_b_LOD0
02:21.527  render           | Fra: 1 | Mem: 1M | Synchronizing object | moss_01_g_LOD0
02:21.527  render           | Fra: 1 | Mem: 1M | Synchronizing object | moss_01_c_LOD0
02:21.527  render           | Fra: 1 | Mem: 1M | Synchronizing object | moss_01_j_LOD0
02:21.631  render           | Fra: 1 | Mem: 1M | Synchronizing object | grass_medium_01_tiny_e_LOD0
02:21.631  render           | Fra: 1 | Mem: 1M | Synchronizing object | grass_medium_01_tiny_f_LOD0
02:21.631  render           | Fra: 1 | Mem: 1M | Synchronizing object | TopGrass
02:21.631  render           | Fra: 1 | Mem: 1M | Synchronizing object | grass_medium_01_small_a_LOD0
02:21.631  render           | Fra: 1 | Mem: 1M | Synchronizing object | grass_medium_01_mid_c_LOD0
02:21.631  render           | Fra: 1 | Mem: 1M | Synchronizing object | grass_medium_01_mid_b_LOD0
02:21.631  render           | Fra: 1 | Mem: 1M | Synchronizing object | grass_medium_01_tiny_d_LOD0
02:21.631  render           | Fra: 1 | Mem: 1M | Synchronizing object | grass_medium_01_tiny_a_LOD0
02:21.631  render           | Fra: 1 | Mem: 1M | Synchronizing object | grass_medium_01_small_b_LOD0
02:21.631  render           | Fra: 1 | Mem: 1M | Synchronizing object | grass_medium_01_tiny_c_LOD0
02:21.631  render           | Fra: 1 | Mem: 1M | Synchronizing object | grass_medium_01_tiny_b_LOD0
02:21.633  render           | Fra: 1 | Mem: 1M | Synchronizing object | grass_medium_01_tall_a_LOD0
02:21.633  render           | Fra: 1 | Mem: 1M | Synchronizing object | grass_medium_01_tall_b_LOD0
02:21.633  render           | Fra: 1 | Mem: 1M | Synchronizing object | grass_medium_01_tall_c_LOD0
02:21.633  render           | Fra: 1 | Mem: 1M | Synchronizing object | TopGrassTall
02:21.639  render           | Fra: 1 | Mem: 1M | Synchronizing object | LipMoss
02:21.759  render           | Fra: 1 | Mem: 1M | Synchronizing object | flower_heliophila_medium_LOD0
02:21.759  render           | Fra: 1 | Mem: 1M | Synchronizing object | Flowers
02:21.759  render           | Fra: 1 | Mem: 1M | Synchronizing object | flower_heliophila_small_LOD0
02:21.760  render           | Fra: 1 | Mem: 1M | Synchronizing object | Terrain
02:21.760  render           | Fra: 1 | Mem: 1M | Synchronizing object | rock_moss_set_01_rock06.001
02:21.760  render           | Fra: 1 | Mem: 1M | Synchronizing object | rock_moss_set_01_rock05.001
02:21.760  render           | Fra: 1 | Mem: 1M | Synchronizing object | rock_moss_set_01_rock04.001
02:21.760  render           | Fra: 1 | Mem: 1M | Synchronizing object | rock_moss_set_01_rock06.004
02:21.760  render           | Fra: 1 | Mem: 1M | Synchronizing object | rock_moss_set_01_rock04.005
02:21.760  render           | Fra: 1 | Mem: 1M | Synchronizing object | rock_moss_set_01_rock05.007
02:21.760  render           | Fra: 1 | Mem: 1M | Synchronizing object | rock_moss_set_01_rock06.008
02:21.760  render           | Fra: 1 | Mem: 1M | Synchronizing object | rock_moss_set_01_rock04.007
02:21.760  render           | Fra: 1 | Mem: 1M | Synchronizing object | rock_moss_set_01_rock06.009
02:21.760  render           | Fra: 1 | Mem: 1M | Synchronizing object | fir_sapling_medium_a_LOD0.001
02:21.760  render           | Fra: 1 | Mem: 1M | Synchronizing object | fir_sapling_medium_b_LOD0.001
02:21.760  render           | Fra: 1 | Mem: 1M | Synchronizing object | Sun
02:21.777  render           | Fra: 1 | Mem: 1M | Initializing
02:21.845  render           | Fra: 1 | Mem: 1M | Waiting for render to start
02:21.845  render           | Fra: 1 | Mem: 1M | Updating Scene
02:21.845  render           | Fra: 1 | Mem: 1M | Updating Shaders
02:21.849  render           | Fra: 1 | Mem: 1M | Loading render kernels (may take a few minutes the first time)
02:21.899  render           | Fra: 1 | Mem: 1M | Updating Procedurals
Update statistics:
Scene:
    Total time: 0.051368s
        device_update                            0.051368s
Geometry:
    Total time: 0.000000s
Light:
    Total time: 0.000000s
Object:
    Total time: 0.000000s
Image:
    Total time: 0.000000s
Background:
    Total time: 0.000000s
Bake:
    Total time: 0.000000s
Camera:
    Total time: 0.000000s
Film:
    Total time: 0.000000s
Integrator:
    Total time: 0.000000s
OSL:
    Total time: 0.000000s
Particles:
    Total time: 0.000000s
SVM:
    Total time: 0.000000s
Tables:
    Total time: 0.000000s
Procedurals:
    Total time: 0.000000s

02:21.899  render           | Fra: 1 | Mem: 1M | Updating Background
02:21.899  render           | Fra: 1 | Mem: 1M | Updating Scene Attribute
02:21.899  render           | Fra: 1 | Mem: 1M | Updating Camera
02:21.899  render           | Fra: 1 | Mem: 1M | Updating Meshes Flags
02:21.899  render           | Fra: 1 | Mem: 1M | Updating Objects
02:21.901  render           | Fra: 1 | Mem: 1M | Updating Objects | Copying Transformations to device
02:21.906  render           | Fra: 1 | Mem: 37M | Updating Particle Systems
02:21.906  render           | Fra: 1 | Mem: 37M | Updating Particle Systems | Copying Particles to device
02:21.906  render           | Fra: 1 | Mem: 37M | Updating Meshes
02:22.023  render           | Fra: 1 | Mem: 37M | Updating Displacement Images
02:22.023  render           | Fra: 1 | Mem: 37M | Updating Images | Loading aerial_rocks_02_Diffuse_2k.jpg
02:22.023  render           | Fra: 1 | Mem: 37M | Updating Images | Loading cliff_side_nor_gl_2k.jpg
02:22.023  render           | Fra: 1 | Mem: 37M | Updating Images | Loading cliff_side_Displacement_2k.jpg
02:22.023  render           | Fra: 1 | Mem: 37M | Updating Images | Loading cliff_side_Diffuse_2k.jpg
02:22.023  render           | Fra: 1 | Mem: 37M | Updating Images | Loading forest_ground_04_Diffuse_2k.jpg
02:22.023  render           | Fra: 1 | Mem: 37M | Updating Images | Loading forest_ground_04_nor_gl_2k.jpg
02:22.023  render           | Fra: 1 | Mem: 37M | Updating Images | Loading lichen_rock_nor_gl_2k.jpg
02:22.023  render           | Fra: 1 | Mem: 37M | Updating Images | Loading lichen_rock_Diffuse_2k.jpg
02:22.097  render           | Fra: 1 | Mem: 185M | Updating Mesh | Computing normals
02:22.127  render           | Fra: 1 | Mem: 185M | Updating Mesh | Copying Mesh to device
02:22.134  render           | Fra: 1 | Mem: 248M | Updating Objects | Applying Static Transformations
02:22.145  render           | Fra: 1 | Mem: 248M | Updating Mesh | Computing attributes
02:22.243  render           | Fra: 1 | Mem: 248M | Updating Mesh | Copying Attributes to device
02:22.283  render           | Fra: 1 | Mem: 423M | Updating Mesh | Computing Displacement Island
02:22.785  render           | Fra: 1 | Mem: 423M | Updating Mesh | Computing Displacement mesh1-geometry.001
02:22.790  render           | Fra: 1 | Mem: 423M | Updating Mesh | Computing Displacement modelShape.001
02:22.795  render           | Fra: 1 | Mem: 423M | Updating Mesh | Computing Displacement medium.002
02:22.799  render           | Fra: 1 | Mem: 423M | Updating Mesh | Computing Displacement mesh1-geometry.002
02:22.804  render           | Fra: 1 | Mem: 423M | Updating Mesh | Computing Displacement modelShape.002
02:22.809  render           | Fra: 1 | Mem: 423M | Updating Mesh | Computing Displacement medium.003
02:22.813  render           | Fra: 1 | Mem: 423M | Updating Mesh | Computing Displacement mesh1-geometry.004
02:22.818  render           | Fra: 1 | Mem: 423M | Updating Mesh | Computing Displacement modelShape.004
02:22.823  render           | Fra: 1 | Mem: 423M | Updating Mesh | Computing Displacement medium.004
02:22.826  render           | Fra: 1 | Mem: 423M | Updating Mesh | Computing Displacement mesh1-geometry.005
02:22.835  render           | Fra: 1 | Mem: 423M | Updating Mesh | Computing Displacement modelShape.005
02:22.840  render           | Fra: 1 | Mem: 423M | Updating Mesh | Computing Displacement medium.005
02:22.844  render           | Fra: 1 | Mem: 423M | Updating Mesh | Computing Displacement mesh1-geometry.006
02:22.850  render           | Fra: 1 | Mem: 423M | Updating Mesh | Computing Displacement modelShape.006
02:22.854  render           | Fra: 1 | Mem: 423M | Updating Mesh | Computing Displacement medium.006
02:22.858  render           | Fra: 1 | Mem: 423M | Updating Mesh | Computing Displacement mesh1-geometry.007
02:22.863  render           | Fra: 1 | Mem: 423M | Updating Mesh | Computing Displacement modelShape.007
02:22.867  render           | Fra: 1 | Mem: 423M | Updating Mesh | Computing Displacement medium.007
02:22.873  render           | Fra: 1 | Mem: 423M | Updating Mesh | Computing Displacement mesh1-geometry.008
02:22.884  render           | Fra: 1 | Mem: 423M | Updating Mesh | Computing Displacement modelShape.008
02:22.901  render           | Fra: 1 | Mem: 185M | Updating Geometry BVH backgroundlight 63/62 | Building BVH
02:22.902  render           | Fra: 1 | Mem: 185M | Updating Geometry BVH Plane.010 6/62 | Building BVH
02:22.902  render           | Fra: 1 | Mem: 185M | Updating Geometry BVH Plane.006 11/62 | Building BVH
02:22.902  render           | Fra: 1 | Mem: 185M | Updating Geometry BVH Plane.032 16/62 | Building OptiX acceleration structure
02:22.902  render           | Fra: 1 | Mem: 185M | Updating Geometry BVH TopGrass 17/62 | Building BVH
02:22.902  render           | Fra: 1 | Mem: 185M | Updating Geometry BVH Plane.048 21/62 | Building OptiX acceleration structure
02:22.902  render           | Fra: 1 | Mem: 185M | Updating Geometry BVH Plane.047 25/62 | Building BVH
02:22.902  render           | Fra: 1 | Mem: 185M | Updating Geometry BVH Plane.055 24/62 | Building OptiX acceleration structure
02:22.902  render           | Fra: 1 | Mem: 185M | Updating Geometry BVH Plane.054 26/62 | Building BVH
02:22.902  render           | Fra: 1 | Mem: 185M | Updating Geometry BVH Plane.056 27/62 | Building OptiX acceleration structure
02:22.902  render           | Fra: 1 | Mem: 185M | Updating Geometry BVH TopGrassTall 28/62 | Building BVH
02:22.902  render           | Fra: 1 | Mem: 185M | Updating Geometry BVH Plane.043 29/62 | Building OptiX acceleration structure
02:22.902  render           | Fra: 1 | Mem: 185M | Updating Geometry BVH Plane.042 30/62 | Building BVH
02:22.902  render           | Fra: 1 | Mem: 185M | Updating Geometry BVH Plane.042 30/62 | Building OptiX acceleration structure
02:22.902  render           | Fra: 1 | Mem: 185M | Updating Geometry BVH Plane.045 31/62 | Building BVH
02:22.902  render           | Fra: 1 | Mem: 185M | Updating Geometry BVH Plane.045 31/62 | Building OptiX acceleration structure
02:22.902  render           | Fra: 1 | Mem: 185M | Updating Geometry BVH Grid 62/62 | Building BVH
02:22.902  render           | Fra: 1 | Mem: 185M | Updating Geometry BVH Grid 62/62 | Building OptiX acceleration structure
02:22.903  render           | Fra: 1 | Mem: 187M | Updating Geometry BVH Island 3/62 | Building BVH
02:22.903  render           | Fra: 1 | Mem: 187M | Updating Geometry BVH Island 3/62 | Building OptiX acceleration structure
02:22.904  render           | Fra: 1 | Mem: 188M | Updating Geometry BVH LipMoss 32/62 | Building BVH
02:22.904  render           | Fra: 1 | Mem: 188M | Updating Geometry BVH LipMoss 32/62 | Building OptiX acceleration structure
02:22.904  render           | Fra: 1 | Mem: 188M | Updating Geometry BVH Flowers 33/62 | Building BVH
02:22.904  render           | Fra: 1 | Mem: 188M | Updating Geometry BVH Flowers 33/62 | Building OptiX acceleration structure
02:22.904  render           | Fra: 1 | Mem: 188M | Updating Geometry BVH Plane.5143 34/62 | Building BVH
02:22.904  render           | Fra: 1 | Mem: 188M | Updating Geometry BVH Plane.5143 34/62 | Building OptiX acceleration structure
02:22.904  render           | Fra: 1 | Mem: 188M | Updating Geometry BVH Plane.2197 35/62 | Building BVH
02:22.904  render           | Fra: 1 | Mem: 188M | Updating Geometry BVH Plane.2197 35/62 | Building OptiX acceleration structure
02:22.905  render           | Fra: 1 | Mem: 189M | Updating Geometry BVH mesh1-geometry.003 36/62 | Building BVH
02:22.905  render           | Fra: 1 | Mem: 189M | Updating Geometry BVH mesh1-geometry.003 36/62 | Building OptiX acceleration structure
02:22.905  render           | Fra: 1 | Mem: 189M | Updating Geometry BVH modelShape.003 37/62 | Building BVH
02:22.905  render           | Fra: 1 | Mem: 189M | Updating Geometry BVH modelShape.003 37/62 | Building OptiX acceleration structure
02:22.905  render           | Fra: 1 | Mem: 189M | Updating Geometry BVH medium.001 38/62 | Building BVH
02:22.905  render           | Fra: 1 | Mem: 189M | Updating Geometry BVH medium.001 38/62 | Building OptiX acceleration structure
02:22.905  render           | Fra: 1 | Mem: 189M | Updating Geometry BVH mesh1-geometry.001 39/62 | Building BVH
02:22.905  render           | Fra: 1 | Mem: 189M | Updating Geometry BVH mesh1-geometry.001 39/62 | Building OptiX acceleration structure
02:22.906  render           | Fra: 1 | Mem: 189M | Updating Geometry BVH modelShape.001 40/62 | Building BVH
02:22.906  render           | Fra: 1 | Mem: 189M | Updating Geometry BVH modelShape.001 40/62 | Building OptiX acceleration structure
02:22.906  render           | Fra: 1 | Mem: 190M | Updating Geometry BVH medium.002 41/62 | Building BVH
02:22.906  render           | Fra: 1 | Mem: 190M | Updating Geometry BVH medium.002 41/62 | Building OptiX acceleration structure
02:22.906  render           | Fra: 1 | Mem: 190M | Updating Geometry BVH mesh1-geometry.002 42/62 | Building BVH
02:22.906  render           | Fra: 1 | Mem: 190M | Updating Geometry BVH mesh1-geometry.002 42/62 | Building OptiX acceleration structure
02:22.907  render           | Fra: 1 | Mem: 190M | Updating Geometry BVH modelShape.002 43/62 | Building BVH
02:22.907  render           | Fra: 1 | Mem: 190M | Updating Geometry BVH modelShape.002 43/62 | Building OptiX acceleration structure
02:22.907  render           | Fra: 1 | Mem: 190M | Updating Geometry BVH medium.003 44/62 | Building BVH
02:22.907  render           | Fra: 1 | Mem: 190M | Updating Geometry BVH medium.003 44/62 | Building OptiX acceleration structure
02:22.907  render           | Fra: 1 | Mem: 190M | Updating Geometry BVH mesh1-geometry.004 45/62 | Building BVH
02:22.907  render           | Fra: 1 | Mem: 190M | Updating Geometry BVH mesh1-geometry.004 45/62 | Building OptiX acceleration structure
02:22.907  render           | Fra: 1 | Mem: 191M | Updating Geometry BVH modelShape.004 46/62 | Building BVH
02:22.907  render           | Fra: 1 | Mem: 191M | Updating Geometry BVH modelShape.004 46/62 | Building OptiX acceleration structure
02:22.908  render           | Fra: 1 | Mem: 191M | Updating Geometry BVH medium.004 47/62 | Building BVH
02:22.908  render           | Fra: 1 | Mem: 191M | Updating Geometry BVH medium.004 47/62 | Building OptiX acceleration structure
02:22.908  render           | Fra: 1 | Mem: 191M | Updating Geometry BVH mesh1-geometry.005 48/62 | Building BVH
02:22.908  render           | Fra: 1 | Mem: 191M | Updating Geometry BVH mesh1-geometry.005 48/62 | Building OptiX acceleration structure
02:22.909  render           | Fra: 1 | Mem: 191M | Updating Geometry BVH modelShape.005 49/62 | Building BVH
02:22.909  render           | Fra: 1 | Mem: 191M | Updating Geometry BVH modelShape.005 49/62 | Building OptiX acceleration structure
02:22.909  render           | Fra: 1 | Mem: 191M | Updating Geometry BVH medium.005 50/62 | Building BVH
02:22.909  render           | Fra: 1 | Mem: 191M | Updating Geometry BVH medium.005 50/62 | Building OptiX acceleration structure
02:22.909  render           | Fra: 1 | Mem: 192M | Updating Geometry BVH mesh1-geometry.006 51/62 | Building BVH
02:22.909  render           | Fra: 1 | Mem: 192M | Updating Geometry BVH mesh1-geometry.006 51/62 | Building OptiX acceleration structure
02:22.909  render           | Fra: 1 | Mem: 192M | Updating Geometry BVH modelShape.006 52/62 | Building BVH
02:22.909  render           | Fra: 1 | Mem: 192M | Updating Geometry BVH modelShape.006 52/62 | Building OptiX acceleration structure
02:22.910  render           | Fra: 1 | Mem: 192M | Updating Geometry BVH medium.006 53/62 | Building BVH
02:22.910  render           | Fra: 1 | Mem: 192M | Updating Geometry BVH medium.006 53/62 | Building OptiX acceleration structure
02:22.911  render           | Fra: 1 | Mem: 193M | Updating Geometry BVH Sun 61/62 | Building BVH
02:22.911  render           | Fra: 1 | Mem: 193M | Updating Geometry BVH Sun 61/62 | Building OptiX acceleration structure
02:22.911  render           | Fra: 1 | Mem: 193M | Updating Geometry BVH mesh1-geometry.007 54/62 | Building BVH
02:22.911  render           | Fra: 1 | Mem: 193M | Updating Geometry BVH mesh1-geometry.007 54/62 | Building OptiX acceleration structure
02:22.911  render           | Fra: 1 | Mem: 193M | Updating Geometry BVH NurbsPath.005 60/62 | Building BVH
02:22.911  render           | Fra: 1 | Mem: 193M | Updating Geometry BVH NurbsPath.005 60/62 | Building OptiX acceleration structure
02:22.911  render           | Fra: 1 | Mem: 193M | Updating Geometry BVH modelShape.007 55/62 | Building BVH
02:22.911  render           | Fra: 1 | Mem: 193M | Updating Geometry BVH modelShape.007 55/62 | Building OptiX acceleration structure
02:22.912  render           | Fra: 1 | Mem: 193M | Updating Geometry BVH medium.007 56/62 | Building BVH
02:22.912  render           | Fra: 1 | Mem: 193M | Updating Geometry BVH medium.007 56/62 | Building OptiX acceleration structure
02:22.912  render           | Fra: 1 | Mem: 194M | Updating Geometry BVH mesh1-geometry.008 57/62 | Building BVH
02:22.912  render           | Fra: 1 | Mem: 194M | Updating Geometry BVH mesh1-geometry.008 57/62 | Building OptiX acceleration structure
02:22.912  render           | Fra: 1 | Mem: 194M | Updating Geometry BVH modelShape.008 58/62 | Building BVH
02:22.912  render           | Fra: 1 | Mem: 194M | Updating Geometry BVH modelShape.008 58/62 | Building OptiX acceleration structure
02:22.914  render           | Fra: 1 | Mem: 195M | Updating Geometry BVH NurbsPath.007 59/62 | Building BVH
02:22.914  render           | Fra: 1 | Mem: 195M | Updating Geometry BVH NurbsPath.007 59/62 | Building OptiX acceleration structure
02:22.959  render           | Fra: 1 | Mem: 282M | Updating Scene BVH | Building
02:22.959  render           | Fra: 1 | Mem: 282M | Updating Scene BVH | Building OptiX acceleration structure
02:22.972  render           | Fra: 1 | Mem: 304M | Updating Scene BVH | Copying BVH to device
02:22.972  render           | Fra: 1 | Mem: 304M | Updating Mesh | Computing attributes
02:23.084  render           | Fra: 1 | Mem: 304M | Updating Mesh | Copying Attributes to device
02:23.113  render           | Fra: 1 | Mem: 628M | Updating Mesh | Computing normals
02:23.130  render           | Fra: 1 | Mem: 628M | Updating Mesh | Copying Mesh to device
02:23.137  render           | Fra: 1 | Mem: 690M | Updating Objects Flags
02:23.141  render           | Fra: 1 | Mem: 690M | Updating Primitive Offsets
02:23.143  render           | Fra: 1 | Mem: 691M | Updating Images
02:23.143  render           | Fra: 1 | Mem: 691M | Updating Images | Loading fir_sapling_medium_twigs_rough_2k.png
02:23.143  render           | Fra: 1 | Mem: 691M | Updating Images | Loading kloofendal_overcast_puresky_4k.hdr
02:23.143  render           | Fra: 1 | Mem: 691M | Updating Images | Loading grass_medium_01_nor_gl_2k.exr
02:23.143  render           | Fra: 1 | Mem: 691M | Updating Images | Loading flower_heliophila_nor_gl_2k.exr
02:23.143  render           | Fra: 1 | Mem: 691M | Updating Images | Loading rock_moss_set_01_nor_gl_2k.exr
02:23.143  render           | Fra: 1 | Mem: 691M | Updating Images | Loading rock_moss_set_01_rough_2k.jpg
02:23.143  render           | Fra: 1 | Mem: 691M | Updating Images | Loading fir_sapling_medium_branches_diff_2k.png
02:23.143  render           | Fra: 1 | Mem: 691M | Updating Images | Loading moss_01_diff_2k.jpg
02:23.143  render           | Fra: 1 | Mem: 691M | Updating Images | Loading grass_medium_01_diff_2k.jpg
02:23.143  render           | Fra: 1 | Mem: 691M | Updating Images | Loading flower_heliophila_rough_2k.exr
02:23.143  render           | Fra: 1 | Mem: 691M | Updating Images | Loading fir_sapling_medium_twigs_diff_2k.png
02:23.143  render           | Fra: 1 | Mem: 691M | Updating Images | Loading flower_heliophila_diff_2k.jpg
02:23.143  render           | Fra: 1 | Mem: 691M | Updating Images | Loading fir_sapling_medium_twigs_alpha_2k.png
02:23.144  render           | Fra: 1 | Mem: 691M | Updating Images | Loading flower_heliophila_translucency_2k.png
02:23.443  render           | Fra: 1 | Mem: 1299M | Updating Volume
02:23.443  render           | Fra: 1 | Mem: 1299M | Updating Volume | Creating SDF grid for ValleyMist
02:23.467  render           | Fra: 1 | Mem: 1299M | Updating Volume | Evaluating density for ValleyMist
02:23.500  render           | Fra: 1 | Mem: 1299M | Updating Volume | Building octree for ValleyMist
02:23.501  render           | Fra: 1 | Mem: 1299M | Updating Camera Volume
02:23.501  render           | Fra: 1 | Mem: 1299M | Updating Lookup Tables
02:23.501  render           | Fra: 1 | Mem: 1299M | Updating Lights
02:23.505  render           | Fra: 1 | Mem: 1299M | Updating Lights | Importance map
02:23.638  render           | Fra: 1 | Mem: 1363M | Updating Lights | Computing tree
02:23.644  render           | Fra: 1 | Mem: 1365M | Updating Integrator
02:23.644  render           | Fra: 1 | Mem: 1365M | Updating Film
02:23.644  render           | Fra: 1 | Mem: 1364M | Updating Lookup Tables
02:23.644  render           | Fra: 1 | Mem: 1365M | Updating Baking
02:23.645  render           | Fra: 1 | Mem: 1365M | Updating Device | Writing constant memory
02:23.646  render           | Fra: 1 | Mem: 1365M | Loading denoising kernels (may take a few minutes the first time)
02:23.649  render           | Fra: 1 | Mem: 1968M | Rendered 0/4 Tiles, Sample 0/128
02:23.722  render           | Fra: 1 | Remaining: 00:18.39 | Mem: 2466M | Rendered 0/4 Tiles, Sample 1/128
02:23.795  render           | Fra: 1 | Remaining: 00:18.22 | Mem: 2466M | Rendered 0/4 Tiles, Sample 2/128
02:23.915  render           | Fra: 1 | Remaining: 00:16.53 | Mem: 2466M | Rendered 0/4 Tiles, Sample 4/128
02:24.124  render           | Fra: 1 | Remaining: 00:14.53 | Mem: 2466M | Rendered 0/4 Tiles, Sample 8/128
02:24.509  render           | Fra: 1 | Remaining: 00:12.74 | Mem: 2466M | Rendered 0/4 Tiles, Sample 16/128
02:25.107  render           | Fra: 1 | Remaining: 00:10.06 | Mem: 2466M | Rendered 0/4 Tiles, Sample 32/128
02:26.430  render           | Fra: 1 | Remaining: 00:08.21 | Mem: 2466M | Rendered 0/4 Tiles, Sample 64/128
02:26.944  render           | Fra: 1 | Remaining: 00:07.13 | Mem: 2466M | Rendered 0/4 Tiles, Sample 80/128
02:27.286  render           | Fra: 1 | Remaining: 00:05.95 | Mem: 2466M | Rendered 0/4 Tiles, Sample 96/128
02:27.601  render           | Fra: 1 | Remaining: 00:04.97 | Mem: 2466M | Rendered 0/4 Tiles, Sample 112/128
02:29.257  render           | Fra: 1 | Remaining: 00:05.48 | Mem: 2466M | Rendered 0/4 Tiles, Sample 128/128
02:29.257  render           | Fra: 1 | Remaining: 00:05.48 | Mem: 2466M | Rendered 1/4 Tiles, Sample 128/128
02:29.339  render           | Fra: 1 | Remaining: 00:05.48 | Mem: 2404M | Rendered 1/4 Tiles, Sample 1/128
02:29.406  render           | Fra: 1 | Remaining: 00:05.47 | Mem: 2404M | Rendered 1/4 Tiles, Sample 2/128
02:29.518  render           | Fra: 1 | Remaining: 00:05.42 | Mem: 2404M | Rendered 1/4 Tiles, Sample 4/128
02:29.791  render           | Fra: 1 | Remaining: 00:05.37 | Mem: 2404M | Rendered 1/4 Tiles, Sample 8/128
02:30.159  render           | Fra: 1 | Remaining: 00:05.09 | Mem: 2404M | Rendered 1/4 Tiles, Sample 16/128
02:30.866  render           | Fra: 1 | Remaining: 00:04.49 | Mem: 2404M | Rendered 1/4 Tiles, Sample 32/128
02:32.247  render           | Fra: 1 | Remaining: 00:03.22 | Mem: 2404M | Rendered 1/4 Tiles, Sample 64/128
02:32.964  render           | Fra: 1 | Remaining: 00:02.59 | Mem: 2404M | Rendered 1/4 Tiles, Sample 80/128
02:33.590  render           | Fra: 1 | Remaining: 00:01.92 | Mem: 2404M | Rendered 1/4 Tiles, Sample 96/128
02:34.177  render           | Fra: 1 | Remaining: 00:01.26 | Mem: 2404M | Rendered 1/4 Tiles, Sample 112/128
02:35.997  render           | Fra: 1 | Remaining: 00:00.67 | Mem: 2404M | Rendered 1/4 Tiles, Sample 128/128
02:35.997  render           | Fra: 1 | Remaining: 00:00.67 | Mem: 2404M | Rendered 2/4 Tiles, Sample 128/128
02:36.023  render           | Fra: 1 | Remaining: 00:00.67 | Mem: 1997M | Rendered 2/4 Tiles, Sample 1/128
02:36.023  render           | Fra: 1 | Remaining: 00:00.67 | Mem: 1997M | Rendered 2/4 Tiles, Sample 2/128
02:36.025  render           | Fra: 1 | Remaining: 00:00.66 | Mem: 1997M | Rendered 2/4 Tiles, Sample 4/128
02:36.026  render           | Fra: 1 | Remaining: 00:00.65 | Mem: 1997M | Rendered 2/4 Tiles, Sample 8/128
02:36.029  render           | Fra: 1 | Remaining: 00:00.62 | Mem: 1997M | Rendered 2/4 Tiles, Sample 16/128
02:36.033  render           | Fra: 1 | Remaining: 00:00.58 | Mem: 1997M | Rendered 2/4 Tiles, Sample 32/128
02:36.042  render           | Fra: 1 | Remaining: 00:00.48 | Mem: 1997M | Rendered 2/4 Tiles, Sample 64/128
02:36.047  render           | Fra: 1 | Remaining: 00:00.44 | Mem: 1997M | Rendered 2/4 Tiles, Sample 80/128
02:36.129  render           | Fra: 1 | Remaining: 00:00.44 | Mem: 1997M | Rendered 2/4 Tiles, Sample 0/128
02:36.129  render           | Fra: 1 | Remaining: 00:00.44 | Mem: 1997M | Rendered 3/4 Tiles, Sample 0/128
02:36.130  render           | Fra: 1 | Remaining: 00:00.44 | Mem: 1993M | Rendered 3/4 Tiles, Sample 1/128
02:36.131  render           | Fra: 1 | Remaining: 00:00.44 | Mem: 1993M | Rendered 3/4 Tiles, Sample 2/128
02:36.132  render           | Fra: 1 | Remaining: 00:00.43 | Mem: 1993M | Rendered 3/4 Tiles, Sample 4/128
02:36.133  render           | Fra: 1 | Remaining: 00:00.42 | Mem: 1993M | Rendered 3/4 Tiles, Sample 8/128
02:36.135  render           | Fra: 1 | Remaining: 00:00.40 | Mem: 1993M | Rendered 3/4 Tiles, Sample 16/128
02:36.139  render           | Fra: 1 | Remaining: 00:00.36 | Mem: 1993M | Rendered 3/4 Tiles, Sample 32/128
02:36.147  render           | Fra: 1 | Remaining: 00:00.28 | Mem: 1993M | Rendered 3/4 Tiles, Sample 64/128
02:36.151  render           | Fra: 1 | Remaining: 00:00.24 | Mem: 1993M | Rendered 3/4 Tiles, Sample 80/128
02:36.224  render           | Fra: 1 | Remaining: 00:00.24 | Mem: 1993M | Rendered 3/4 Tiles, Sample 0/128
02:36.224  render           | Fra: 1 | Remaining: 00:00.24 | Mem: 1993M | Finished
Render statistics:
Mesh statistics:
  Geometry:
    Total memory: 66.48M (69,712,877)
        Island                           41.01M (42,997,861)
        NurbsPath.007                    11.11M (11,645,883)
        NurbsPath.005                    6.82M (7,154,075)
        Grid                             2.12M (2,228,309)
        Plane.5143                       539.82K (552,772)
        Plane.2197                       292.15K (299,166)
        modelShape.008                   274.81K (281,401)
        modelShape.003                   274.81K (281,401)
        modelShape.001                   274.81K (281,401)
        modelShape.002                   274.81K (281,401)
        modelShape.004                   274.81K (281,401)
        modelShape.005                   274.81K (281,401)
        modelShape.007                   274.81K (281,401)
        modelShape.006                   274.81K (281,401)
        medium.004                       175.88K (180,098)
        medium.007                       175.88K (180,098)
        medium.006                       175.88K (180,098)
        medium.001                       175.88K (180,098)
        medium.002                       175.88K (180,098)
        medium.003                       175.88K (180,098)
        medium.005                       175.88K (180,098)
        mesh1-geometry.002               149.40K (152,983)
        mesh1-geometry.006               149.40K (152,983)
        mesh1-geometry.001               149.40K (152,983)
        mesh1-geometry.003               149.40K (152,983)
        mesh1-geometry.007               149.40K (152,983)
        mesh1-geometry.004               149.40K (152,983)
        mesh1-geometry.005               149.40K (152,983)
        mesh1-geometry.008               149.40K (152,983)
        Plane.048                        24.42K (25,007)
        Plane.039                        20.95K (21,454)
        Plane.037                        13.91K (14,246)
        Plane.047                        10.92K (11,186)
        Plane.045                        5.73K (5,865)
        Plane.042                        5.23K (5,355)
        Plane.043                        4.90K (5,015)
        Plane.055                        1.39K (1,428)
        Plane.058                        1.11K (1,139)
        Plane.059                        1.08K (1,105)
        Plane.054                        765B (765)
        Plane.057                        629B (629)
        Plane.056                        561B (561)
        Plane.040                        493B (493)
        Plane.035                        493B (493)
        Plane.009                        493B (493)
        Plane.003                        493B (493)
        Plane.006                        425B (425)
        Plane.005                        425B (425)
        Plane.008                        357B (357)
        Plane.007                        357B (357)
        Plane.004                        357B (357)
        Cube                             289B (289)
        Plane.032                        221B (221)
        Plane.011                        187B (187)
        Plane.010                        187B (187)
        Flowers                          85B (85)
        LipMoss                          85B (85)
        TopGrassTall                     85B (85)
        TopGrass                         85B (85)
        TopMoss                          85B (85)
        backgroundlight                  50B (50)
        Sun                              46B (46)
Image statistics:
  Full Images:
    kloofendal_overcast_puresky_4k.hdr 128.00M (134,217,728)
    fir_sapling_medium_twigs_diff_2k.png 32.00M (33,554,432)
    fir_sapling_medium_branches_diff_2k.png 32.00M (33,554,432)
    fir_sapling_medium_twigs_alpha_2k.png 32.00M (33,554,432)
    fir_sapling_medium_branches_nor_gl_2k.png 32.00M (33,554,432)
    fir_sapling_medium_twigs_nor_gl_2k.png 32.00M (33,554,432)
    rock_moss_set_01_nor_gl_2k.exr   32.00M (33,554,432)
    flower_heliophila_nor_gl_2k.exr  32.00M (33,554,432)
    grass_medium_01_nor_gl_2k.e02:36.227  render           | Start rendering: Scene, haze
02:36.227  render           | Engine: Cycles
02:40.133  render           | Fra: 1 | Mem: 1M | Synchronizing object | grass_medium_01_tiny_f_LOD0
xr    32.00M (33,554,432)
    fir_sapling_medium_twigs_mask_2k.png 32.00M (33,554,432)
    moss_01_nor_gl_2k.exr            32.00M (33,554,432)
    cliff_side_Diffuse_2k.jpg        16.00M (16,777,216)
    cliff_side_nor_gl_2k.jpg         16.00M (16,777,216)
    lichen_rock_Rough_2k.jpg         16.00M (16,777,216)
    aerial_rocks_02_Diffuse_2k.jpg   16.00M (16,777,216)
    rock_moss_set_01_diff_2k.jpg     16.00M (16,777,216)
    flower_heliophila_diff_2k.jpg    16.00M (16,777,216)
    lichen_rock_Diffuse_2k.jpg       16.00M (16,777,216)
    lichen_rock_nor_gl_2k.jpg        16.00M (16,777,216)
    grass_medium_01_diff_2k.jpg      16.00M (16,777,216)
    forest_ground_04_nor_gl_2k.jpg   16.00M (16,777,216)
    moss_01_diff_2k.jpg              16.00M (16,777,216)
    forest_ground_04_Diffuse_2k.jpg  16.00M (16,777,216)
    rock_moss_set_01_rough_2k.jpg    16.00M (16,777,216)
    lichen_rock_Displacement_2k.jpg  16.00M (16,777,216)
    fir_sapling_medium_branches_disp_2k.png 8.00M (8,388,608)
    fir_sapling_medium_twigs_rough_2k.png 8.00M (8,388,608)
    flower_heliophila_translucency_2k.png 8.00M (8,388,608)
    moss_01_rough_2k.exr             8.00M (8,388,608)
    fir_sapling_medium_branches_rough_2k.png 8.00M (8,388,608)
    moss_01_alpha_2k.png             8.00M (8,388,608)
    grass_medium_01_rough_2k.exr     8.00M (8,388,608)
    grass_medium_01_alpha_2k.png     8.00M (8,388,608)
    flower_heliophila_alpha_2k.png   8.00M (8,388,608)
    flower_heliophila_rough_2k.exr   8.00M (8,388,608)
    cliff_side_Displacement_2k.jpg   4.00M (4,194,304)
  Full image memory: 756.00M (792,723,456)
  Overhead image memory: 3.94K (4,032)
  Total image memory: 756.00M (792,727,488)
Profiling information not available (only works with CPU rendering)
02:40.135  render           | Fra: 1 | Mem: 1M | Synchronizing object | grass_medium_01_tiny_e_LOD0
02:40.136  render           | Fra: 1 | Mem: 1M | Synchronizing object | grass_medium_01_tiny_d_LOD0
02:40.136  render           | Fra: 1 | Mem: 1M | Synchronizing object | grass_medium_01_tiny_c_LOD0
02:40.136  render           | Fra: 1 | Mem: 1M | Synchronizing object | grass_medium_01_tiny_b_LOD0
02:40.136  render           | Fra: 1 | Mem: 1M | Synchronizing object | grass_medium_01_tiny_a_LOD0
02:40.136  render           | Fra: 1 | Mem: 1M | Synchronizing object | grass_medium_01_small_b_LOD0
02:40.136  render           | Fra: 1 | Mem: 1M | Synchronizing object | grass_medium_01_small_a_LOD0
02:40.136  render           | Fra: 1 | Mem: 1M | Synchronizing object | grass_medium_01_mid_c_LOD0
02:40.138  render           | Fra: 1 | Mem: 1M | Synchronizing object | grass_medium_01_mid_b_LOD0
02:40.139  render           | Fra: 1 | Mem: 1M | Synchronizing object | grass_medium_01_tall_b_LOD0
02:40.139  render           | Fra: 1 | Mem: 1M | Synchronizing object | grass_medium_01_tall_a_LOD0
02:40.139  render           | Fra: 1 | Mem: 1M | Synchronizing object | moss_01_tall_b_LOD0
02:40.139  render           | Fra: 1 | Mem: 1M | Synchronizing object | moss_01_tall_a_LOD0
02:40.139  render           | Fra: 1 | Mem: 1M | Synchronizing object | moss_01_j_LOD0
02:40.139  render           | Fra: 1 | Mem: 1M | Synchronizing object | moss_01_i_LOD0
02:40.139  render           | Fra: 1 | Mem: 1M | Synchronizing object | moss_01_h_LOD0
02:40.139  render           | Fra: 1 | Mem: 1M | Synchronizing object | moss_01_g_LOD0
02:40.144  render           | Fra: 1 | Mem: 1M | Synchronizing object | moss_01_f_LOD0
02:40.145  render           | Fra: 1 | Mem: 1M | Synchronizing object | moss_01_e_LOD0
02:40.146  render           | Fra: 1 | Mem: 1M | Synchronizing object | moss_01_d_LOD0
02:40.146  render           | Fra: 1 | Mem: 1M | Synchronizing object | moss_01_c_LOD0
02:40.146  render           | Fra: 1 | Mem: 1M | Synchronizing object | moss_01_b_LOD0
02:40.146  render           | Fra: 1 | Mem: 1M | Synchronizing object | moss_01_a_LOD0
02:40.146  render           | Fra: 1 | Mem: 1M | Synchronizing object | flower_heliophila_small_LOD0
02:40.146  render           | Fra: 1 | Mem: 1M | Synchronizing object | flower_heliophila_medium_LOD0
02:44.137  render           | Fra: 1 | Mem: 1M | Synchronizing object | Island
02:44.142  render           | Fra: 1 | Mem: 1M | Synchronizing object | TopMoss
02:44.254  render           | Fra: 1 | Mem: 1M | Synchronizing object | TopGrass
02:44.256  render           | Fra: 1 | Mem: 1M | Synchronizing object | TopGrassTall
02:44.262  render           | Fra: 1 | Mem: 1M | Synchronizing object | LipMoss
02:44.409  render           | Fra: 1 | Mem: 1M | Synchronizing object | Flowers
02:44.409  render           | Fra: 1 | Mem: 1M | Synchronizing object | rock_moss_set_01_rock06.001
02:44.409  render           | Fra: 1 | Mem: 1M | Synchronizing object | rock_moss_set_01_rock06.003
02:44.409  render           | Fra: 1 | Mem: 1M | Synchronizing object | rock_moss_set_01_rock04.002
02:44.409  render           | Fra: 1 | Mem: 1M | Synchronizing object | rock_moss_set_01_rock05.004
02:44.409  render           | Fra: 1 | Mem: 1M | Synchronizing object | rock_moss_set_01_rock04.003
02:44.409  render           | Fra: 1 | Mem: 1M | Synchronizing object | rock_moss_set_01_rock05.005
02:44.409  render           | Fra: 1 | Mem: 1M | Synchronizing object | rock_moss_set_01_rock06.006
02:44.409  render           | Fra: 1 | Mem: 1M | Synchronizing object | rock_moss_set_01_rock04.005
02:44.409  render           | Fra: 1 | Mem: 1M | Synchronizing object | rock_moss_set_01_rock06.007
02:44.409  render           | Fra: 1 | Mem: 1M | Synchronizing object | rock_moss_set_01_rock04.006
02:44.409  render           | Fra: 1 | Mem: 1M | Synchronizing object | rock_moss_set_01_rock05.008
02:44.409  render           | Fra: 1 | Mem: 1M | Synchronizing object | rock_moss_set_01_rock04.007
02:44.409  render           | Fra: 1 | Mem: 1M | Synchronizing object | rock_moss_set_01_rock06.009
02:44.409  render           | Fra: 1 | Mem: 1M | Synchronizing object | fir_sapling_medium_a_LOD0.001
02:44.409  render           | Fra: 1 | Mem: 1M | Synchronizing object | fir_sapling_medium_b_LOD0.001
02:44.410  render           | Fra: 1 | Mem: 1M | Synchronizing object | Sun
02:44.410  render           | Fra: 1 | Mem: 1M | Synchronizing object | Terrain
02:44.429  render           | Fra: 1 | Mem: 1M | Initializing
02:44.506  render           | Fra: 1 | Mem: 1M | Waiting for render to start
02:44.506  render           | Fra: 1 | Mem: 1M | Updating Scene
02:44.506  render           | Fra: 1 | Mem: 1M | Updating Shaders
02:44.510  render           | Fra: 1 | Mem: 1M | Loading render kernels (may take a few minutes the first time)
02:44.566  render           | Fra: 1 | Mem: 1M | Updating Procedurals
Update statistics:
Scene:
    Total time: 0.057305s
        device_update                            0.057305s
Geometry:
    Total time: 0.000000s
Light:
    Total time: 0.000000s
Object:
    Total time: 0.000000s
Image:
    Total time: 0.000000s
Background:
    Total time: 0.000000s
Bake:
    Total time: 0.000000s
Camera:
    Total time: 0.000000s
Film:
    Total time: 0.000000s
Integrator:
    Total time: 0.000000s
OSL:
    Total time: 0.000000s
Particles:
    Total time: 0.000000s
SVM:
    Total time: 0.000000s
Tables:
    Total time: 0.000000s
Procedurals:
    Total time: 0.000000s

02:44.566  render           | Fra: 1 | Mem: 1M | Updating Background
02:44.566  render           | Fra: 1 | Mem: 1M | Updating Scene Attribute
02:44.566  render           | Fra: 1 | Mem: 1M | Updating Camera
02:44.566  render           | Fra: 1 | Mem: 1M | Updating Meshes Flags
02:44.566  render           | Fra: 1 | Mem: 1M | Updating Objects
02:44.568  render           | Fra: 1 | Mem: 1M | Updating Objects | Copying Transformations to device
02:44.573  render           | Fra: 1 | Mem: 37M | Updating Particle Systems
02:44.573  render           | Fra: 1 | Mem: 37M | Updating Particle Systems | Copying Particles to device
02:44.573  render           | Fra: 1 | Mem: 37M | Updating Meshes
02:44.734  render           | Fra: 1 | Mem: 37M | Updating Displacement Images
02:44.734  render           | Fra: 1 | Mem: 37M | Updating Images | Loading lichen_rock_Rough_2k.jpg
02:44.734  render           | Fra: 1 | Mem: 37M | Updating Images | Loading forest_ground_04_nor_gl_2k.jpg
02:44.734  render           | Fra: 1 | Mem: 37M | Updating Images | Loading forest_ground_04_Diffuse_2k.jpg
02:44.734  render           | Fra: 1 | Mem: 37M | Updating Images | Loading cliff_side_Diffuse_2k.jpg
02:44.734  render           | Fra: 1 | Mem: 37M | Updating Images | Loading cliff_side_nor_gl_2k.jpg
02:44.734  render           | Fra: 1 | Mem: 37M | Updating Images | Loading aerial_rocks_02_Diffuse_2k.jpg
02:44.734  render           | Fra: 1 | Mem: 37M | Updating Images | Loading lichen_rock_nor_gl_2k.jpg
02:44.807  render           | Fra: 1 | Mem: 185M | Updating Mesh | Computing normals
02:44.827  render           | Fra: 1 | Mem: 185M | Updating Mesh | Copying Mesh to device
02:44.831  render           | Fra: 1 | Mem: 248M | Updating Objects | Applying Static Transformations
02:44.839  render           | Fra: 1 | Mem: 248M | Updating Mesh | Computing attributes
02:44.894  render           | Fra: 1 | Mem: 248M | Updating Mesh | Copying Attributes to device
02:44.927  render           | Fra: 1 | Mem: 423M | Updating Mesh | Computing Displacement Island
02:45.308  render           | Fra: 1 | Mem: 423M | Updating Mesh | Computing Displacement mesh1-geometry.001
02:45.313  render           | Fra: 1 | Mem: 423M | Updating Mesh | Computing Displacement modelShape.001
02:45.318  render           | Fra: 1 | Mem: 423M | Updating Mesh | Computing Displacement medium.002
02:45.322  render           | Fra: 1 | Mem: 423M | Updating Mesh | Computing Displacement mesh1-geometry.002
02:45.327  render           | Fra: 1 | Mem: 423M | Updating Mesh | Computing Displacement modelShape.002
02:45.331  render           | Fra: 1 | Mem: 423M | Updating Mesh | Computing Displacement medium.003
02:45.335  render           | Fra: 1 | Mem: 423M | Updating Mesh | Computing Displacement mesh1-geometry.004
02:45.340  render           | Fra: 1 | Mem: 423M | Updating Mesh | Computing Displacement modelShape.004
02:45.345  render           | Fra: 1 | Mem: 423M | Updating Mesh | Computing Displacement medium.004
02:45.348  render           | Fra: 1 | Mem: 423M | Updating Mesh | Computing Displacement mesh1-geometry.005
02:45.353  render           | Fra: 1 | Mem: 423M | Updating Mesh | Computing Displacement modelShape.005
02:45.357  render           | Fra: 1 | Mem: 423M | Updating Mesh | Computing Displacement medium.005
02:45.362  render           | Fra: 1 | Mem: 423M | Updating Mesh | Computing Displacement mesh1-geometry.006
02:45.367  render           | Fra: 1 | Mem: 423M | Updating Mesh | Computing Displacement modelShape.006
02:45.370  render           | Fra: 1 | Mem: 423M | Updating Mesh | Computing Displacement medium.006
02:45.375  render           | Fra: 1 | Mem: 423M | Updating Mesh | Computing Displacement mesh1-geometry.007
02:45.380  render           | Fra: 1 | Mem: 423M | Updating Mesh | Computing Displacement modelShape.007
02:45.384  render           | Fra: 1 | Mem: 423M | Updating Mesh | Computing Displacement medium.007
02:45.388  render           | Fra: 1 | Mem: 423M | Updating Mesh | Computing Displacement mesh1-geometry.008
02:45.393  render           | Fra: 1 | Mem: 423M | Updating Mesh | Computing Displacement modelShape.008
02:45.405  render           | Fra: 1 | Mem: 185M | Updating Geometry BVH backgroundlight 62/61 | Building BVH
02:45.405  render           | Fra: 1 | Mem: 185M | Updating Geometry BVH backgroundlight 62/61 | Building OptiX acceleration structure
02:45.406  render           | Fra: 1 | Mem: 185M | Updating Geometry BVH Plane.059 2/61 | Building BVH
02:45.406  render           | Fra: 1 | Mem: 185M | Updating Geometry BVH Plane.058 3/61 | Building OptiX acceleration structure
02:45.406  render           | Fra: 1 | Mem: 185M | Updating Geometry BVH Grid 61/61 | Building OptiX acceleration structure
02:45.406  render           | Fra: 1 | Mem: 185M | Updating Geometry BVH Plane.057 4/61 | Building BVH
02:45.406  render           | Fra: 1 | Mem: 185M | Updating Geometry BVH Plane.057 4/61 | Building OptiX acceleration structure
02:45.406  render           | Fra: 1 | Mem: 185M | Updating Geometry BVH Plane.055 7/61 | Building BVH
02:45.406  render           | Fra: 1 | Mem: 185M | Updating Geometry BVH Plane.047 8/61 | Building OptiX acceleration structure
02:45.406  render           | Fra: 1 | Mem: 185M | Updating Geometry BVH Plane.037 9/61 | Building BVH
02:45.406  render           | Fra: 1 | Mem: 185M | Updating Geometry BVH Plane.037 9/61 | Building OptiX acceleration structure
02:45.406  render           | Fra: 1 | Mem: 185M | Updating Geometry BVH Plane.048 10/61 | Building BVH
02:45.406  render           | Fra: 1 | Mem: 185M | Updating Geometry BVH Plane.032 17/61 | Building BVH
02:45.406  render           | Fra: 1 | Mem: 185M | Updating Geometry BVH Plane.032 17/61 | Building OptiX acceleration structure
02:45.406  render           | Fra: 1 | Mem: 185M | Updating Geometry BVH Plane.011 18/61 | Building BVH
02:45.406  render           | Fra: 1 | Mem: 185M | Updating Geometry BVH Plane.004 23/61 | Building BVH
02:45.406  render           | Fra: 1 | Mem: 185M | Updating Geometry BVH Plane.007 25/61 | Building OptiX acceleration structure
02:45.406  render           | Fra: 1 | Mem: 185M | Updating Geometry BVH Plane.009 26/61 | Building BVH
02:45.406  render           | Fra: 1 | Mem: 185M | Updating Geometry BVH Plane.009 26/61 | Building OptiX acceleration structure
02:45.406  render           | Fra: 1 | Mem: 185M | Updating Geometry BVH Plane.2197 27/61 | Building BVH
02:45.406  render           | Fra: 1 | Mem: 185M | Updating Geometry BVH Plane.2197 27/61 | Building OptiX acceleration structure
02:45.406  render           | Fra: 1 | Mem: 185M | Updating Geometry BVH Plane.5143 28/61 | Building BVH
02:45.406  render           | Fra: 1 | Mem: 185M | Updating Geometry BVH Plane.5143 28/61 | Building OptiX acceleration structure
02:45.419  render           | Fra: 1 | Mem: 189M | Updating Geometry BVH Island 29/61 | Building BVH
02:45.419  render           | Fra: 1 | Mem: 189M | Updating Geometry BVH Island 29/61 | Building OptiX acceleration structure
02:45.422  render           | Fra: 1 | Mem: 189M | Updating Geometry BVH TopMoss 30/61 | Building BVH
02:45.422  render           | Fra: 1 | Mem: 189M | Updating Geometry BVH TopMoss 30/61 | Building OptiX acceleration structure
02:45.422  render           | Fra: 1 | Mem: 189M | Updating Geometry BVH TopGrass 31/61 | Building BVH
02:45.422  render           | Fra: 1 | Mem: 189M | Updating Geometry BVH TopGrass 31/61 | Building OptiX acceleration structure
02:45.422  render           | Fra: 1 | Mem: 189M | Updating Geometry BVH TopGrassTall 32/61 | Building BVH
02:45.422  render           | Fra: 1 | Mem: 189M | Updating Geometry BVH TopGrassTall 32/61 | Building OptiX acceleration structure
02:45.422  render           | Fra: 1 | Mem: 189M | Updating Geometry BVH LipMoss 33/61 | Building BVH
02:45.422  render           | Fra: 1 | Mem: 189M | Updating Geometry BVH LipMoss 33/61 | Building OptiX acceleration structure
02:45.422  render           | Fra: 1 | Mem: 189M | Updating Geometry BVH Flowers 34/61 | Building BVH
02:45.422  render           | Fra: 1 | Mem: 189M | Updating Geometry BVH Flowers 34/61 | Building OptiX acceleration structure
02:45.422  render           | Fra: 1 | Mem: 189M | Updating Geometry BVH mesh1-geometry.003 35/61 | Building BVH
02:45.422  render           | Fra: 1 | Mem: 189M | Updating Geometry BVH mesh1-geometry.003 35/61 | Building OptiX acceleration structure
02:45.424  render           | Fra: 1 | Mem: 189M | Updating Geometry BVH modelShape.003 36/61 | Building BVH
02:45.424  render           | Fra: 1 | Mem: 189M | Updating Geometry BVH modelShape.003 36/61 | Building OptiX acceleration structure
02:45.425  render           | Fra: 1 | Mem: 189M | Updating Geometry BVH medium.001 37/61 | Building BVH
02:45.425  render           | Fra: 1 | Mem: 189M | Updating Geometry BVH medium.001 37/61 | Building OptiX acceleration structure
02:45.426  render           | Fra: 1 | Mem: 189M | Updating Geometry BVH mesh1-geometry.001 38/61 | Building BVH
02:45.426  render           | Fra: 1 | Mem: 189M | Updating Geometry BVH mesh1-geometry.001 38/61 | Building OptiX acceleration structure
02:45.427  render           | Fra: 1 | Mem: 189M | Updating Geometry BVH modelShape.001 39/61 | Building BVH
02:45.427  render           | Fra: 1 | Mem: 189M | Updating Geometry BVH modelShape.001 39/61 | Building OptiX acceleration structure
02:45.428  render           | Fra: 1 | Mem: 219M | Updating Geometry BVH medium.002 40/61 | Building BVH
02:45.428  render           | Fra: 1 | Mem: 219M | Updating Geometry BVH medium.002 40/61 | Building OptiX acceleration structure
02:45.433  render           | Fra: 1 | Mem: 233M | Updating Geometry BVH mesh1-geometry.002 41/61 | Building BVH
02:45.433  render           | Fra: 1 | Mem: 239M | Updating Geometry BVH mesh1-geometry.002 41/61 | Building OptiX acceleration structure
02:45.435  render           | Fra: 1 | Mem: 234M | Updating Geometry BVH Sun 60/61 | Building BVH
02:45.435  render           | Fra: 1 | Mem: 234M | Updating Geometry BVH Sun 60/61 | Building OptiX acceleration structure
02:45.435  render           | Fra: 1 | Mem: 234M | Updating Geometry BVH NurbsPath.005 59/61 | Building BVH
02:45.435  render           | Fra: 1 | Mem: 234M | Updating Geometry BVH NurbsPath.005 59/61 | Building OptiX acceleration structure
02:45.436  render           | Fra: 1 | Mem: 234M | Updating Geometry BVH modelShape.002 42/61 | Building BVH
02:45.436  render           | Fra: 1 | Mem: 234M | Updating Geometry BVH modelShape.002 42/61 | Building OptiX acceleration structure
02:45.437  render           | Fra: 1 | Mem: 234M | Updating Geometry BVH medium.003 43/61 | Building BVH
02:45.438  render           | Fra: 1 | Mem: 234M | Updating Geometry BVH medium.003 43/61 | Building OptiX acceleration structure
02:45.439  render           | Fra: 1 | Mem: 245M | Updating Geometry BVH mesh1-geometry.004 44/61 | Building BVH
02:45.439  render           | Fra: 1 | Mem: 245M | Updating Geometry BVH mesh1-geometry.004 44/61 | Building OptiX acceleration structure
02:45.440  render           | Fra: 1 | Mem: 245M | Updating Geometry BVH modelShape.004 45/61 | Building BVH
02:45.440  render           | Fra: 1 | Mem: 245M | Updating Geometry BVH modelShape.004 45/61 | Building OptiX acceleration structure
02:45.442  render           | Fra: 1 | Mem: 245M | Updating Geometry BVH medium.004 46/61 | Building BVH
02:45.442  render           | Fra: 1 | Mem: 245M | Updating Geometry BVH medium.004 46/61 | Building OptiX acceleration structure
02:45.444  render           | Fra: 1 | Mem: 245M | Updating Geometry BVH mesh1-geometry.005 47/61 | Building BVH
02:45.444  render           | Fra: 1 | Mem: 245M | Updating Geometry BVH mesh1-geometry.005 47/61 | Building OptiX acceleration structure
02:45.446  render           | Fra: 1 | Mem: 246M | Updating Geometry BVH modelShape.005 48/61 | Building BVH
02:45.446  render           | Fra: 1 | Mem: 246M | Updating Geometry BVH modelShape.005 48/61 | Building OptiX acceleration structure
02:45.449  render           | Fra: 1 | Mem: 246M | Updating Geometry BVH medium.005 49/61 | Building BVH
02:45.449  render           | Fra: 1 | Mem: 246M | Updating Geometry BVH medium.005 49/61 | Building OptiX acceleration structure
02:45.451  render           | Fra: 1 | Mem: 246M | Updating Geometry BVH mesh1-geometry.006 50/61 | Building BVH
02:45.451  render           | Fra: 1 | Mem: 246M | Updating Geometry BVH mesh1-geometry.006 50/61 | Building OptiX acceleration structure
02:45.452  render           | Fra: 1 | Mem: 246M | Updating Geometry BVH modelShape.006 51/61 | Building BVH
02:45.452  render           | Fra: 1 | Mem: 246M | Updating Geometry BVH modelShape.006 51/61 | Building OptiX acceleration structure
02:45.454  render           | Fra: 1 | Mem: 247M | Updating Geometry BVH medium.006 52/61 | Building BVH
02:45.454  render           | Fra: 1 | Mem: 247M | Updating Geometry BVH medium.006 52/61 | Building OptiX acceleration structure
02:45.455  render           | Fra: 1 | Mem: 247M | Updating Geometry BVH mesh1-geometry.007 53/61 | Building BVH
02:45.455  render           | Fra: 1 | Mem: 247M | Updating Geometry BVH mesh1-geometry.007 53/61 | Building OptiX acceleration structure
02:45.456  render           | Fra: 1 | Mem: 247M | Updating Geometry BVH modelShape.007 54/61 | Building BVH
02:45.456  render           | Fra: 1 | Mem: 247M | Updating Geometry BVH modelShape.007 54/61 | Building OptiX acceleration structure
02:45.457  render           | Fra: 1 | Mem: 247M | Updating Geometry BVH medium.007 55/61 | Building BVH
02:45.457  render           | Fra: 1 | Mem: 247M | Updating Geometry BVH medium.007 55/61 | Building OptiX acceleration structure
02:45.458  render           | Fra: 1 | Mem: 248M | Updating Geometry BVH mesh1-geometry.008 56/61 | Building BVH
02:45.458  render           | Fra: 1 | Mem: 248M | Updating Geometry BVH mesh1-geometry.008 56/61 | Building OptiX acceleration structure
02:45.461  render           | Fra: 1 | Mem: 248M | Updating Geometry BVH modelShape.008 57/61 | Building BVH
02:45.461  render           | Fra: 1 | Mem: 248M | Updating Geometry BVH modelShape.008 57/61 | Building OptiX acceleration structure
02:45.463  render           | Fra: 1 | Mem: 248M | Updating Geometry BVH NurbsPath.007 58/61 | Building BVH
02:45.463  render           | Fra: 1 | Mem: 248M | Updating Geometry BVH NurbsPath.007 58/61 | Building OptiX acceleration structure
02:45.532  render           | Fra: 1 | Mem: 282M | Updating Scene BVH | Building
02:45.532  render           | Fra: 1 | Mem: 282M | Updating Scene BVH | Building OptiX acceleration structure
02:45.544  render           | Fra: 1 | Mem: 304M | Updating Scene BVH | Copying BVH to device
02:45.544  render           | Fra: 1 | Mem: 304M | Updating Mesh | Computing attributes
02:45.639  render           | Fra: 1 | Mem: 304M | Updating Mesh | Copying Attributes to device
02:45.670  render           | Fra: 1 | Mem: 628M | Updating Mesh | Computing normals
02:45.688  render           | Fra: 1 | Mem: 628M | Updating Mesh | Copying Mesh to device
02:45.693  render           | Fra: 1 | Mem: 690M | Updating Objects Flags
02:45.697  render           | Fra: 1 | Mem: 690M | Updating Primitive Offsets
02:45.698  render           | Fra: 1 | Mem: 691M | Updating Images
02:45.698  render           | Fra: 1 | Mem: 691M | Updating Images | Loading fir_sapling_medium_twigs_rough_2k.png
02:45.698  render           | Fra: 1 | Mem: 691M | Updating Images | Loading fir_sapling_medium_branches_disp_2k.png
02:45.698  render           | Fra: 1 | Mem: 691M | Updating Images | Loading kloofendal_overcast_puresky_4k.hdr
02:45.698  render           | Fra: 1 | Mem: 691M | Updating Images | Loading grass_medium_01_nor_gl_2k.exr
02:45.698  render           | Fra: 1 | Mem: 691M | Updating Images | Loading moss_01_nor_gl_2k.exr
02:45.698  render           | Fra: 1 | Mem: 691M | Updating Images | Loading fir_sapling_medium_branches_rough_2k.png
02:45.698  render           | Fra: 1 | Mem: 691M | Updating Images | Loading fir_sapling_medium_twigs_diff_2k.png
02:45.698  render           | Fra: 1 | Mem: 691M | Updating Images | Loading flower_heliophila_alpha_2k.png
02:45.698  render           | Fra: 1 | Mem: 691M | Updating Images | Loading moss_01_alpha_2k.png
02:45.698  render           | Fra: 1 | Mem: 691M | Updating Images | Loading moss_01_rough_2k.exr
02:45.698  render           | Fra: 1 | Mem: 691M | Updating Images | Loading flower_heliophila_translucency_2k.png
02:45.698  render           | Fra: 1 | Mem: 691M | Updating Images | Loading grass_medium_01_rough_2k.exr
02:45.698  render           | Fra: 1 | Mem: 691M | Updating Images | Loading fir_sapling_medium_twigs_mask_2k.png
02:46.009  render           | Fra: 1 | Mem: 1299M | Updating Volume
02:46.011  render           | Fra: 1 | Mem: 1299M | Updating Camera Volume
02:46.011  render           | Fra: 1 | Mem: 1299M | Updating Lookup Tables
02:46.011  render           | Fra: 1 | Mem: 1299M | Updating Lights
02:46.015  render           | Fra: 1 | Mem: 1299M | Updating Lights | Importance map
02:46.152  render           | Fra: 1 | Mem: 1363M | Updating Lights | Computing tree
02:46.158  render           | Fra: 1 | Mem: 1364M | Updating Integrator
02:46.158  render           | Fra: 1 | Mem: 1364M | Updating Film
02:46.158  render           | Fra: 1 | Mem: 1364M | Updating Lookup Tables
02:46.158  render           | Fra: 1 | Mem: 1364M | Updating Baking
02:46.159  render           | Fra: 1 | Mem: 1364M | Updating Device | Writing constant memory
02:46.160  render           | Fra: 1 | Mem: 1364M | Loading denoising kernels (may take a few minutes the first time)
02:46.163  render           | Fra: 1 | Mem: 1842M | Rendered 0/4 Tiles, Sample 0/128
02:46.198  render           | Fra: 1 | Remaining: 00:08.82 | Mem: 2179M | Rendered 0/4 Tiles, Sample 1/128
02:47.213  render           | Fra: 1 | Remaining: 00:02.27 | Mem: 2179M | Rendered 0/4 Tiles, Sample 80/128
02:47.300  render           | Fra: 1 | Remaining: 00:01.86 | Mem: 2179M | Rendered 0/4 Tiles, Sample 96/128
02:47.375  render           | Fra: 1 | Remaining: 00:01.52 | Mem: 2179M | Rendered 0/4 Tiles, Sample 112/128
02:48.241  render           | Fra: 1 | Remaining: 00:02.03 | Mem: 2179M | Rendered 0/4 Tiles, Sample 128/128
02:48.242  render           | Fra: 1 | Remaining: 00:02.03 | Mem: 2179M | Rendered 1/4 Tiles, Sample 128/128
02:48.304  render           | Fra: 1 | Remaining: 00:02.06 | Mem: 2137M | Rendered 1/4 Tiles, Sample 1/128
02:50.515  render           | Fra: 1 | Remaining: 00:01.21 | Mem: 2137M | Rendered 1/4 Tiles, Sample 80/128
02:50.893  render           | Fra: 1 | Remaining: 00:00.91 | Mem: 2137M | Rendered 1/4 Tiles, Sample 96/128
02:51.241  render           | Fra: 1 | Remaining: 00:00.60 | Mem: 2137M | Rendered 1/4 Tiles, Sample 112/128
02:52.405  render           | Fra: 1 | Remaining: 00:00.34 | Mem: 2137M | Rendered 1/4 Tiles, Sample 128/128
02:52.405  render           | Fra: 1 | Remaining: 00:00.34 | Mem: 2137M | Rendered 2/4 Tiles, Sample 128/128
02:52.415  render           | Fra: 1 | Remaining: 00:00.34 | Mem: 1861M | Rendered 2/4 Tiles, Sample 1/128
02:52.440  render           | Fra: 1 | Remaining: 00:00.22 | Mem: 1861M | Rendered 2/4 Tiles, Sample 80/128
02:52.517  render           | Fra: 1 | Remaining: 00:00.22 | Mem: 1861M | Rendered 2/4 Tiles, Sample 0/128
02:52.517  render           | Fra: 1 | Remaining: 00:00.22 | Mem: 1861M | Rendered 3/4 Tiles, Sample 0/128
02:52.521  render           | Fra: 1 | Remaining: 00:00.22 | Mem: 1859M | Rendered 3/4 Tiles, Sample 1/128
02:52.557  render           | Fra: 1 | Remaining: 00:00.12 | Mem: 1859M | Rendered 3/4 Tiles, Sample 80/128
02:52.666  render           | Fra: 1 | Remaining: 00:00.12 | Mem: 1859M | Rendered 3/4 Tiles, Sample 0/128
02:52.668  render           | Fra: 1 | Remaining: 00:00.12 | Mem: 1859M | Finished
Render statistics:
Mesh statistics:
  Geometry:
    Total memory: 66.48M (69,712,588)
        Island                           41.01M (42,997,861)
        NurbsPath.007                    11.11M (11,645,883)
        NurbsPath.005                    6.82M (7,154,075)
        Grid                             2.12M (2,228,309)
        Plane.5143                       539.82K (552,772)
        Plane.2197                       292.15K (299,166)
        modelShape.002                   274.81K (281,401)
        modelShape.008                   274.81K (281,401)
        modelShape.003                   274.81K (281,401)
        modelShape.001                   274.81K (281,401)
        modelShape.004                   274.81K (281,401)
        modelShape.007                   274.81K (281,401)
        modelShape.006                   274.81K (281,401)
        modelShape.005                   274.81K (281,401)
        medium.007                       175.88K (180,098)
        medium.004                       175.88K (180,098)
        medium.006                       175.88K (180,098)
        medium.005                       175.88K (180,098)
        medium.001                       175.88K (180,098)
        medium.002                       175.88K (180,098)
        medium.003                       175.88K (180,098)
        mesh1-geometry.001               149.40K (152,983)
        mesh1-geometry.005               149.40K (152,983)
        mesh1-geometry.003               149.40K (152,983)
        mesh1-geometry.006               149.40K (152,983)
        mesh1-geometry.002               149.40K (152,983)
        mesh1-geometry.008               149.40K (152,983)
        mesh1-geometry.007               149.40K (152,983)
        mesh1-geometry.004               149.40K (152,983)
        Plane.048                        24.42K (25,007)
        Plane.039                        20.95K (21,454)
        Plane.037                        13.91K (14,246)
        Plane.047                        10.92K (11,186)
        Plane.045                        5.73K (5,865)
        Plane.042                        5.23K (5,355)
        Plane.043                        4.90K (5,015)
        Plane.055                        1.39K (1,428)
        Plane.058                        1.11K (1,139)
        Plane.059                        1.08K (1,105)
        Plane.054                        765B (765)
        Plane.057                        629B (629)
        Plane.056                        561B (561)
        Plane.035                        493B (493)
        Plane.040                        493B (493)
        Plane.003                        493B (493)
        Plane.009                        493B (493)
        Plane.006                        425B (425)
        Plane.005                        425B (425)
        Plane.008                        357B (357)
        Plane.004                        357B (357)
        Plane.007                        357B (357)
        Plane.032                        221B (221)
        Plane.011                        187B (187)
        Plane.010                        187B (187)
        TopGrassTall                     85B (85)
        Flowers                          85B (85)
        LipMoss                          85B (85)
        TopGrass                         85B (85)
        TopMoss                          85B (85)
        backgroundlight                  50B (50)
        Sun                              46B (46)
Image statistics:
  Full Images:
    kloofendal_overcast_puresky_4k.hdr 128.00M (134,217,728)
    fir_sapling_medium_twigs_diff_2k.png 32.00M (33,554,432)
    fir_sapling_medium_twigs_mask_2k.png 32.00M (33,554,432)
    fir_sapling_medium_twigs_alpha_2k.png 32.00M (33,554,432)
    fir_sapling_medium_branches_diff_2k.png 32.00M (33,554,432)
    fir_sapling_medium_twigs_nor_gl_2k.png 32.00M (33,554,432)
    rock_moss_set_01_nor_gl_2k.exr   32.00M (33,554,432)
    grass_medium_01_nor_gl_2k.exr    32.00M (33,554,432)
    fir_sapling_medium_branches_nor_gl_2k.png 32.00M (33,554,432)
    moss_01_nor_gl_2k.02:52.867  render           | Fra: 1 | Remaining: 00:00.13 | Mem: 1353M | Reading full buffer from disk
exr            32.00M (33,554,432)
    flower_heliophila_nor_gl_2k.exr  32.00M (33,554,432)
    lichen_rock_Displacement_2k.jpg  16.00M (16,777,216)
    cliff_side_Diffuse_2k.jpg        16.00M (16,777,216)
    flower_heliophila_diff_2k.jpg    16.00M (16,777,216)
    moss_01_diff_2k.jpg              16.00M (16,777,216)
    lichen_rock_Diffuse_2k.jpg       16.00M (16,777,216)
    aerial_rocks_02_Diffuse_2k.jpg   16.00M (16,777,216)
    lichen_rock_Rough_2k.jpg         16.00M (16,777,216)
    rock_moss_set_01_diff_2k.jpg     16.00M (16,777,216)
    cliff_side_nor_gl_2k.jpg         16.00M (16,777,216)
    rock_moss_set_01_rough_2k.jpg    16.00M (16,777,216)
    forest_ground_04_Diffuse_2k.jpg  16.00M (16,777,216)
    lichen_rock_nor_gl_2k.jpg        16.00M (16,777,216)
    grass_medium_01_diff_2k.jpg      16.00M (16,777,216)
    forest_ground_04_nor_gl_2k.jpg   16.00M (16,777,216)
    fir_sapling_medium_twigs_rough_2k.png 8.00M (8,388,608)
    fir_sapling_medium_branches_disp_2k.png 8.00M (8,388,608)
    grass_medium_01_rough_2k.exr     8.00M (8,388,608)
    grass_medium_01_alpha_2k.png     8.00M (8,388,608)
    flower_heliophila_translucency_2k.png 8.00M (8,388,608)
    fir_sapling_medium_branches_rough_2k.png 8.00M (8,388,608)
    moss_01_rough_2k.exr             8.00M (8,388,608)
    moss_01_alpha_2k.png             8.00M (8,388,608)
    flower_heliophila_rough_2k.exr   8.00M (8,388,608)
    flower_heliophila_alpha_2k.png   8.00M (8,388,608)
    cliff_side_Displacement_2k.jpg   4.00M (4,194,304)
  Full image memory: 756.00M (792,723,456)
  Overhead image memory: 3.94K (4,032)
  Total image memory: 756.00M (792,727,488)
Profiling information not available (only works with CPU rendering)
02:53.497  render           | Fra: 1 | Remaining: 00:00.14 | Mem: 1353M | ViewLayer | Denoising
03:18.553  render           | Fra: 1 | Remaining: 00:00.64 | Mem: 2334M | ViewLayer | Finishing
03:18.942  render           | Fra: 1 | Remaining: 00:00.65 | Mem: 1353M | Reading full buffer from disk
03:19.117  render           | Fra: 1 | Remaining: 00:00.65 | Mem: 1353M | haze | Denoising
03:47.684  render           | Fra: 1 | Remaining: 00:01.21 | Mem: 2018M | haze | Finishing
03:48.932  render           | Executing compositor
03:48.932  render           | Fra: 1 | Compositing
03:49.760  render           | Saved: '/home/akamel/hero3d/out/still-223/p1c3/wide-s0-f0.png'
03:49.765  render           | Time: 01:36.55 (Saving: 00:00.48)
still: wrote /home/akamel/hero3d/out/still-223/p1c3/wide-s0-f0.png 3840x2160

Blender quit
