00:01.477  cycles           | WARNING HIPEW initialization failed: Error opening HIP dynamic library
/home/akamel/hero3d/still223/still.py:284: DeprecationWarning: 'Material.use_nodes' is expected to be removed in Blender 6.0
  mat.use_nodes = True
/home/akamel/hero3d/still223/still.py:311: DeprecationWarning: 'Material.use_nodes' is expected to be removed in Blender 6.0
  mat.use_nodes = True
still: shots=['tall', 'wide'] outdir=/home/akamel/hero3d/out/still-223/p1c2c az=0.0 res=native
00:08.716  render           | Rendering frame 1
00:08.716  render           | Start rendering: Scene, ViewLayer
00:08.716  render           | Engine: Cycles
00:12.715  render           | Fra: 1 | Mem: 1M | Synchronizing object | ValleyMist
Blender 5.2.2 LTS (hash d13f752e3b9c built 2026-09-15 01:34:58)
00:16.068  render           | Fra: 1 | Mem: 1M | Synchronizing object | Island
00:16.076  render           | Fra: 1 | Mem: 1M | Synchronizing object | moss_01_d_LOD0
00:16.076  render           | Fra: 1 | Mem: 1M | Synchronizing object | TopMoss
00:16.076  render           | Fra: 1 | Mem: 1M | Synchronizing object | moss_01_h_LOD0
00:16.076  render           | Fra: 1 | Mem: 1M | Synchronizing object | moss_01_i_LOD0
00:16.076  render           | Fra: 1 | Mem: 1M | Synchronizing object | moss_01_e_LOD0
00:16.076  render           | Fra: 1 | Mem: 1M | Synchronizing object | moss_01_tall_a_LOD0
00:16.076  render           | Fra: 1 | Mem: 1M | Synchronizing object | moss_01_a_LOD0
00:16.076  render           | Fra: 1 | Mem: 1M | Synchronizing object | moss_01_f_LOD0
00:16.076  render           | Fra: 1 | Mem: 1M | Synchronizing object | moss_01_tall_b_LOD0
00:16.076  render           | Fra: 1 | Mem: 1M | Synchronizing object | moss_01_b_LOD0
00:16.076  render           | Fra: 1 | Mem: 1M | Synchronizing object | moss_01_g_LOD0
00:16.076  render           | Fra: 1 | Mem: 1M | Synchronizing object | moss_01_c_LOD0
00:16.076  render           | Fra: 1 | Mem: 1M | Synchronizing object | moss_01_j_LOD0
00:16.168  render           | Fra: 1 | Mem: 1M | Synchronizing object | grass_medium_01_tiny_e_LOD0
00:16.168  render           | Fra: 1 | Mem: 1M | Synchronizing object | TopGrass
00:16.168  render           | Fra: 1 | Mem: 1M | Synchronizing object | grass_medium_01_tiny_f_LOD0
00:16.168  render           | Fra: 1 | Mem: 1M | Synchronizing object | grass_medium_01_small_a_LOD0
00:16.168  render           | Fra: 1 | Mem: 1M | Synchronizing object | grass_medium_01_mid_c_LOD0
00:16.168  render           | Fra: 1 | Mem: 1M | Synchronizing object | grass_medium_01_mid_b_LOD0
00:16.168  render           | Fra: 1 | Mem: 1M | Synchronizing object | grass_medium_01_tiny_d_LOD0
00:16.168  render           | Fra: 1 | Mem: 1M | Synchronizing object | grass_medium_01_tiny_a_LOD0
00:16.168  render           | Fra: 1 | Mem: 1M | Synchronizing object | grass_medium_01_small_b_LOD0
00:16.168  render           | Fra: 1 | Mem: 1M | Synchronizing object | grass_medium_01_tiny_c_LOD0
00:16.168  render           | Fra: 1 | Mem: 1M | Synchronizing object | grass_medium_01_tiny_b_LOD0
00:16.170  render           | Fra: 1 | Mem: 1M | Synchronizing object | grass_medium_01_tall_a_LOD0
00:16.170  render           | Fra: 1 | Mem: 1M | Synchronizing object | grass_medium_01_tall_b_LOD0
00:16.170  render           | Fra: 1 | Mem: 1M | Synchronizing object | grass_medium_01_tall_c_LOD0
00:16.170  render           | Fra: 1 | Mem: 1M | Synchronizing object | TopGrassTall
00:16.176  render           | Fra: 1 | Mem: 1M | Synchronizing object | LipMoss
00:16.308  render           | Fra: 1 | Mem: 1M | Synchronizing object | flower_heliophila_medium_LOD0
00:16.308  render           | Fra: 1 | Mem: 1M | Synchronizing object | Flowers
00:16.309  render           | Fra: 1 | Mem: 1M | Synchronizing object | flower_heliophila_small_LOD0
00:16.311  render           | Fra: 1 | Mem: 1M | Synchronizing object | rock_moss_set_01_rock06.001
00:16.311  render           | Fra: 1 | Mem: 1M | Synchronizing object | rock_moss_set_01_rock04.001
00:16.311  render           | Fra: 1 | Mem: 1M | Synchronizing object | rock_moss_set_01_rock06.003
00:16.311  render           | Fra: 1 | Mem: 1M | Synchronizing object | rock_moss_set_01_rock06.004
00:16.311  render           | Fra: 1 | Mem: 1M | Synchronizing object | rock_moss_set_01_rock05.004
00:16.311  render           | Fra: 1 | Mem: 1M | Synchronizing object | rock_moss_set_01_rock06.005
00:16.311  render           | Fra: 1 | Mem: 1M | Synchronizing object | rock_moss_set_01_rock04.005
00:16.311  render           | Fra: 1 | Mem: 1M | Synchronizing object | rock_moss_set_01_rock06.007
00:16.311  render           | Fra: 1 | Mem: 1M | Synchronizing object | rock_moss_set_01_rock05.007
00:16.311  render           | Fra: 1 | Mem: 1M | Synchronizing object | rock_moss_set_01_rock04.006
00:16.311  render           | Fra: 1 | Mem: 1M | Synchronizing object | rock_moss_set_01_rock06.008
00:16.311  render           | Fra: 1 | Mem: 1M | Synchronizing object | rock_moss_set_01_rock05.008
00:16.311  render           | Fra: 1 | Mem: 1M | Synchronizing object | Terrain
00:16.311  render           | Fra: 1 | Mem: 1M | Synchronizing object | rock_moss_set_01_rock04.007
00:16.311  render           | Fra: 1 | Mem: 1M | Synchronizing object | fir_sapling_medium_b_LOD0.001
00:16.311  render           | Fra: 1 | Mem: 1M | Synchronizing object | Sun
00:16.338  render           | Fra: 1 | Mem: 1M | Initializing
00:16.400  render           | Fra: 1 | Mem: 1M | Waiting for render to start
00:16.400  render           | Fra: 1 | Mem: 1M | Updating Scene
00:16.401  render           | Fra: 1 | Mem: 1M | Updating Shaders
00:16.404  render           | Fra: 1 | Mem: 1M | Loading render kernels (may take a few minutes the first time)
00:16.465  render           | Fra: 1 | Mem: 1M | Updating Procedurals
Update statistics:
Scene:
    Total time: 0.059692s
        device_update                            0.059692s
Geometry:
    Total time: 0.000000s
Light:
    Total time: 0.000000s
Object:
    Total time: 0.000000s
Image:
    Total time: 0.000000s
Background:
    Total time: 0.000000s
Bake:
    Total time: 0.000000s
Camera:
    Total time: 0.000000s
Film:
    Total time: 0.000000s
Integrator:
    Total time: 0.000000s
OSL:
    Total time: 0.000000s
Particles:
    Total time: 0.000000s
SVM:
    Total time: 0.000000s
Tables:
    Total time: 0.000000s
Procedurals:
    Total time: 0.000000s

00:16.465  render           | Fra: 1 | Mem: 1M | Updating Background
00:16.465  render           | Fra: 1 | Mem: 1M | Updating Scene Attribute
00:16.465  render           | Fra: 1 | Mem: 1M | Updating Camera
00:16.465  render           | Fra: 1 | Mem: 1M | Updating Meshes Flags
00:16.465  render           | Fra: 1 | Mem: 1M | Updating Objects
00:16.467  render           | Fra: 1 | Mem: 1M | Updating Objects | Copying Transformations to device
00:16.473  render           | Fra: 1 | Mem: 37M | Updating Particle Systems
00:16.473  render           | Fra: 1 | Mem: 37M | Updating Particle Systems | Copying Particles to device
00:16.473  render           | Fra: 1 | Mem: 37M | Updating Meshes
00:16.595  render           | Fra: 1 | Mem: 37M | Updating Displacement Images
00:16.595  render           | Fra: 1 | Mem: 37M | Updating Images | Loading forest_ground_04_nor_gl_2k.jpg
00:16.595  render           | Fra: 1 | Mem: 37M | Updating Images | Loading cliff_side_Diffuse_2k.jpg
00:16.595  render           | Fra: 1 | Mem: 37M | Updating Images | Loading cliff_side_nor_gl_2k.jpg
00:16.595  render           | Fra: 1 | Mem: 37M | Updating Images | Loading lichen_rock_Diffuse_2k.jpg
00:16.595  render           | Fra: 1 | Mem: 37M | Updating Images | Loading aerial_rocks_02_Diffuse_2k.jpg
00:16.595  render           | Fra: 1 | Mem: 37M | Updating Images | Loading lichen_rock_nor_gl_2k.jpg
00:16.595  render           | Fra: 1 | Mem: 37M | Updating Images | Loading forest_ground_04_Diffuse_2k.jpg
00:16.663  render           | Fra: 1 | Mem: 185M | Updating Mesh | Computing normals
00:16.683  render           | Fra: 1 | Mem: 185M | Updating Mesh | Copying Mesh to device
00:16.688  render           | Fra: 1 | Mem: 248M | Updating Objects | Applying Static Transformations
00:16.696  render           | Fra: 1 | Mem: 248M | Updating Mesh | Computing attributes
00:16.753  render           | Fra: 1 | Mem: 248M | Updating Mesh | Copying Attributes to device
00:16.780  render           | Fra: 1 | Mem: 423M | Updating Mesh | Computing Displacement Island
00:17.213  render           | Fra: 1 | Mem: 423M | Updating Mesh | Computing Displacement mesh1-geometry.001
00:17.218  render           | Fra: 1 | Mem: 423M | Updating Mesh | Computing Displacement modelShape.001
00:17.223  render           | Fra: 1 | Mem: 423M | Updating Mesh | Computing Displacement medium.002
00:17.227  render           | Fra: 1 | Mem: 423M | Updating Mesh | Computing Displacement mesh1-geometry.002
00:17.232  render           | Fra: 1 | Mem: 423M | Updating Mesh | Computing Displacement modelShape.002
00:17.236  render           | Fra: 1 | Mem: 423M | Updating Mesh | Computing Displacement medium.003
00:17.239  render           | Fra: 1 | Mem: 423M | Updating Mesh | Computing Displacement mesh1-geometry.004
00:17.244  render           | Fra: 1 | Mem: 423M | Updating Mesh | Computing Displacement modelShape.004
00:17.248  render           | Fra: 1 | Mem: 423M | Updating Mesh | Computing Displacement medium.004
00:17.251  render           | Fra: 1 | Mem: 423M | Updating Mesh | Computing Displacement mesh1-geometry.005
00:17.256  render           | Fra: 1 | Mem: 423M | Updating Mesh | Computing Displacement modelShape.005
00:17.260  render           | Fra: 1 | Mem: 423M | Updating Mesh | Computing Displacement medium.005
00:17.263  render           | Fra: 1 | Mem: 423M | Updating Mesh | Computing Displacement mesh1-geometry.006
00:17.268  render           | Fra: 1 | Mem: 423M | Updating Mesh | Computing Displacement modelShape.006
00:17.272  render           | Fra: 1 | Mem: 423M | Updating Mesh | Computing Displacement medium.006
00:17.275  render           | Fra: 1 | Mem: 423M | Updating Mesh | Computing Displacement mesh1-geometry.007
00:17.280  render           | Fra: 1 | Mem: 423M | Updating Mesh | Computing Displacement modelShape.007
00:17.284  render           | Fra: 1 | Mem: 423M | Updating Mesh | Computing Displacement medium.007
00:17.287  render           | Fra: 1 | Mem: 423M | Updating Mesh | Computing Displacement mesh1-geometry.008
00:17.292  render           | Fra: 1 | Mem: 423M | Updating Mesh | Computing Displacement modelShape.008
00:17.303  render           | Fra: 1 | Mem: 185M | Updating Geometry BVH backgroundlight 63/62 | Building BVH
00:17.303  render           | Fra: 1 | Mem: 185M | Updating Geometry BVH Cube 2/62 | Building BVH
00:17.303  render           | Fra: 1 | Mem: 185M | Updating Geometry BVH Cube 2/62 | Building OptiX acceleration structure
00:17.303  render           | Fra: 1 | Mem: 185M | Updating Geometry BVH TopMoss 4/62 | Building BVH
00:17.303  render           | Fra: 1 | Mem: 185M | Updating Geometry BVH TopMoss 4/62 | Building OptiX acceleration structure
00:17.303  render           | Fra: 1 | Mem: 185M | Updating Geometry BVH Plane.004 5/62 | Building BVH
00:17.303  render           | Fra: 1 | Mem: 185M | Updating Geometry BVH Plane.005 8/62 | Building BVH
00:17.303  render           | Fra: 1 | Mem: 185M | Updating Geometry BVH Plane.011 7/62 | Building OptiX acceleration structure
00:17.303  render           | Fra: 1 | Mem: 185M | Updating Geometry BVH Plane.035 9/62 | Building BVH
00:17.303  render           | Fra: 1 | Mem: 185M | Updating Geometry BVH Plane.006 11/62 | Building OptiX acceleration structure
00:17.303  render           | Fra: 1 | Mem: 185M | Updating Geometry BVH Grid 62/62 | Building BVH
00:17.303  render           | Fra: 1 | Mem: 185M | Updating Geometry BVH Grid 62/62 | Building OptiX acceleration structure
00:17.303  render           | Fra: 1 | Mem: 185M | Updating Geometry BVH Plane.007 13/62 | Building BVH
00:17.303  render           | Fra: 1 | Mem: 185M | Updating Geometry BVH Plane.008 14/62 | Building BVH
00:17.303  render           | Fra: 1 | Mem: 185M | Updating Geometry BVH Plane.048 21/62 | Building BVH
00:17.303  render           | Fra: 1 | Mem: 185M | Updating Geometry BVH Plane.057 23/62 | Building OptiX acceleration structure
00:17.303  render           | Fra: 1 | Mem: 185M | Updating Geometry BVH Plane.047 25/62 | Building BVH
00:17.303  render           | Fra: 1 | Mem: 185M | Updating Geometry BVH Plane.054 26/62 | Building BVH
00:17.303  render           | Fra: 1 | Mem: 185M | Updating Geometry BVH Plane.056 27/62 | Building OptiX acceleration structure
00:17.303  render           | Fra: 1 | Mem: 185M | Updating Geometry BVH TopGrassTall 28/62 | Building BVH
00:17.303  render           | Fra: 1 | Mem: 185M | Updating Geometry BVH TopGrassTall 28/62 | Building OptiX acceleration structure
00:17.303  render           | Fra: 1 | Mem: 185M | Updating Geometry BVH Plane.043 29/62 | Building BVH
00:17.303  render           | Fra: 1 | Mem: 185M | Updating Geometry BVH Plane.042 30/62 | Building OptiX acceleration structure
00:17.303  render           | Fra: 1 | Mem: 185M | Updating Geometry BVH Plane.045 31/62 | Building BVH
00:17.303  render           | Fra: 1 | Mem: 185M | Updating Geometry BVH Plane.045 31/62 | Building OptiX acceleration structure
00:17.304  render           | Fra: 1 | Mem: 185M | Updating Geometry BVH LipMoss 32/62 | Building BVH
00:17.304  render           | Fra: 1 | Mem: 185M | Updating Geometry BVH LipMoss 32/62 | Building OptiX acceleration structure
00:17.304  render           | Fra: 1 | Mem: 185M | Updating Geometry BVH Flowers 33/62 | Building BVH
00:17.304  render           | Fra: 1 | Mem: 185M | Updating Geometry BVH Flowers 33/62 | Building OptiX acceleration structure
00:17.304  render           | Fra: 1 | Mem: 185M | Updating Geometry BVH Plane.5143 34/62 | Building BVH
00:17.304  render           | Fra: 1 | Mem: 185M | Updating Geometry BVH Plane.5143 34/62 | Building OptiX acceleration structure
00:17.304  render           | Fra: 1 | Mem: 185M | Updating Geometry BVH Island 3/62 | Building BVH
00:17.304  render           | Fra: 1 | Mem: 185M | Updating Geometry BVH Island 3/62 | Building OptiX acceleration structure
00:17.305  render           | Fra: 1 | Mem: 187M | Updating Geometry BVH Plane.2197 35/62 | Building BVH
00:17.305  render           | Fra: 1 | Mem: 187M | Updating Geometry BVH Plane.2197 35/62 | Building OptiX acceleration structure
00:17.305  render           | Fra: 1 | Mem: 189M | Updating Geometry BVH mesh1-geometry.003 36/62 | Building BVH
00:17.305  render           | Fra: 1 | Mem: 189M | Updating Geometry BVH mesh1-geometry.003 36/62 | Building OptiX acceleration structure
00:17.306  render           | Fra: 1 | Mem: 189M | Updating Geometry BVH modelShape.003 37/62 | Building BVH
00:17.306  render           | Fra: 1 | Mem: 189M | Updating Geometry BVH modelShape.003 37/62 | Building OptiX acceleration structure
00:17.306  render           | Fra: 1 | Mem: 189M | Updating Geometry BVH medium.001 38/62 | Building BVH
00:17.306  render           | Fra: 1 | Mem: 189M | Updating Geometry BVH medium.001 38/62 | Building OptiX acceleration structure
00:17.306  render           | Fra: 1 | Mem: 189M | Updating Geometry BVH mesh1-geometry.001 39/62 | Building BVH
00:17.306  render           | Fra: 1 | Mem: 189M | Updating Geometry BVH mesh1-geometry.001 39/62 | Building OptiX acceleration structure
00:17.307  render           | Fra: 1 | Mem: 189M | Updating Geometry BVH modelShape.001 40/62 | Building BVH
00:17.307  render           | Fra: 1 | Mem: 189M | Updating Geometry BVH modelShape.001 40/62 | Building OptiX acceleration structure
00:17.307  render           | Fra: 1 | Mem: 190M | Updating Geometry BVH medium.002 41/62 | Building BVH
00:17.307  render           | Fra: 1 | Mem: 190M | Updating Geometry BVH medium.002 41/62 | Building OptiX acceleration structure
00:17.307  render           | Fra: 1 | Mem: 190M | Updating Geometry BVH mesh1-geometry.002 42/62 | Building BVH
00:17.307  render           | Fra: 1 | Mem: 190M | Updating Geometry BVH mesh1-geometry.002 42/62 | Building OptiX acceleration structure
00:17.308  render           | Fra: 1 | Mem: 190M | Updating Geometry BVH modelShape.002 43/62 | Building BVH
00:17.308  render           | Fra: 1 | Mem: 190M | Updating Geometry BVH modelShape.002 43/62 | Building OptiX acceleration structure
00:17.308  render           | Fra: 1 | Mem: 190M | Updating Geometry BVH medium.003 44/62 | Building BVH
00:17.308  render           | Fra: 1 | Mem: 190M | Updating Geometry BVH medium.003 44/62 | Building OptiX acceleration structure
00:17.308  render           | Fra: 1 | Mem: 190M | Updating Geometry BVH mesh1-geometry.004 45/62 | Building BVH
00:17.308  render           | Fra: 1 | Mem: 190M | Updating Geometry BVH mesh1-geometry.004 45/62 | Building OptiX acceleration structure
00:17.309  render           | Fra: 1 | Mem: 191M | Updating Geometry BVH modelShape.004 46/62 | Building BVH
00:17.309  render           | Fra: 1 | Mem: 191M | Updating Geometry BVH modelShape.004 46/62 | Building OptiX acceleration structure
00:17.309  render           | Fra: 1 | Mem: 191M | Updating Geometry BVH medium.004 47/62 | Building BVH
00:17.309  render           | Fra: 1 | Mem: 191M | Updating Geometry BVH medium.004 47/62 | Building OptiX acceleration structure
00:17.309  render           | Fra: 1 | Mem: 191M | Updating Geometry BVH mesh1-geometry.005 48/62 | Building BVH
00:17.309  render           | Fra: 1 | Mem: 191M | Updating Geometry BVH mesh1-geometry.005 48/62 | Building OptiX acceleration structure
00:17.310  render           | Fra: 1 | Mem: 191M | Updating Geometry BVH modelShape.005 49/62 | Building BVH
00:17.310  render           | Fra: 1 | Mem: 191M | Updating Geometry BVH modelShape.005 49/62 | Building OptiX acceleration structure
00:17.310  render           | Fra: 1 | Mem: 191M | Updating Geometry BVH medium.005 50/62 | Building BVH
00:17.310  render           | Fra: 1 | Mem: 191M | Updating Geometry BVH medium.005 50/62 | Building OptiX acceleration structure
00:17.310  render           | Fra: 1 | Mem: 192M | Updating Geometry BVH mesh1-geometry.006 51/62 | Building BVH
00:17.310  render           | Fra: 1 | Mem: 192M | Updating Geometry BVH mesh1-geometry.006 51/62 | Building OptiX acceleration structure
00:17.310  render           | Fra: 1 | Mem: 192M | Updating Geometry BVH modelShape.006 52/62 | Building BVH
00:17.310  render           | Fra: 1 | Mem: 192M | Updating Geometry BVH modelShape.006 52/62 | Building OptiX acceleration structure
00:17.311  render           | Fra: 1 | Mem: 192M | Updating Geometry BVH medium.006 53/62 | Building BVH
00:17.311  render           | Fra: 1 | Mem: 192M | Updating Geometry BVH medium.006 53/62 | Building OptiX acceleration structure
00:17.311  render           | Fra: 1 | Mem: 193M | Updating Geometry BVH mesh1-geometry.007 54/62 | Building BVH
00:17.311  render           | Fra: 1 | Mem: 193M | Updating Geometry BVH mesh1-geometry.007 54/62 | Building OptiX acceleration structure
00:17.311  render           | Fra: 1 | Mem: 193M | Updating Geometry BVH modelShape.007 55/62 | Building BVH
00:17.311  render           | Fra: 1 | Mem: 193M | Updating Geometry BVH modelShape.007 55/62 | Building OptiX acceleration structure
00:17.312  render           | Fra: 1 | Mem: 193M | Updating Geometry BVH medium.007 56/62 | Building BVH
00:17.312  render           | Fra: 1 | Mem: 193M | Updating Geometry BVH medium.007 56/62 | Building OptiX acceleration structure
00:17.312  render           | Fra: 1 | Mem: 193M | Updating Geometry BVH mesh1-geometry.008 57/62 | Building BVH
00:17.312  render           | Fra: 1 | Mem: 193M | Updating Geometry BVH mesh1-geometry.008 57/62 | Building OptiX acceleration structure
00:17.312  render           | Fra: 1 | Mem: 193M | Updating Geometry BVH modelShape.008 58/62 | Building BVH
00:17.312  render           | Fra: 1 | Mem: 193M | Updating Geometry BVH modelShape.008 58/62 | Building OptiX acceleration structure
00:17.313  render           | Fra: 1 | Mem: 194M | Updating Geometry BVH Sun 61/62 | Building BVH
00:17.313  render           | Fra: 1 | Mem: 194M | Updating Geometry BVH Sun 61/62 | Building OptiX acceleration structure
00:17.314  render           | Fra: 1 | Mem: 197M | Updating Geometry BVH NurbsPath.007 59/62 | Building BVH
00:17.314  render           | Fra: 1 | Mem: 197M | Updating Geometry BVH NurbsPath.007 59/62 | Building OptiX acceleration structure
00:17.314  render           | Fra: 1 | Mem: 197M | Updating Geometry BVH NurbsPath.005 60/62 | Building BVH
00:17.314  render           | Fra: 1 | Mem: 197M | Updating Geometry BVH NurbsPath.005 60/62 | Building OptiX acceleration structure
00:17.354  render           | Fra: 1 | Mem: 282M | Updating Scene BVH | Building
00:17.354  render           | Fra: 1 | Mem: 282M | Updating Scene BVH | Building OptiX acceleration structure
00:17.365  render           | Fra: 1 | Mem: 304M | Updating Scene BVH | Copying BVH to device
00:17.365  render           | Fra: 1 | Mem: 304M | Updating Mesh | Computing attributes
00:17.486  render           | Fra: 1 | Mem: 304M | Updating Mesh | Copying Attributes to device
00:17.520  render           | Fra: 1 | Mem: 628M | Updating Mesh | Computing normals
00:17.537  render           | Fra: 1 | Mem: 628M | Updating Mesh | Copying Mesh to device
00:17.541  render           | Fra: 1 | Mem: 690M | Updating Objects Flags
00:17.545  render           | Fra: 1 | Mem: 690M | Updating Primitive Offsets
00:17.548  render           | Fra: 1 | Mem: 691M | Updating Images
00:17.548  render           | Fra: 1 | Mem: 691M | Updating Images | Loading moss_01_rough_2k.exr
00:17.548  render           | Fra: 1 | Mem: 691M | Updating Images | Loading fir_sapling_medium_branches_disp_2k.png
00:17.548  render           | Fra: 1 | Mem: 691M | Updating Images | Loading kloofendal_overcast_puresky_4k.hdr
00:17.548  render           | Fra: 1 | Mem: 691M | Updating Images | Loading grass_medium_01_nor_gl_2k.exr
00:17.548  render           | Fra: 1 | Mem: 691M | Updating Images | Loading flower_heliophila_nor_gl_2k.exr
00:17.548  render           | Fra: 1 | Mem: 691M | Updating Images | Loading rock_moss_set_01_nor_gl_2k.exr
00:17.548  render           | Fra: 1 | Mem: 691M | Updating Images | Loading fir_sapling_medium_twigs_nor_gl_2k.png
00:17.548  render           | Fra: 1 | Mem: 691M | Updating Images | Loading flower_heliophila_alpha_2k.png
00:17.548  render           | Fra: 1 | Mem: 691M | Updating Images | Loading fir_sapling_medium_branches_diff_2k.png
00:17.548  render           | Fra: 1 | Mem: 691M | Updating Images | Loading flower_heliophila_diff_2k.jpg
00:17.548  render           | Fra: 1 | Mem: 691M | Updating Images | Loading rock_moss_set_01_diff_2k.jpg
00:17.548  render           | Fra: 1 | Mem: 691M | Updating Images | Loading fir_sapling_medium_twigs_alpha_2k.png
00:17.548  render           | Fra: 1 | Mem: 691M | Updating Images | Loading grass_medium_01_alpha_2k.png
00:17.548  render           | Fra: 1 | Mem: 691M | Updating Images | Loading grass_medium_01_rough_2k.exr
00:17.548  render           | Fra: 1 | Mem: 691M | Updating Images | Loading moss_01_diff_2k.jpg
00:17.548  render           | Fra: 1 | Mem: 691M | Updating Images | Loading fir_sapling_medium_twigs_rough_2k.png
00:17.901  render           | Fra: 1 | Mem: 1299M | Updating Volume
00:17.901  render           | Fra: 1 | Mem: 1299M | Updating Volume | Creating SDF grid for ValleyMist
00:17.965  render           | Fra: 1 | Mem: 1299M | Updating Volume | Evaluating density for ValleyMist
00:18.034  render           | Fra: 1 | Mem: 1299M | Updating Volume | Building octree for ValleyMist
00:18.042  render           | Fra: 1 | Mem: 1299M | Updating Camera Volume
00:18.043  render           | Fra: 1 | Mem: 1299M | Updating Lookup Tables
00:18.043  render           | Fra: 1 | Mem: 1299M | Updating Lights
00:18.050  render           | Fra: 1 | Mem: 1299M | Updating Lights | Importance map
00:18.378  render           | Fra: 1 | Mem: 1363M | Updating Lights | Computing tree
00:18.383  render           | Fra: 1 | Mem: 1365M | Updating Integrator
00:18.383  render           | Fra: 1 | Mem: 1365M | Updating Film
00:18.383  render           | Fra: 1 | Mem: 1364M | Updating Lookup Tables
00:18.383  render           | Fra: 1 | Mem: 1365M | Updating Baking
00:18.385  render           | Fra: 1 | Mem: 1365M | Updating Device | Writing constant memory
00:18.385  render           | Fra: 1 | Mem: 1365M | Loading denoising kernels (may take a few minutes the first time)
00:18.392  render           | Fra: 1 | Mem: 1968M | Sample 0/128
00:18.404  render           | Fra: 1 | Remaining: 00:01.54 | Mem: 1999M | Sample 1/128
00:18.414  render           | Fra: 1 | Remaining: 00:01.40 | Mem: 1999M | Sample 2/128
00:18.427  render           | Fra: 1 | Remaining: 00:01.10 | Mem: 1999M | Sample 4/128
00:18.446  render           | Fra: 1 | Remaining: 00:00.80 | Mem: 1999M | Sample 8/128
00:18.473  render           | Fra: 1 | Remaining: 00:00.56 | Mem: 1999M | Sample 16/128
00:18.522  render           | Fra: 1 | Remaining: 00:00.38 | Mem: 1999M | Sample 32/128
00:18.611  render           | Fra: 1 | Remaining: 00:00.21 | Mem: 1999M | Sample 64/128
00:18.661  render           | Fra: 1 | Remaining: 00:00.16 | Mem: 1999M | Sample 80/128
00:18.705  render           | Fra: 1 | Remaining: 00:00.10 | Mem: 1999M | Sample 96/128
00:18.748  render           | Fra: 1 | Remaining: 00:00.05 | Mem: 1999M | Sample 112/128
00:20.410  render           | Fra: 1 | Mem: 1999M | Sample 128/128
00:20.410  render           | Fra: 1 | Mem: 1999M | Finished
Render statistics:
Mesh statistics:
  Geometry:
    Total memory: 66.48M (69,712,877)
        Island                           41.01M (42,997,861)
        NurbsPath.007                    11.11M (11,645,883)
        NurbsPath.005                    6.82M (7,154,075)
        Grid                             2.12M (2,228,309)
        Plane.5143                       539.82K (552,772)
        Plane.2197                       292.15K (299,166)
        modelShape.008                   274.81K (281,401)
        modelShape.003                   274.81K (281,401)
        modelShape.001                   274.81K (281,401)
        modelShape.002                   274.81K (281,401)
        modelShape.004                   274.81K (281,401)
        modelShape.005                   274.81K (281,401)
        modelShape.007                   274.81K (281,401)
        modelShape.006                   274.81K (281,401)
        medium.004                       175.88K (180,098)
        medium.007                       175.88K (180,098)
        medium.006                       175.88K (180,098)
        medium.001                       175.88K (180,098)
        medium.002                       175.88K (180,098)
        medium.003                       175.88K (180,098)
        medium.005                       175.88K (180,098)
        mesh1-geometry.002               149.40K (152,983)
        mesh1-geometry.006               149.40K (152,983)
        mesh1-geometry.001               149.40K (152,983)
        mesh1-geometry.003               149.40K (152,983)
        mesh1-geometry.007               149.40K (152,983)
        mesh1-geometry.004               149.40K (152,983)
        mesh1-geometry.005               149.40K (152,983)
        mesh1-geometry.008               149.40K (152,983)
        Plane.048                        24.42K (25,007)
        Plane.039                        20.95K (21,454)
        Plane.037                        13.91K (14,246)
        Plane.047                        10.92K (11,186)
        Plane.045                        5.73K (5,865)
        Plane.042                        5.23K (5,355)
        Plane.043                        4.90K (5,015)
        Plane.055                        1.39K (1,428)
        Plane.058                        1.11K (1,139)
        Plane.059                        1.08K (1,105)
        Plane.054                        765B (765)
        Plane.057                        629B (629)
        Plane.056                        561B (561)
        Plane.040                        493B (493)
        Plane.035                        493B (493)
        Plane.009                        493B (493)
        Plane.003                        493B (493)
        Plane.006                        425B (425)
        Plane.005                        425B (425)
        Plane.008                        357B (357)
        Plane.007                        357B (357)
        Plane.004                        357B (357)
        Cube                             289B (289)
        Plane.032                        221B (221)
        Plane.011                        187B (187)
        Plane.010                        187B (187)
        Flowers                          85B (85)
        LipMoss                          85B (85)
        TopGrassTall                     85B (85)
        TopGrass                         85B (85)
        TopMoss                          85B (85)
        backgroundlight                  50B (50)
        Sun                              46B (46)
Image statistics:
  Full Images:
    kloofendal_overcast_puresky_4k.hdr 128.00M (134,217,728)
    fir_sapling_medium_branches_diff_2k.png 32.00M (33,554,432)
    fir_sapling_medium_twigs_mask_2k.png 32.00M (33,554,432)
    fir_sapling_medium_twigs_alpha_2k.png 32.00M (33,554,432)
    fir_sapling_medium_twigs_diff_2k.png 32.00M (33,554,432)
    fir_sapling_medium_branches_nor_gl_2k.png 32.00M (33,554,432)
    fir_sapling_medium_twigs_nor_gl_2k.png 32.00M (33,554,432)
    rock_moss_set_01_nor_gl_2k.exr   32.00M (33,554,432)
    grass_medium_01_nor_gl_00:20.413  render           | Start rendering: Scene, haze
00:20.413  render           | Engine: Cycles
00:24.284  render           | Fra: 1 | Mem: 1M | Synchronizing object | grass_medium_01_tiny_f_LOD0
2k.exr    32.00M (33,554,432)
    flower_heliophila_nor_gl_2k.exr  32.00M (33,554,432)
    moss_01_nor_gl_2k.exr            32.00M (33,554,432)
    lichen_rock_Rough_2k.jpg         16.00M (16,777,216)
    lichen_rock_Diffuse_2k.jpg       16.00M (16,777,216)
    aerial_rocks_02_Diffuse_2k.jpg   16.00M (16,777,216)
    moss_01_diff_2k.jpg              16.00M (16,777,216)
    forest_ground_04_nor_gl_2k.jpg   16.00M (16,777,216)
    cliff_side_Diffuse_2k.jpg        16.00M (16,777,216)
    rock_moss_set_01_diff_2k.jpg     16.00M (16,777,216)
    flower_heliophila_diff_2k.jpg    16.00M (16,777,216)
    rock_moss_set_01_rough_2k.jpg    16.00M (16,777,216)
    lichen_rock_nor_gl_2k.jpg        16.00M (16,777,216)
    grass_medium_01_diff_2k.jpg      16.00M (16,777,216)
    cliff_side_nor_gl_2k.jpg         16.00M (16,777,216)
    lichen_rock_Displacement_2k.jpg  16.00M (16,777,216)
    forest_ground_04_Diffuse_2k.jpg  16.00M (16,777,216)
    moss_01_rough_2k.exr             8.00M (8,388,608)
    fir_sapling_medium_twigs_rough_2k.png 8.00M (8,388,608)
    moss_01_alpha_2k.png             8.00M (8,388,608)
    fir_sapling_medium_branches_rough_2k.png 8.00M (8,388,608)
    flower_heliophila_alpha_2k.png   8.00M (8,388,608)
    grass_medium_01_rough_2k.exr     8.00M (8,388,608)
    flower_heliophila_rough_2k.exr   8.00M (8,388,608)
    grass_medium_01_alpha_2k.png     8.00M (8,388,608)
    flower_heliophila_translucency_2k.png 8.00M (8,388,608)
    fir_sapling_medium_branches_disp_2k.png 8.00M (8,388,608)
    cliff_side_Displacement_2k.jpg   4.00M (4,194,304)
  Full image memory: 756.00M (792,723,456)
  Overhead image memory: 3.94K (4,032)
  Total image memory: 756.00M (792,727,488)
Profiling information not available (only works with CPU rendering)
00:24.284  render           | Fra: 1 | Mem: 1M | Synchronizing object | grass_medium_01_tiny_b_LOD0
00:24.284  render           | Fra: 1 | Mem: 1M | Synchronizing object | grass_medium_01_small_b_LOD0
00:24.284  render           | Fra: 1 | Mem: 1M | Synchronizing object | grass_medium_01_small_a_LOD0
00:24.284  render           | Fra: 1 | Mem: 1M | Synchronizing object | moss_01_j_LOD0
00:24.285  render           | Fra: 1 | Mem: 1M | Synchronizing object | moss_01_d_LOD0
00:24.285  render           | Fra: 1 | Mem: 1M | Synchronizing object | flower_heliophila_medium_LOD0
00:30.047  render           | Fra: 1 | Mem: 1M | Synchronizing object | Island
00:30.056  render           | Fra: 1 | Mem: 1M | Synchronizing object | TopMoss
00:30.306  render           | Fra: 1 | Mem: 1M | Synchronizing object | TopGrass
00:30.312  render           | Fra: 1 | Mem: 1M | Synchronizing object | TopGrassTall
00:30.329  render           | Fra: 1 | Mem: 1M | Synchronizing object | LipMoss
00:30.744  render           | Fra: 1 | Mem: 1M | Synchronizing object | Flowers
00:30.745  render           | Fra: 1 | Mem: 1M | Synchronizing object | Terrain
00:30.745  render           | Fra: 1 | Mem: 1M | Synchronizing object | rock_moss_set_01_rock06.001
00:30.746  render           | Fra: 1 | Mem: 1M | Synchronizing object | rock_moss_set_01_rock06.003
00:30.746  render           | Fra: 1 | Mem: 1M | Synchronizing object | rock_moss_set_01_rock05.003
00:30.746  render           | Fra: 1 | Mem: 1M | Synchronizing object | rock_moss_set_01_rock04.002
00:30.746  render           | Fra: 1 | Mem: 1M | Synchronizing object | rock_moss_set_01_rock05.004
00:30.747  render           | Fra: 1 | Mem: 1M | Synchronizing object | rock_moss_set_01_rock04.003
00:30.747  render           | Fra: 1 | Mem: 1M | Synchronizing object | rock_moss_set_01_rock06.005
00:30.747  render           | Fra: 1 | Mem: 1M | Synchronizing object | rock_moss_set_01_rock05.005
00:30.747  render           | Fra: 1 | Mem: 1M | Synchronizing object | rock_moss_set_01_rock04.004
00:30.747  render           | Fra: 1 | Mem: 1M | Synchronizing object | rock_moss_set_01_rock06.006
00:30.747  render           | Fra: 1 | Mem: 1M | Synchronizing object | rock_moss_set_01_rock05.006
00:30.748  render           | Fra: 1 | Mem: 1M | Synchronizing object | rock_moss_set_01_rock04.005
00:30.748  render           | Fra: 1 | Mem: 1M | Synchronizing object | rock_moss_set_01_rock06.007
00:30.748  render           | Fra: 1 | Mem: 1M | Synchronizing object | rock_moss_set_01_rock05.007
00:30.748  render           | Fra: 1 | Mem: 1M | Synchronizing object | rock_moss_set_01_rock04.006
00:30.748  render           | Fra: 1 | Mem: 1M | Synchronizing object | rock_moss_set_01_rock06.008
00:30.748  render           | Fra: 1 | Mem: 1M | Synchronizing object | rock_moss_set_01_rock05.008
00:30.748  render           | Fra: 1 | Mem: 1M | Synchronizing object | rock_moss_set_01_rock04.007
00:30.748  render           | Fra: 1 | Mem: 1M | Synchronizing object | rock_moss_set_01_rock06.009
00:30.748  render           | Fra: 1 | Mem: 1M | Synchronizing object | rock_moss_set_01_rock05.009
00:30.748  render           | Fra: 1 | Mem: 1M | Synchronizing object | fir_sapling_medium_b_LOD0.001
00:30.749  render           | Fra: 1 | Mem: 1M | Synchronizing object | Sun
00:30.815  render           | Fra: 1 | Mem: 1M | Initializing
00:31.114  render           | Fra: 1 | Mem: 1M | Waiting for render to start
00:31.114  render           | Fra: 1 | Mem: 1M | Updating Scene
00:31.114  render           | Fra: 1 | Mem: 1M | Updating Shaders
00:31.131  render           | Fra: 1 | Mem: 1M | Loading render kernels (may take a few minutes the first time)
00:31.253  render           | Fra: 1 | Mem: 1M | Updating Procedurals
Update statistics:
Scene:
    Total time: 0.130388s
        device_update                            0.130388s
Geometry:
    Total time: 0.000000s
Light:
    Total time: 0.000000s
Object:
    Total time: 0.000000s
Image:
    Total time: 0.000000s
Background:
    Total time: 0.000000s
Bake:
    Total time: 0.000000s
Camera:
    Total time: 0.000000s
Film:
    Total time: 0.000000s
Integrator:
    Total time: 0.000000s
OSL:
    Total time: 0.000000s
Particles:
    Total time: 0.000000s
SVM:
    Total time: 0.000000s
Tables:
    Total time: 0.000000s
Procedurals:
    Total time: 0.000000s

00:31.253  render           | Fra: 1 | Mem: 1M | Updating Background
00:31.253  render           | Fra: 1 | Mem: 1M | Updating Scene Attribute
00:31.253  render           | Fra: 1 | Mem: 1M | Updating Camera
00:31.253  render           | Fra: 1 | Mem: 1M | Updating Meshes Flags
00:31.253  render           | Fra: 1 | Mem: 1M | Updating Objects
00:31.257  render           | Fra: 1 | Mem: 1M | Updating Objects | Copying Transformations to device
00:31.283  render           | Fra: 1 | Mem: 37M | Updating Particle Systems
00:31.283  render           | Fra: 1 | Mem: 37M | Updating Particle Systems | Copying Particles to device
00:31.284  render           | Fra: 1 | Mem: 37M | Updating Meshes
00:31.678  render           | Fra: 1 | Mem: 37M | Updating Displacement Images
00:31.678  render           | Fra: 1 | Mem: 37M | Updating Images | Loading cliff_side_Diffuse_2k.jpg
00:31.682  render           | Fra: 1 | Mem: 37M | Updating Images | Loading cliff_side_nor_gl_2k.jpg
00:31.682  render           | Fra: 1 | Mem: 37M | Updating Images | Loading lichen_rock_Diffuse_2k.jpg
00:31.682  render           | Fra: 1 | Mem: 37M | Updating Images | Loading lichen_rock_nor_gl_2k.jpg
00:31.975  render           | Fra: 1 | Mem: 185M | Updating Mesh | Computing normals
00:32.013  render           | Fra: 1 | Mem: 185M | Updating Mesh | Copying Mesh to device
00:32.033  render           | Fra: 1 | Mem: 248M | Updating Objects | Applying Static Transformations
00:32.064  render           | Fra: 1 | Mem: 248M | Updating Mesh | Computing attributes
00:32.201  render           | Fra: 1 | Mem: 248M | Updating Mesh | Copying Attributes to device
00:32.239  render           | Fra: 1 | Mem: 423M | Updating Mesh | Computing Displacement Island
00:33.281  render           | Fra: 1 | Mem: 423M | Updating Mesh | Computing Displacement mesh1-geometry.001
00:33.292  render           | Fra: 1 | Mem: 423M | Updating Mesh | Computing Displacement modelShape.001
00:33.305  render           | Fra: 1 | Mem: 423M | Updating Mesh | Computing Displacement medium.002
00:33.320  render           | Fra: 1 | Mem: 423M | Updating Mesh | Computing Displacement mesh1-geometry.002
00:33.331  render           | Fra: 1 | Mem: 423M | Updating Mesh | Computing Displacement modelShape.002
00:33.338  render           | Fra: 1 | Mem: 423M | Updating Mesh | Computing Displacement medium.003
00:33.350  render           | Fra: 1 | Mem: 423M | Updating Mesh | Computing Displacement mesh1-geometry.004
00:33.361  render           | Fra: 1 | Mem: 423M | Updating Mesh | Computing Displacement modelShape.004
00:33.380  render           | Fra: 1 | Mem: 423M | Updating Mesh | Computing Displacement medium.004
00:33.394  render           | Fra: 1 | Mem: 423M | Updating Mesh | Computing Displacement mesh1-geometry.005
00:33.405  render           | Fra: 1 | Mem: 423M | Updating Mesh | Computing Displacement modelShape.005
00:33.424  render           | Fra: 1 | Mem: 423M | Updating Mesh | Computing Displacement medium.005
00:33.438  render           | Fra: 1 | Mem: 423M | Updating Mesh | Computing Displacement mesh1-geometry.006
00:33.449  render           | Fra: 1 | Mem: 423M | Updating Mesh | Computing Displacement modelShape.006
00:33.467  render           | Fra: 1 | Mem: 423M | Updating Mesh | Computing Displacement medium.006
00:33.481  render           | Fra: 1 | Mem: 423M | Updating Mesh | Computing Displacement mesh1-geometry.007
00:33.493  render           | Fra: 1 | Mem: 423M | Updating Mesh | Computing Displacement modelShape.007
00:33.511  render           | Fra: 1 | Mem: 423M | Updating Mesh | Computing Displacement medium.007
00:33.534  render           | Fra: 1 | Mem: 423M | Updating Mesh | Computing Displacement mesh1-geometry.008
00:33.544  render           | Fra: 1 | Mem: 423M | Updating Mesh | Computing Displacement modelShape.008
00:33.567  render           | Fra: 1 | Mem: 185M | Updating Geometry BVH backgroundlight 62/61 | Building BVH
00:33.567  render           | Fra: 1 | Mem: 185M | Updating Geometry BVH Plane.055 7/61 | Building BVH
00:33.567  render           | Fra: 1 | Mem: 185M | Updating Geometry BVH Plane.040 15/61 | Building BVH
00:33.567  render           | Fra: 1 | Mem: 185M | Updating Geometry BVH Plane.006 21/61 | Building BVH
00:33.567  render           | Fra: 1 | Mem: 185M | Updating Geometry BVH Plane.006 21/61 | Building OptiX acceleration structure
00:33.567  render           | Fra: 1 | Mem: 185M | Updating Geometry BVH Plane.004 23/61 | Building BVH
00:33.567  render           | Fra: 1 | Mem: 185M | Updating Geometry BVH Plane.004 23/61 | Building OptiX acceleration structure
00:33.567  render           | Fra: 1 | Mem: 185M | Updating Geometry BVH Plane.003 24/61 | Building BVH
00:33.568  render           | Fra: 1 | Mem: 185M | Updating Geometry BVH Plane.2197 27/61 | Building OptiX acceleration structure
00:33.568  render           | Fra: 1 | Mem: 185M | Updating Geometry BVH Grid 61/61 | Building BVH
00:33.568  render           | Fra: 1 | Mem: 185M | Updating Geometry BVH Grid 61/61 | Building OptiX acceleration structure
00:33.569  render           | Fra: 1 | Mem: 185M | Updating Geometry BVH Plane.5143 28/61 | Building BVH
00:33.569  render           | Fra: 1 | Mem: 185M | Updating Geometry BVH Plane.5143 28/61 | Building OptiX acceleration structure
00:33.573  render           | Fra: 1 | Mem: 186M | Updating Geometry BVH TopMoss 30/61 | Building BVH
00:33.573  render           | Fra: 1 | Mem: 186M | Updating Geometry BVH TopMoss 30/61 | Building OptiX acceleration structure
00:33.573  render           | Fra: 1 | Mem: 186M | Updating Geometry BVH TopGrass 31/61 | Building BVH
00:33.573  render           | Fra: 1 | Mem: 186M | Updating Geometry BVH TopGrass 31/61 | Building OptiX acceleration structure
00:33.573  render           | Fra: 1 | Mem: 186M | Updating Geometry BVH TopGrassTall 32/61 | Building BVH
00:33.573  render           | Fra: 1 | Mem: 186M | Updating Geometry BVH TopGrassTall 32/61 | Building OptiX acceleration structure
00:33.573  render           | Fra: 1 | Mem: 186M | Updating Geometry BVH LipMoss 33/61 | Building BVH
00:33.573  render           | Fra: 1 | Mem: 186M | Updating Geometry BVH LipMoss 33/61 | Building OptiX acceleration structure
00:33.573  render           | Fra: 1 | Mem: 186M | Updating Geometry BVH Flowers 34/61 | Building BVH
00:33.573  render           | Fra: 1 | Mem: 186M | Updating Geometry BVH Flowers 34/61 | Building OptiX acceleration structure
00:33.573  render           | Fra: 1 | Mem: 186M | Updating Geometry BVH mesh1-geometry.003 35/61 | Building BVH
00:33.573  render           | Fra: 1 | Mem: 186M | Updating Geometry BVH mesh1-geometry.003 35/61 | Building OptiX acceleration structure
00:33.574  render           | Fra: 1 | Mem: 186M | Updating Geometry BVH modelShape.003 36/61 | Building BVH
00:33.574  render           | Fra: 1 | Mem: 186M | Updating Geometry BVH modelShape.003 36/61 | Building OptiX acceleration structure
00:33.574  render           | Fra: 1 | Mem: 186M | Updating Geometry BVH medium.001 37/61 | Building BVH
00:33.574  render           | Fra: 1 | Mem: 186M | Updating Geometry BVH medium.001 37/61 | Building OptiX acceleration structure
00:33.574  render           | Fra: 1 | Mem: 186M | Updating Geometry BVH mesh1-geometry.001 38/61 | Building BVH
00:33.574  render           | Fra: 1 | Mem: 186M | Updating Geometry BVH mesh1-geometry.001 38/61 | Building OptiX acceleration structure
00:33.574  render           | Fra: 1 | Mem: 186M | Updating Geometry BVH modelShape.001 39/61 | Building BVH
00:33.574  render           | Fra: 1 | Mem: 186M | Updating Geometry BVH modelShape.001 39/61 | Building OptiX acceleration structure
00:33.575  render           | Fra: 1 | Mem: 186M | Updating Geometry BVH Island 29/61 | Building BVH
00:33.575  render           | Fra: 1 | Mem: 186M | Updating Geometry BVH Island 29/61 | Building OptiX acceleration structure
00:33.579  render           | Fra: 1 | Mem: 190M | Updating Geometry BVH medium.002 40/61 | Building BVH
00:33.579  render           | Fra: 1 | Mem: 190M | Updating Geometry BVH medium.002 40/61 | Building OptiX acceleration structure
00:33.579  render           | Fra: 1 | Mem: 190M | Updating Geometry BVH mesh1-geometry.002 41/61 | Building BVH
00:33.579  render           | Fra: 1 | Mem: 190M | Updating Geometry BVH mesh1-geometry.002 41/61 | Building OptiX acceleration structure
00:33.581  render           | Fra: 1 | Mem: 190M | Updating Geometry BVH modelShape.002 42/61 | Building BVH
00:33.581  render           | Fra: 1 | Mem: 190M | Updating Geometry BVH modelShape.002 42/61 | Building OptiX acceleration structure
00:33.581  render           | Fra: 1 | Mem: 190M | Updating Geometry BVH medium.003 43/61 | Building BVH
00:33.581  render           | Fra: 1 | Mem: 190M | Updating Geometry BVH medium.003 43/61 | Building OptiX acceleration structure
00:33.582  render           | Fra: 1 | Mem: 191M | Updating Geometry BVH mesh1-geometry.004 44/61 | Building BVH
00:33.582  render           | Fra: 1 | Mem: 191M | Updating Geometry BVH mesh1-geometry.004 44/61 | Building OptiX acceleration structure
00:33.583  render           | Fra: 1 | Mem: 191M | Updating Geometry BVH modelShape.004 45/61 | Building BVH
00:33.583  render           | Fra: 1 | Mem: 191M | Updating Geometry BVH modelShape.004 45/61 | Building OptiX acceleration structure
00:33.583  render           | Fra: 1 | Mem: 191M | Updating Geometry BVH medium.004 46/61 | Building BVH
00:33.583  render           | Fra: 1 | Mem: 191M | Updating Geometry BVH medium.004 46/61 | Building OptiX acceleration structure
00:33.584  render           | Fra: 1 | Mem: 191M | Updating Geometry BVH mesh1-geometry.005 47/61 | Building BVH
00:33.584  render           | Fra: 1 | Mem: 191M | Updating Geometry BVH mesh1-geometry.005 47/61 | Building OptiX acceleration structure
00:33.588  render           | Fra: 1 | Mem: 192M | Updating Geometry BVH modelShape.005 48/61 | Building BVH
00:33.588  render           | Fra: 1 | Mem: 192M | Updating Geometry BVH modelShape.005 48/61 | Building OptiX acceleration structure
00:33.588  render           | Fra: 1 | Mem: 192M | Updating Geometry BVH medium.005 49/61 | Building BVH
00:33.588  render           | Fra: 1 | Mem: 192M | Updating Geometry BVH medium.005 49/61 | Building OptiX acceleration structure
00:33.589  render           | Fra: 1 | Mem: 192M | Updating Geometry BVH mesh1-geometry.006 50/61 | Building BVH
00:33.589  render           | Fra: 1 | Mem: 192M | Updating Geometry BVH mesh1-geometry.006 50/61 | Building OptiX acceleration structure
00:33.589  render           | Fra: 1 | Mem: 192M | Updating Geometry BVH modelShape.006 51/61 | Building BVH
00:33.589  render           | Fra: 1 | Mem: 192M | Updating Geometry BVH modelShape.006 51/61 | Building OptiX acceleration structure
00:33.590  render           | Fra: 1 | Mem: 192M | Updating Geometry BVH medium.006 52/61 | Building BVH
00:33.590  render           | Fra: 1 | Mem: 192M | Updating Geometry BVH medium.006 52/61 | Building OptiX acceleration structure
00:33.590  render           | Fra: 1 | Mem: 193M | Updating Geometry BVH mesh1-geometry.007 53/61 | Building BVH
00:33.590  render           | Fra: 1 | Mem: 193M | Updating Geometry BVH mesh1-geometry.007 53/61 | Building OptiX acceleration structure
00:33.591  render           | Fra: 1 | Mem: 193M | Updating Geometry BVH modelShape.007 54/61 | Building BVH
00:33.591  render           | Fra: 1 | Mem: 193M | Updating Geometry BVH modelShape.007 54/61 | Building OptiX acceleration structure
00:33.592  render           | Fra: 1 | Mem: 193M | Updating Geometry BVH medium.007 55/61 | Building BVH
00:33.592  render           | Fra: 1 | Mem: 193M | Updating Geometry BVH medium.007 55/61 | Building OptiX acceleration structure
00:33.592  render           | Fra: 1 | Mem: 194M | Updating Geometry BVH mesh1-geometry.008 56/61 | Building BVH
00:33.594  render           | Fra: 1 | Mem: 195M | Updating Geometry BVH NurbsPath.007 58/61 | Building OptiX acceleration structure
00:33.679  render           | Fra: 1 | Mem: 282M | Updating Scene BVH | Building
00:33.680  render           | Fra: 1 | Mem: 282M | Updating Scene BVH | Building OptiX acceleration structure
00:33.724  render           | Fra: 1 | Mem: 304M | Updating Scene BVH | Copying BVH to device
00:33.724  render           | Fra: 1 | Mem: 304M | Updating Mesh | Computing attributes
00:33.935  render           | Fra: 1 | Mem: 304M | Updating Mesh | Copying Attributes to device
00:34.003  render           | Fra: 1 | Mem: 628M | Updating Mesh | Computing normals
00:34.039  render           | Fra: 1 | Mem: 628M | Updating Mesh | Copying Mesh to device
00:34.049  render           | Fra: 1 | Mem: 690M | Updating Objects Flags
00:34.056  render           | Fra: 1 | Mem: 690M | Updating Primitive Offsets
00:34.059  render           | Fra: 1 | Mem: 691M | Updating Images
00:34.060  render           | Fra: 1 | Mem: 691M | Updating Images | Loading kloofendal_overcast_puresky_4k.hdr
00:34.064  render           | Fra: 1 | Mem: 691M | Updating Images | Loading grass_medium_01_rough_2k.exr
00:34.064  render           | Fra: 1 | Mem: 691M | Updating Images | Loading fir_sapling_medium_branches_disp_2k.png
00:34.064  render           | Fra: 1 | Mem: 691M | Updating Images | Loading grass_medium_01_nor_gl_2k.exr
00:34.065  render           | Fra: 1 | Mem: 691M | Updating Images | Loading moss_01_nor_gl_2k.exr
00:34.066  render           | Fra: 1 | Mem: 691M | Updating Images | Loading flower_heliophila_nor_gl_2k.exr
00:34.066  render           | Fra: 1 | Mem: 691M | Updating Images | Loading rock_moss_set_01_nor_gl_2k.exr
00:34.067  render           | Fra: 1 | Mem: 691M | Updating Images | Loading fir_sapling_medium_twigs_nor_gl_2k.png
00:34.067  render           | Fra: 1 | Mem: 691M | Updating Images | Loading fir_sapling_medium_twigs_alpha_2k.png
00:34.069  render           | Fra: 1 | Mem: 691M | Updating Images | Loading fir_sapling_medium_twigs_mask_2k.png
00:34.069  render           | Fra: 1 | Mem: 691M | Updating Images | Loading fir_sapling_medium_twigs_rough_2k.png
00:34.076  render           | Fra: 1 | Mem: 691M | Updating Images | Loading moss_01_diff_2k.jpg
00:34.097  render           | Fra: 1 | Mem: 691M | Updating Images | Loading flower_heliophila_alpha_2k.png
00:34.107  render           | Fra: 1 | Mem: 691M | Updating Images | Loading moss_01_alpha_2k.png
00:34.127  render           | Fra: 1 | Mem: 691M | Updating Images | Loading rock_moss_set_01_rough_2k.jpg
00:34.136  render           | Fra: 1 | Mem: 691M | Updating Images | Loading flower_heliophila_rough_2k.exr
00:34.148  render           | Fra: 1 | Mem: 691M | Updating Images | Loading grass_medium_01_alpha_2k.png
00:34.161  render           | Fra: 1 | Mem: 691M | Updating Images | Loading moss_01_rough_2k.exr
00:34.165  render           | Fra: 1 | Mem: 691M | Updating Images | Loading flower_heliophila_diff_2k.jpg
00:34.171  render           | Fra: 1 | Mem: 691M | Updating Images | Loading flower_heliophila_translucency_2k.png
00:34.190  render           | Fra: 1 | Mem: 691M | Updating Images | Loading rock_moss_set_01_diff_2k.jpg
00:34.193  render           | Fra: 1 | Mem: 691M | Updating Images | Loading fir_sapling_medium_branches_nor_gl_2k.png
00:34.196  render           | Fra: 1 | Mem: 691M | Updating Images | Loading fir_sapling_medium_branches_rough_2k.png
00:34.203  render           | Fra: 1 | Mem: 691M | Updating Images | Loading grass_medium_01_diff_2k.jpg
00:34.206  render           | Fra: 1 | Mem: 691M | Updating Images | Loading fir_sapling_medium_branches_diff_2k.png
00:34.660  render           | Fra: 1 | Mem: 1299M | Updating Volume
00:34.661  render           | Fra: 1 | Mem: 1299M | Updating Camera Volume
00:34.661  render           | Fra: 1 | Mem: 1299M | Updating Lookup Tables
00:34.661  render           | Fra: 1 | Mem: 1299M | Updating Lights
00:34.665  render           | Fra: 1 | Mem: 1299M | Updating Lights | Importance map
00:34.801  render           | Fra: 1 | Mem: 1363M | Updating Lights | Computing tree
00:34.804  render           | Fra: 1 | Mem: 1364M | Updating Integrator
00:34.805  render           | Fra: 1 | Mem: 1364M | Updating Film
00:34.805  render           | Fra: 1 | Mem: 1364M | Updating Lookup Tables
00:34.805  render           | Fra: 1 | Mem: 1364M | Updating Baking
00:34.806  render           | Fra: 1 | Mem: 1364M | Updating Device | Writing constant memory
00:34.806  render           | Fra: 1 | Mem: 1364M | Loading denoising kernels (may take a few minutes the first time)
00:34.809  render           | Fra: 1 | Mem: 1842M | Sample 0/128
00:34.817  render           | Fra: 1 | Remaining: 00:01.04 | Mem: 1862M | Sample 1/128
00:34.966  render           | Fra: 1 | Remaining: 00:00.09 | Mem: 1862M | Sample 80/128
00:34.995  render           | Fra: 1 | Remaining: 00:00.06 | Mem: 1862M | Sample 96/128
00:35.022  render           | Fra: 1 | Remaining: 00:00.03 | Mem: 1862M | Sample 112/128
00:35.570  render           | Fra: 1 | Mem: 1862M | Sample 128/128
00:35.570  render           | Fra: 1 | Mem: 1862M | Finished
Render statistics:
Mesh statistics:
  Geometry:
    Total memory: 66.48M (69,712,588)
        Island                           41.01M (42,997,861)
        NurbsPath.007                    11.11M (11,645,883)
        NurbsPath.005                    6.82M (7,154,075)
        Grid                             2.12M (2,228,309)
        Plane.5143                       539.82K (552,772)
        Plane.2197                       292.15K (299,166)
        modelShape.002                   274.81K (281,401)
        modelShape.008                   274.81K (281,401)
        modelShape.003                   274.81K (281,401)
        modelShape.001                   274.81K (281,401)
        modelShape.004                   274.81K (281,401)
        modelShape.007                   274.81K (281,401)
        modelShape.006                   274.81K (281,401)
        modelShape.005                   274.81K (281,401)
        medium.007                       175.88K (180,098)
        medium.004                       175.88K (180,098)
        medium.006                       175.88K (180,098)
        medium.005                       175.88K (180,098)
        medium.001                       175.88K (180,098)
        medium.002                       175.88K (180,098)
        medium.003                       175.88K (180,098)
        mesh1-geometry.001               149.40K (152,983)
        mesh1-geometry.005               149.40K (152,983)
        mesh1-geometry.003               149.40K (152,983)
        mesh1-geometry.006               149.40K (152,983)
        mesh1-geometry.002               149.40K (152,983)
        mesh1-geometry.008               149.40K (152,983)
        mesh1-geometry.007               149.40K (152,983)
        mesh1-geometry.004               149.40K (152,983)
        Plane.048                        24.42K (25,007)
        Plane.039                        20.95K (21,454)
        Plane.037                        13.91K (14,246)
        Plane.047                        10.92K (11,186)
        Plane.045                        5.73K (5,865)
        Plane.042                        5.23K (5,355)
        Plane.043                        4.90K (5,015)
        Plane.055                        1.39K (1,428)
        Plane.058                        1.11K (1,139)
        Plane.059                        1.08K (1,105)
        Plane.054                        765B (765)
        Plane.057                        629B (629)
        Plane.056                        561B (561)
        Plane.035                        493B (493)
        Plane.040                        493B (493)
        Plane.003                        493B (493)
        Plane.009                        493B (493)
        Plane.006                        425B (425)
        Plane.005                        425B (425)
        Plane.008                        357B (357)
        Plane.004                        357B (357)
        Plane.007                        357B (357)
        Plane.032                        221B (221)
        Plane.011                        187B (187)
        Plane.010                        187B (187)
        TopGrassTall                     85B (85)
        Flowers                          85B (85)
        LipMoss                          85B (85)
        TopGrass                         85B (85)
        TopMoss                          85B (85)
        backgroundlight                  50B (50)
        Sun                              46B (46)
Image statistics:
  Full Images:
    kloofendal_overcast_puresky_4k.hdr 128.00M (134,217,728)
    fir_sapling_medium_twigs_nor_gl_2k.png 32.00M (33,554,432)
    fir_sapling_medium_branches_diff_2k.png 32.00M (33,554,432)
    fir_sapling_medium_twigs_mask_2k.png 32.00M (33,554,432)
    fir_sapling_medium_twigs_alpha_2k.png 32.00M (33,554,432)
    fir_sapling_medium_twigs_diff_2k.png 32.00M (33,554,432)
    rock_moss_set_01_nor_gl_2k.exr   32.00M (33,554,432)
    fir_sapling_medium_branches_nor_gl_2k.png 32.00M (33,554,432)
    flower_heliophila_nor_gl_2k.exr  32.00M (33,554,432)
    moss_01_nor_gl_2k.00:35.763  render           | Executing compositor
00:35.763  render           | Fra: 1 | Compositing
exr            32.00M (33,554,432)
    grass_medium_01_nor_gl_2k.exr    32.00M (33,554,432)
    aerial_rocks_02_Diffuse_2k.jpg   16.00M (16,777,216)
    moss_01_diff_2k.jpg              16.00M (16,777,216)
    cliff_side_Diffuse_2k.jpg        16.00M (16,777,216)
    flower_heliophila_diff_2k.jpg    16.00M (16,777,216)
    cliff_side_nor_gl_2k.jpg         16.00M (16,777,216)
    lichen_rock_Rough_2k.jpg         16.00M (16,777,216)
    rock_moss_set_01_rough_2k.jpg    16.00M (16,777,216)
    rock_moss_set_01_diff_2k.jpg     16.00M (16,777,216)
    lichen_rock_nor_gl_2k.jpg        16.00M (16,777,216)
    grass_medium_01_diff_2k.jpg      16.00M (16,777,216)
    forest_ground_04_Diffuse_2k.jpg  16.00M (16,777,216)
    lichen_rock_Displacement_2k.jpg  16.00M (16,777,216)
    forest_ground_04_nor_gl_2k.jpg   16.00M (16,777,216)
    lichen_rock_Diffuse_2k.jpg       16.00M (16,777,216)
    moss_01_alpha_2k.png             8.00M (8,388,608)
    fir_sapling_medium_branches_rough_2k.png 8.00M (8,388,608)
    grass_medium_01_alpha_2k.png     8.00M (8,388,608)
    grass_medium_01_rough_2k.exr     8.00M (8,388,608)
    flower_heliophila_translucency_2k.png 8.00M (8,388,608)
    moss_01_rough_2k.exr             8.00M (8,388,608)
    flower_heliophila_rough_2k.exr   8.00M (8,388,608)
    flower_heliophila_alpha_2k.png   8.00M (8,388,608)
    fir_sapling_medium_twigs_rough_2k.png 8.00M (8,388,608)
    fir_sapling_medium_branches_disp_2k.png 8.00M (8,388,608)
    cliff_side_Displacement_2k.jpg   4.00M (4,194,304)
  Full image memory: 756.00M (792,723,456)
  Overhead image memory: 3.94K (4,032)
  Total image memory: 756.00M (792,727,488)
Profiling information not available (only works with CPU rendering)
00:35.799  render           | Saved: '/home/akamel/hero3d/out/still-223/p1c2c/warmup.png'
00:35.799  render           | Time: 00:27.08 (Saving: 00:00.01)
still: wrote /home/akamel/hero3d/out/still-223/p1c2c/warmup.png (warm-up)
00:35.801  render           | Rendering frame 1
00:35.802  render           | Start rendering: Scene, ViewLayer
00:35.802  render           | Engine: Cycles
00:37.545  render           | Fra: 1 | Mem: 1M | Synchronizing object | ValleyMist
00:41.536  render           | Fra: 1 | Mem: 1M | Synchronizing object | Island
00:41.546  render           | Fra: 1 | Mem: 1M | Synchronizing object | moss_01_d_LOD0
00:41.546  render           | Fra: 1 | Mem: 1M | Synchronizing object | moss_01_h_LOD0
00:41.546  render           | Fra: 1 | Mem: 1M | Synchronizing object | moss_01_i_LOD0
00:41.546  render           | Fra: 1 | Mem: 1M | Synchronizing object | moss_01_e_LOD0
00:41.546  render           | Fra: 1 | Mem: 1M | Synchronizing object | moss_01_tall_a_LOD0
00:41.547  render           | Fra: 1 | Mem: 1M | Synchronizing object | moss_01_a_LOD0
00:41.547  render           | Fra: 1 | Mem: 1M | Synchronizing object | moss_01_f_LOD0
00:41.547  render           | Fra: 1 | Mem: 1M | Synchronizing object | moss_01_tall_b_LOD0
00:41.547  render           | Fra: 1 | Mem: 1M | Synchronizing object | moss_01_b_LOD0
00:41.547  render           | Fra: 1 | Mem: 1M | Synchronizing object | moss_01_g_LOD0
00:41.547  render           | Fra: 1 | Mem: 1M | Synchronizing object | moss_01_c_LOD0
00:41.547  render           | Fra: 1 | Mem: 1M | Synchronizing object | moss_01_j_LOD0
00:41.547  render           | Fra: 1 | Mem: 1M | Synchronizing object | TopMoss
00:41.794  render           | Fra: 1 | Mem: 1M | Synchronizing object | grass_medium_01_tiny_e_LOD0
00:41.794  render           | Fra: 1 | Mem: 1M | Synchronizing object | grass_medium_01_tiny_f_LOD0
00:41.794  render           | Fra: 1 | Mem: 1M | Synchronizing object | grass_medium_01_small_a_LOD0
00:41.794  render           | Fra: 1 | Mem: 1M | Synchronizing object | grass_medium_01_mid_c_LOD0
00:41.795  render           | Fra: 1 | Mem: 1M | Synchronizing object | grass_medium_01_mid_b_LOD0
00:41.795  render           | Fra: 1 | Mem: 1M | Synchronizing object | grass_medium_01_tiny_d_LOD0
00:41.795  render           | Fra: 1 | Mem: 1M | Synchronizing object | grass_medium_01_tiny_a_LOD0
00:41.795  render           | Fra: 1 | Mem: 1M | Synchronizing object | grass_medium_01_small_b_LOD0
00:41.795  render           | Fra: 1 | Mem: 1M | Synchronizing object | grass_medium_01_tiny_c_LOD0
00:41.795  render           | Fra: 1 | Mem: 1M | Synchronizing object | grass_medium_01_tiny_b_LOD0
00:41.796  render           | Fra: 1 | Mem: 1M | Synchronizing object | TopGrass
00:41.800  render           | Fra: 1 | Mem: 1M | Synchronizing object | grass_medium_01_tall_a_LOD0
00:41.800  render           | Fra: 1 | Mem: 1M | Synchronizing object | grass_medium_01_tall_b_LOD0
00:41.800  render           | Fra: 1 | Mem: 1M | Synchronizing object | grass_medium_01_tall_c_LOD0
00:41.807  render           | Fra: 1 | Mem: 1M | Synchronizing object | TopGrassTall
00:41.823  render           | Fra: 1 | Mem: 1M | Synchronizing object | LipMoss
00:42.210  render           | Fra: 1 | Mem: 1M | Synchronizing object | flower_heliophila_medium_LOD0
00:42.210  render           | Fra: 1 | Mem: 1M | Synchronizing object | Flowers
00:42.211  render           | Fra: 1 | Mem: 1M | Synchronizing object | flower_heliophila_small_LOD0
00:42.212  render           | Fra: 1 | Mem: 1M | Synchronizing object | Terrain
00:42.216  render           | Fra: 1 | Mem: 1M | Synchronizing object | rock_moss_set_01_rock06.001
00:42.217  render           | Fra: 1 | Mem: 1M | Synchronizing object | rock_moss_set_01_rock04.001
00:42.217  render           | Fra: 1 | Mem: 1M | Synchronizing object | rock_moss_set_01_rock06.003
00:42.218  render           | Fra: 1 | Mem: 1M | Synchronizing object | rock_moss_set_01_rock05.003
00:42.218  render           | Fra: 1 | Mem: 1M | Synchronizing object | rock_moss_set_01_rock04.002
00:42.218  render           | Fra: 1 | Mem: 1M | Synchronizing object | rock_moss_set_01_rock06.004
00:42.219  render           | Fra: 1 | Mem: 1M | Synchronizing object | rock_moss_set_01_rock05.004
00:42.219  render           | Fra: 1 | Mem: 1M | Synchronizing object | rock_moss_set_01_rock04.003
00:42.219  render           | Fra: 1 | Mem: 1M | Synchronizing object | rock_moss_set_01_rock06.005
00:42.219  render           | Fra: 1 | Mem: 1M | Synchronizing object | rock_moss_set_01_rock05.005
00:42.220  render           | Fra: 1 | Mem: 1M | Synchronizing object | rock_moss_set_01_rock04.004
00:42.220  render           | Fra: 1 | Mem: 1M | Synchronizing object | rock_moss_set_01_rock06.006
00:42.220  render           | Fra: 1 | Mem: 1M | Synchronizing object | rock_moss_set_01_rock05.006
00:42.220  render           | Fra: 1 | Mem: 1M | Synchronizing object | rock_moss_set_01_rock04.005
00:42.221  render           | Fra: 1 | Mem: 1M | Synchronizing object | rock_moss_set_01_rock06.007
00:42.221  render           | Fra: 1 | Mem: 1M | Synchronizing object | rock_moss_set_01_rock05.007
00:42.221  render           | Fra: 1 | Mem: 1M | Synchronizing object | rock_moss_set_01_rock04.006
00:42.222  render           | Fra: 1 | Mem: 1M | Synchronizing object | rock_moss_set_01_rock06.008
00:42.222  render           | Fra: 1 | Mem: 1M | Synchronizing object | rock_moss_set_01_rock05.008
00:42.223  render           | Fra: 1 | Mem: 1M | Synchronizing object | rock_moss_set_01_rock04.007
00:42.223  render           | Fra: 1 | Mem: 1M | Synchronizing object | rock_moss_set_01_rock06.009
00:42.223  render           | Fra: 1 | Mem: 1M | Synchronizing object | rock_moss_set_01_rock05.009
00:42.224  render           | Fra: 1 | Mem: 1M | Synchronizing object | fir_sapling_medium_a_LOD0.001
00:42.224  render           | Fra: 1 | Mem: 1M | Synchronizing object | fir_sapling_medium_b_LOD0.001
00:42.225  render           | Fra: 1 | Mem: 1M | Synchronizing object | Sun
00:42.251  render           | Fra: 1 | Mem: 1M | Initializing
00:42.427  render           | Fra: 1 | Mem: 1M | Waiting for render to start
00:42.427  render           | Fra: 1 | Mem: 1M | Updating Scene
00:42.427  render           | Fra: 1 | Mem: 1M | Updating Shaders
00:42.434  render           | Fra: 1 | Mem: 1M | Loading render kernels (may take a few minutes the first time)
00:42.561  render           | Fra: 1 | Mem: 1M | Updating Procedurals
Update statistics:
Scene:
    Total time: 0.128493s
        device_update                            0.128493s
Geometry:
    Total time: 0.000000s
Light:
    Total time: 0.000000s
Object:
    Total time: 0.000000s
Image:
    Total time: 0.000000s
Background:
    Total time: 0.000000s
Bake:
    Total time: 0.000000s
Camera:
    Total time: 0.000000s
Film:
    Total time: 0.000000s
Integrator:
    Total time: 0.000000s
OSL:
    Total time: 0.000000s
Particles:
    Total time: 0.000000s
SVM:
    Total time: 0.000000s
Tables:
    Total time: 0.000000s
Procedurals:
    Total time: 0.000000s

00:42.561  render           | Fra: 1 | Mem: 1M | Updating Background
00:42.561  render           | Fra: 1 | Mem: 1M | Updating Scene Attribute
00:42.561  render           | Fra: 1 | Mem: 1M | Updating Camera
00:42.561  render           | Fra: 1 | Mem: 1M | Updating Meshes Flags
00:42.561  render           | Fra: 1 | Mem: 1M | Updating Objects
00:42.565  render           | Fra: 1 | Mem: 1M | Updating Objects | Copying Transformations to device
00:42.591  render           | Fra: 1 | Mem: 37M | Updating Particle Systems
00:42.591  render           | Fra: 1 | Mem: 37M | Updating Particle Systems | Copying Particles to device
00:42.591  render           | Fra: 1 | Mem: 37M | Updating Meshes
00:42.980  render           | Fra: 1 | Mem: 37M | Updating Displacement Images
00:42.981  render           | Fra: 1 | Mem: 37M | Updating Images | Loading aerial_rocks_02_Diffuse_2k.jpg
00:42.984  render           | Fra: 1 | Mem: 37M | Updating Images | Loading forest_ground_04_nor_gl_2k.jpg
00:42.984  render           | Fra: 1 | Mem: 37M | Updating Images | Loading lichen_rock_Rough_2k.jpg
00:42.984  render           | Fra: 1 | Mem: 37M | Updating Images | Loading cliff_side_Diffuse_2k.jpg
00:43.169  render           | Fra: 1 | Mem: 185M | Updating Mesh | Computing normals
00:43.252  render           | Fra: 1 | Mem: 185M | Updating Mesh | Copying Mesh to device
00:43.264  render           | Fra: 1 | Mem: 248M | Updating Objects | Applying Static Transformations
00:43.293  render           | Fra: 1 | Mem: 248M | Updating Mesh | Computing attributes
00:43.435  render           | Fra: 1 | Mem: 248M | Updating Mesh | Copying Attributes to device
00:43.473  render           | Fra: 1 | Mem: 423M | Updating Mesh | Computing Displacement Island
00:44.522  render           | Fra: 1 | Mem: 423M | Updating Mesh | Computing Displacement mesh1-geometry.001
00:44.533  render           | Fra: 1 | Mem: 423M | Updating Mesh | Computing Displacement modelShape.001
00:44.543  render           | Fra: 1 | Mem: 423M | Updating Mesh | Computing Displacement medium.002
00:44.553  render           | Fra: 1 | Mem: 423M | Updating Mesh | Computing Displacement mesh1-geometry.002
00:44.564  render           | Fra: 1 | Mem: 423M | Updating Mesh | Computing Displacement modelShape.002
00:44.582  render           | Fra: 1 | Mem: 423M | Updating Mesh | Computing Displacement medium.003
00:44.596  render           | Fra: 1 | Mem: 423M | Updating Mesh | Computing Displacement mesh1-geometry.004
00:44.607  render           | Fra: 1 | Mem: 423M | Updating Mesh | Computing Displacement modelShape.004
00:44.627  render           | Fra: 1 | Mem: 423M | Updating Mesh | Computing Displacement medium.004
00:44.642  render           | Fra: 1 | Mem: 423M | Updating Mesh | Computing Displacement mesh1-geometry.005
00:44.654  render           | Fra: 1 | Mem: 423M | Updating Mesh | Computing Displacement modelShape.005
00:44.676  render           | Fra: 1 | Mem: 423M | Updating Mesh | Computing Displacement medium.005
00:44.694  render           | Fra: 1 | Mem: 423M | Updating Mesh | Computing Displacement mesh1-geometry.006
00:44.714  render           | Fra: 1 | Mem: 423M | Updating Mesh | Computing Displacement modelShape.006
00:44.739  render           | Fra: 1 | Mem: 423M | Updating Mesh | Computing Displacement medium.006
00:44.763  render           | Fra: 1 | Mem: 423M | Updating Mesh | Computing Displacement mesh1-geometry.007
00:44.787  render           | Fra: 1 | Mem: 423M | Updating Mesh | Computing Displacement modelShape.007
00:44.811  render           | Fra: 1 | Mem: 423M | Updating Mesh | Computing Displacement medium.007
00:44.824  render           | Fra: 1 | Mem: 423M | Updating Mesh | Computing Displacement mesh1-geometry.008
00:44.835  render           | Fra: 1 | Mem: 423M | Updating Mesh | Computing Displacement modelShape.008
00:44.860  render           | Fra: 1 | Mem: 185M | Updating Geometry BVH backgroundlight 63/62 | Building BVH
00:44.860  render           | Fra: 1 | Mem: 185M | Updating Geometry BVH backgroundlight 63/62 | Building OptiX acceleration structure
00:44.860  render           | Fra: 1 | Mem: 185M | Updating Geometry BVH Grid 62/62 | Building BVH
00:44.860  render           | Fra: 1 | Mem: 185M | Updating Geometry BVH Grid 62/62 | Building OptiX acceleration structure
00:44.860  render           | Fra: 1 | Mem: 185M | Updating Geometry BVH Cube 2/62 | Building BVH
00:44.861  render           | Fra: 1 | Mem: 185M | Updating Geometry BVH Cube 2/62 | Building OptiX acceleration structure
00:44.863  render           | Fra: 1 | Mem: 185M | Updating Geometry BVH Island 3/62 | Building BVH
00:44.864  render           | Fra: 1 | Mem: 185M | Updating Geometry BVH Island 3/62 | Building OptiX acceleration structure
00:44.864  render           | Fra: 1 | Mem: 185M | Updating Geometry BVH TopMoss 4/62 | Building BVH
00:44.865  render           | Fra: 1 | Mem: 185M | Updating Geometry BVH TopMoss 4/62 | Building OptiX acceleration structure
00:44.865  render           | Fra: 1 | Mem: 185M | Updating Geometry BVH Plane.004 5/62 | Building BVH
00:44.865  render           | Fra: 1 | Mem: 185M | Updating Geometry BVH Plane.004 5/62 | Building OptiX acceleration structure
00:44.865  render           | Fra: 1 | Mem: 200M | Updating Geometry BVH Plane.010 6/62 | Building BVH
00:44.866  render           | Fra: 1 | Mem: 200M | Updating Geometry BVH Plane.010 6/62 | Building OptiX acceleration structure
00:44.866  render           | Fra: 1 | Mem: 190M | Updating Geometry BVH Plane.011 7/62 | Building BVH
00:44.867  render           | Fra: 1 | Mem: 190M | Updating Geometry BVH Plane.005 8/62 | Building OptiX acceleration structure
00:44.868  render           | Fra: 1 | Mem: 190M | Updating Geometry BVH Plane.035 9/62 | Building BVH
00:44.869  render           | Fra: 1 | Mem: 190M | Updating Geometry BVH Plane.035 9/62 | Building OptiX acceleration structure
00:44.869  render           | Fra: 1 | Mem: 190M | Updating Geometry BVH Plane.009 10/62 | Building BVH
00:44.870  render           | Fra: 1 | Mem: 190M | Updating Geometry BVH Plane.009 10/62 | Building OptiX acceleration structure
00:44.870  render           | Fra: 1 | Mem: 188M | Updating Geometry BVH Sun 61/62 | Building BVH
00:44.870  render           | Fra: 1 | Mem: 188M | Updating Geometry BVH Sun 61/62 | Building OptiX acceleration structure
00:44.870  render           | Fra: 1 | Mem: 188M | Updating Geometry BVH Plane.006 11/62 | Building BVH
00:44.870  render           | Fra: 1 | Mem: 188M | Updating Geometry BVH Plane.006 11/62 | Building OptiX acceleration structure
00:44.870  render           | Fra: 1 | Mem: 188M | Updating Geometry BVH Plane.040 12/62 | Building BVH
00:44.870  render           | Fra: 1 | Mem: 188M | Updating Geometry BVH Plane.040 12/62 | Building OptiX acceleration structure
00:44.870  render           | Fra: 1 | Mem: 188M | Updating Geometry BVH NurbsPath.005 60/62 | Building BVH
00:44.870  render           | Fra: 1 | Mem: 188M | Updating Geometry BVH NurbsPath.005 60/62 | Building OptiX acceleration structure
00:44.871  render           | Fra: 1 | Mem: 188M | Updating Geometry BVH Plane.007 13/62 | Building BVH
00:44.872  render           | Fra: 1 | Mem: 188M | Updating Geometry BVH Plane.007 13/62 | Building OptiX acceleration structure
00:44.872  render           | Fra: 1 | Mem: 188M | Updating Geometry BVH Plane.008 14/62 | Building BVH
00:44.872  render           | Fra: 1 | Mem: 188M | Updating Geometry BVH Plane.008 14/62 | Building OptiX acceleration structure
00:44.872  render           | Fra: 1 | Mem: 188M | Updating Geometry BVH Plane.003 15/62 | Building BVH
00:44.872  render           | Fra: 1 | Mem: 188M | Updating Geometry BVH Plane.003 15/62 | Building OptiX acceleration structure
00:44.872  render           | Fra: 1 | Mem: 188M | Updating Geometry BVH Plane.032 16/62 | Building BVH
00:44.872  render           | Fra: 1 | Mem: 188M | Updating Geometry BVH Plane.032 16/62 | Building OptiX acceleration structure
00:44.872  render           | Fra: 1 | Mem: 188M | Updating Geometry BVH TopGrass 17/62 | Building BVH
00:44.872  render           | Fra: 1 | Mem: 188M | Updating Geometry BVH TopGrass 17/62 | Building OptiX acceleration structure
00:44.873  render           | Fra: 1 | Mem: 188M | Updating Geometry BVH Plane.058 18/62 | Building BVH
00:44.873  render           | Fra: 1 | Mem: 188M | Updating Geometry BVH Plane.058 18/62 | Building OptiX acceleration structure
00:44.874  render           | Fra: 1 | Mem: 188M | Updating Geometry BVH Plane.059 19/62 | Building BVH
00:44.874  render           | Fra: 1 | Mem: 188M | Updating Geometry BVH Plane.037 20/62 | Building OptiX acceleration structure
00:44.874  render           | Fra: 1 | Mem: 188M | Updating Geometry BVH Plane.048 21/62 | Building BVH
00:44.874  render           | Fra: 1 | Mem: 188M | Updating Geometry BVH Plane.048 21/62 | Building OptiX acceleration structure
00:44.874  render           | Fra: 1 | Mem: 188M | Updating Geometry BVH Plane.039 22/62 | Building BVH
00:44.874  render           | Fra: 1 | Mem: 188M | Updating Geometry BVH Plane.057 23/62 | Building OptiX acceleration structure
00:44.874  render           | Fra: 1 | Mem: 188M | Updating Geometry BVH Plane.055 24/62 | Building BVH
00:44.874  render           | Fra: 1 | Mem: 188M | Updating Geometry BVH Plane.047 25/62 | Building OptiX acceleration structure
00:44.874  render           | Fra: 1 | Mem: 188M | Updating Geometry BVH Plane.054 26/62 | Building BVH
00:44.874  render           | Fra: 1 | Mem: 188M | Updating Geometry BVH Plane.054 26/62 | Building OptiX acceleration structure
00:44.874  render           | Fra: 1 | Mem: 188M | Updating Geometry BVH Plane.056 27/62 | Building BVH
00:44.874  render           | Fra: 1 | Mem: 188M | Updating Geometry BVH Plane.056 27/62 | Building OptiX acceleration structure
00:44.875  render           | Fra: 1 | Mem: 188M | Updating Geometry BVH TopGrassTall 28/62 | Building BVH
00:44.875  render           | Fra: 1 | Mem: 188M | Updating Geometry BVH TopGrassTall 28/62 | Building OptiX acceleration structure
00:44.875  render           | Fra: 1 | Mem: 188M | Updating Geometry BVH Plane.043 29/62 | Building BVH
00:44.875  render           | Fra: 1 | Mem: 188M | Updating Geometry BVH Plane.045 31/62 | Building BVH
00:44.875  render           | Fra: 1 | Mem: 188M | Updating Geometry BVH Plane.045 31/62 | Building OptiX acceleration structure
00:44.875  render           | Fra: 1 | Mem: 188M | Updating Geometry BVH LipMoss 32/62 | Building BVH
00:44.875  render           | Fra: 1 | Mem: 188M | Updating Geometry BVH LipMoss 32/62 | Building OptiX acceleration structure
00:44.875  render           | Fra: 1 | Mem: 188M | Updating Geometry BVH Flowers 33/62 | Building BVH
00:44.875  render           | Fra: 1 | Mem: 188M | Updating Geometry BVH Flowers 33/62 | Building OptiX acceleration structure
00:44.875  render           | Fra: 1 | Mem: 188M | Updating Geometry BVH Plane.5143 34/62 | Building BVH
00:44.875  render           | Fra: 1 | Mem: 188M | Updating Geometry BVH Plane.5143 34/62 | Building OptiX acceleration structure
00:44.875  render           | Fra: 1 | Mem: 188M | Updating Geometry BVH mesh1-geometry.003 36/62 | Building BVH
00:44.875  render           | Fra: 1 | Mem: 188M | Updating Geometry BVH modelShape.003 37/62 | Building BVH
00:44.875  render           | Fra: 1 | Mem: 188M | Updating Geometry BVH medium.001 38/62 | Building BVH
00:44.875  render           | Fra: 1 | Mem: 188M | Updating Geometry BVH medium.001 38/62 | Building OptiX acceleration structure
00:44.875  render           | Fra: 1 | Mem: 188M | Updating Geometry BVH mesh1-geometry.001 39/62 | Building BVH
00:44.875  render           | Fra: 1 | Mem: 188M | Updating Geometry BVH mesh1-geometry.001 39/62 | Building OptiX acceleration structure
00:44.875  render           | Fra: 1 | Mem: 188M | Updating Geometry BVH modelShape.001 40/62 | Building BVH
00:44.875  render           | Fra: 1 | Mem: 188M | Updating Geometry BVH modelShape.001 40/62 | Building OptiX acceleration structure
00:44.894  render           | Fra: 1 | Mem: 200M | Updating Geometry BVH medium.002 41/62 | Building BVH
00:44.894  render           | Fra: 1 | Mem: 200M | Updating Geometry BVH medium.002 41/62 | Building OptiX acceleration structure
00:44.895  render           | Fra: 1 | Mem: 201M | Updating Geometry BVH mesh1-geometry.002 42/62 | Building BVH
00:44.895  render           | Fra: 1 | Mem: 201M | Updating Geometry BVH mesh1-geometry.002 42/62 | Building OptiX acceleration structure
00:44.895  render           | Fra: 1 | Mem: 201M | Updating Geometry BVH modelShape.002 43/62 | Building BVH
00:44.895  render           | Fra: 1 | Mem: 201M | Updating Geometry BVH modelShape.002 43/62 | Building OptiX acceleration structure
00:44.896  render           | Fra: 1 | Mem: 201M | Updating Geometry BVH medium.003 44/62 | Building BVH
00:44.896  render           | Fra: 1 | Mem: 201M | Updating Geometry BVH medium.003 44/62 | Building OptiX acceleration structure
00:44.897  render           | Fra: 1 | Mem: 202M | Updating Geometry BVH mesh1-geometry.004 45/62 | Building BVH
00:44.897  render           | Fra: 1 | Mem: 202M | Updating Geometry BVH mesh1-geometry.004 45/62 | Building OptiX acceleration structure
00:44.901  render           | Fra: 1 | Mem: 231M | Updating Geometry BVH modelShape.004 46/62 | Building BVH
00:44.901  render           | Fra: 1 | Mem: 231M | Updating Geometry BVH modelShape.004 46/62 | Building OptiX acceleration structure
00:44.902  render           | Fra: 1 | Mem: 231M | Updating Geometry BVH medium.004 47/62 | Building BVH
00:44.902  render           | Fra: 1 | Mem: 231M | Updating Geometry BVH medium.004 47/62 | Building OptiX acceleration structure
00:44.902  render           | Fra: 1 | Mem: 232M | Updating Geometry BVH mesh1-geometry.005 48/62 | Building BVH
00:44.902  render           | Fra: 1 | Mem: 232M | Updating Geometry BVH mesh1-geometry.005 48/62 | Building OptiX acceleration structure
00:44.916  render           | Fra: 1 | Mem: 246M | Updating Geometry BVH modelShape.005 49/62 | Building BVH
00:44.916  render           | Fra: 1 | Mem: 246M | Updating Geometry BVH modelShape.005 49/62 | Building OptiX acceleration structure
00:44.917  render           | Fra: 1 | Mem: 247M | Updating Geometry BVH medium.005 50/62 | Building BVH
00:44.917  render           | Fra: 1 | Mem: 247M | Updating Geometry BVH medium.005 50/62 | Building OptiX acceleration structure
00:44.918  render           | Fra: 1 | Mem: 247M | Updating Geometry BVH mesh1-geometry.006 51/62 | Building BVH
00:44.918  render           | Fra: 1 | Mem: 247M | Updating Geometry BVH mesh1-geometry.006 51/62 | Building OptiX acceleration structure
00:44.918  render           | Fra: 1 | Mem: 247M | Updating Geometry BVH modelShape.006 52/62 | Building BVH
00:44.918  render           | Fra: 1 | Mem: 247M | Updating Geometry BVH modelShape.006 52/62 | Building OptiX acceleration structure
00:44.919  render           | Fra: 1 | Mem: 248M | Updating Geometry BVH medium.006 53/62 | Building BVH
00:44.919  render           | Fra: 1 | Mem: 248M | Updating Geometry BVH medium.006 53/62 | Building OptiX acceleration structure
00:44.920  render           | Fra: 1 | Mem: 248M | Updating Geometry BVH mesh1-geometry.007 54/62 | Building BVH
00:44.920  render           | Fra: 1 | Mem: 248M | Updating Geometry BVH mesh1-geometry.007 54/62 | Building OptiX acceleration structure
00:44.920  render           | Fra: 1 | Mem: 248M | Updating Geometry BVH modelShape.007 55/62 | Building BVH
00:44.920  render           | Fra: 1 | Mem: 248M | Updating Geometry BVH modelShape.007 55/62 | Building OptiX acceleration structure
00:44.921  render           | Fra: 1 | Mem: 248M | Updating Geometry BVH medium.007 56/62 | Building BVH
00:44.921  render           | Fra: 1 | Mem: 248M | Updating Geometry BVH medium.007 56/62 | Building OptiX acceleration structure
00:44.922  render           | Fra: 1 | Mem: 249M | Updating Geometry BVH mesh1-geometry.008 57/62 | Building BVH
00:44.922  render           | Fra: 1 | Mem: 249M | Updating Geometry BVH mesh1-geometry.008 57/62 | Building OptiX acceleration structure
00:44.922  render           | Fra: 1 | Mem: 249M | Updating Geometry BVH modelShape.008 58/62 | Building BVH
00:44.922  render           | Fra: 1 | Mem: 249M | Updating Geometry BVH modelShape.008 58/62 | Building OptiX acceleration structure
00:44.924  render           | Fra: 1 | Mem: 249M | Updating Geometry BVH NurbsPath.007 59/62 | Building BVH
00:44.924  render           | Fra: 1 | Mem: 249M | Updating Geometry BVH NurbsPath.007 59/62 | Building OptiX acceleration structure
00:44.985  render           | Fra: 1 | Mem: 282M | Updating Scene BVH | Building
00:44.985  render           | Fra: 1 | Mem: 282M | Updating Scene BVH | Building OptiX acceleration structure
00:45.004  render           | Fra: 1 | Mem: 304M | Updating Scene BVH | Copying BVH to device
00:45.004  render           | Fra: 1 | Mem: 304M | Updating Mesh | Computing attributes
00:45.225  render           | Fra: 1 | Mem: 304M | Updating Mesh | Copying Attributes to device
00:45.277  render           | Fra: 1 | Mem: 628M | Updating Mesh | Computing normals
00:45.325  render           | Fra: 1 | Mem: 628M | Updating Mesh | Copying Mesh to device
00:45.332  render           | Fra: 1 | Mem: 690M | Updating Objects Flags
00:45.337  render           | Fra: 1 | Mem: 690M | Updating Primitive Offsets
00:45.340  render           | Fra: 1 | Mem: 691M | Updating Images
00:45.340  render           | Fra: 1 | Mem: 691M | Updating Images | Loading fir_sapling_medium_branches_disp_2k.png
00:45.344  render           | Fra: 1 | Mem: 691M | Updating Images | Loading flower_heliophila_translucency_2k.png
00:45.346  render           | Fra: 1 | Mem: 691M | Updating Images | Loading fir_sapling_medium_branches_nor_gl_2k.png
00:45.349  render           | Fra: 1 | Mem: 691M | Updating Images | Loading kloofendal_overcast_puresky_4k.hdr
00:45.352  render           | Fra: 1 | Mem: 691M | Updating Images | Loading moss_01_nor_gl_2k.exr
00:45.352  render           | Fra: 1 | Mem: 691M | Updating Images | Loading grass_medium_01_nor_gl_2k.exr
00:45.354  render           | Fra: 1 | Mem: 691M | Updating Images | Loading fir_sapling_medium_branches_rough_2k.png
00:45.364  render           | Fra: 1 | Mem: 691M | Updating Images | Loading flower_heliophila_nor_gl_2k.exr
00:45.370  render           | Fra: 1 | Mem: 691M | Updating Images | Loading rock_moss_set_01_nor_gl_2k.exr
00:45.372  render           | Fra: 1 | Mem: 691M | Updating Images | Loading fir_sapling_medium_branches_diff_2k.png
00:45.383  render           | Fra: 1 | Mem: 691M | Updating Images | Loading grass_medium_01_diff_2k.jpg
00:45.408  render           | Fra: 1 | Mem: 691M | Updating Images | Loading rock_moss_set_01_rough_2k.jpg
00:45.412  render           | Fra: 1 | Mem: 691M | Updating Images | Loading fir_sapling_medium_twigs_nor_gl_2k.png
00:45.413  render           | Fra: 1 | Mem: 691M | Updating Images | Loading grass_medium_01_alpha_2k.png
00:45.422  render           | Fra: 1 | Mem: 691M | Updating Images | Loading grass_medium_01_rough_2k.exr
00:45.425  render           | Fra: 1 | Mem: 691M | Updating Images | Loading moss_01_diff_2k.jpg
00:45.431  render           | Fra: 1 | Mem: 691M | Updating Images | Loading fir_sapling_medium_twigs_diff_2k.png
00:45.442  render           | Fra: 1 | Mem: 691M | Updating Images | Loading flower_heliophila_alpha_2k.png
00:45.442  render           | Fra: 1 | Mem: 691M | Updating Images | Loading moss_01_alpha_2k.png
00:45.445  render           | Fra: 1 | Mem: 691M | Updating Images | Loading fir_sapling_medium_twigs_alpha_2k.png
00:45.446  render           | Fra: 1 | Mem: 691M | Updating Images | Loading moss_01_rough_2k.exr
00:45.450  render           | Fra: 1 | Mem: 691M | Updating Images | Loading fir_sapling_medium_twigs_mask_2k.png
00:45.452  render           | Fra: 1 | Mem: 691M | Updating Images | Loading fir_sapling_medium_twigs_rough_2k.png
00:45.452  render           | Fra: 1 | Mem: 691M | Updating Images | Loading rock_moss_set_01_diff_2k.jpg
00:45.459  render           | Fra: 1 | Mem: 691M | Updating Images | Loading flower_heliophila_diff_2k.jpg
00:45.462  render           | Fra: 1 | Mem: 691M | Updating Images | Loading flower_heliophila_rough_2k.exr
00:46.006  render           | Fra: 1 | Mem: 1299M | Updating Volume
00:46.006  render           | Fra: 1 | Mem: 1299M | Updating Volume | Creating SDF grid for ValleyMist
00:46.130  render           | Fra: 1 | Mem: 1299M | Updating Volume | Evaluating density for ValleyMist
00:46.204  render           | Fra: 1 | Mem: 1299M | Updating Volume | Building octree for ValleyMist
00:46.211  render           | Fra: 1 | Mem: 1299M | Updating Camera Volume
00:46.212  render           | Fra: 1 | Mem: 1299M | Updating Lookup Tables
00:46.212  render           | Fra: 1 | Mem: 1299M | Updating Lights
00:46.218  render           | Fra: 1 | Mem: 1299M | Updating Lights | Importance map
00:46.582  render           | Fra: 1 | Mem: 1363M | Updating Lights | Computing tree
00:46.597  render           | Fra: 1 | Mem: 1365M | Updating Integrator
00:46.597  render           | Fra: 1 | Mem: 1365M | Updating Film
00:46.597  render           | Fra: 1 | Mem: 1364M | Updating Lookup Tables
00:46.597  render           | Fra: 1 | Mem: 1365M | Updating Baking
00:46.602  render           | Fra: 1 | Mem: 1365M | Updating Device | Writing constant memory
00:46.602  render           | Fra: 1 | Mem: 1365M | Loading denoising kernels (may take a few minutes the first time)
00:46.621  render           | Fra: 1 | Mem: 1968M | Rendered 0/4 Tiles, Sample 0/128
00:46.727  render           | Fra: 1 | Remaining: 00:26.51 | Mem: 2466M | Rendered 0/4 Tiles, Sample 1/128
00:46.820  render           | Fra: 1 | Remaining: 00:24.91 | Mem: 2466M | Rendered 0/4 Tiles, Sample 2/128
00:46.989  render           | Fra: 1 | Remaining: 00:22.88 | Mem: 2466M | Rendered 0/4 Tiles, Sample 4/128
00:47.291  render           | Fra: 1 | Remaining: 00:20.52 | Mem: 2466M | Rendered 0/4 Tiles, Sample 8/128
00:47.878  render           | Fra: 1 | Remaining: 00:18.61 | Mem: 2466M | Rendered 0/4 Tiles, Sample 16/128
00:49.001  render           | Fra: 1 | Remaining: 00:16.44 | Mem: 2466M | Rendered 0/4 Tiles, Sample 32/128
00:51.259  render           | Fra: 1 | Remaining: 00:13.70 | Mem: 2466M | Rendered 0/4 Tiles, Sample 64/128
00:52.390  render           | Fra: 1 | Remaining: 00:12.48 | Mem: 2466M | Rendered 0/4 Tiles, Sample 80/128
00:53.442  render           | Fra: 1 | Remaining: 00:11.16 | Mem: 2466M | Rendered 0/4 Tiles, Sample 96/128
00:54.453  render           | Fra: 1 | Remaining: 00:09.86 | Mem: 2466M | Rendered 0/4 Tiles, Sample 112/128
00:56.186  render           | Fra: 1 | Remaining: 00:09.34 | Mem: 2466M | Rendered 0/4 Tiles, Sample 128/128
00:56.186  render           | Fra: 1 | Remaining: 00:09.34 | Mem: 2466M | Rendered 1/4 Tiles, Sample 128/128
00:56.222  render           | Fra: 1 | Remaining: 00:09.37 | Mem: 1997M | Rendered 1/4 Tiles, Sample 1/128
00:56.233  render           | Fra: 1 | Remaining: 00:09.37 | Mem: 1997M | Rendered 1/4 Tiles, Sample 2/128
00:56.249  render           | Fra: 1 | Remaining: 00:09.37 | Mem: 1997M | Rendered 1/4 Tiles, Sample 4/128
00:56.272  render           | Fra: 1 | Remaining: 00:09.36 | Mem: 1997M | Rendered 1/4 Tiles, Sample 8/128
00:56.309  render           | Fra: 1 | Remaining: 00:09.33 | Mem: 1997M | Rendered 1/4 Tiles, Sample 16/128
00:56.376  render           | Fra: 1 | Remaining: 00:09.27 | Mem: 1997M | Rendered 1/4 Tiles, Sample 32/128
00:56.500  render           | Fra: 1 | Remaining: 00:09.13 | Mem: 1997M | Rendered 1/4 Tiles, Sample 64/128
00:56.568  render           | Fra: 1 | Remaining: 00:09.07 | Mem: 1997M | Rendered 1/4 Tiles, Sample 80/128
00:56.628  render           | Fra: 1 | Remaining: 00:09.00 | Mem: 1997M | Rendered 1/4 Tiles, Sample 96/128
00:56.687  render           | Fra: 1 | Remaining: 00:08.93 | Mem: 1997M | Rendered 1/4 Tiles, Sample 112/128
00:56.861  render           | Fra: 1 | Remaining: 00:08.95 | Mem: 1997M | Rendered 1/4 Tiles, Sample 128/128
00:56.861  render           | Fra: 1 | Remaining: 00:08.95 | Mem: 1997M | Rendered 2/4 Tiles, Sample 128/128
00:56.877  render           | Fra: 1 | Remaining: 00:08.84 | Mem: 2404M | Rendered 2/4 Tiles, Sample 1/128
00:56.892  render           | Fra: 1 | Remaining: 00:08.73 | Mem: 2404M | Rendered 2/4 Tiles, Sample 2/128
00:56.912  render           | Fra: 1 | Remaining: 00:08.51 | Mem: 2404M | Rendered 2/4 Tiles, Sample 4/128
00:56.943  render           | Fra: 1 | Remaining: 00:08.07 | Mem: 2404M | Rendered 2/4 Tiles, Sample 8/128
00:56.988  render           | Fra: 1 | Remaining: 00:07.24 | Mem: 2404M | Rendered 2/4 Tiles, Sample 16/128
00:57.069  render           | Fra: 1 | Remaining: 00:05.77 | Mem: 2404M | Rendered 2/4 Tiles, Sample 32/128
00:57.336  render           | Fra: 1 | Remaining: 00:03.48 | Mem: 2404M | Rendered 2/4 Tiles, Sample 64/128
00:57.510  render           | Fra: 1 | Remaining: 00:02.55 | Mem: 2404M | Rendered 2/4 Tiles, Sample 80/128
00:57.576  render           | Fra: 1 | Remaining: 00:01.70 | Mem: 2404M | Rendered 2/4 Tiles, Sample 96/128
00:57.640  render           | Fra: 1 | Remaining: 00:00.95 | Mem: 2404M | Rendered 2/4 Tiles, Sample 112/128
00:58.109  render           | Fra: 1 | Remaining: 00:00.28 | Mem: 2404M | Rendered 2/4 Tiles, Sample 128/128
00:58.109  render           | Fra: 1 | Remaining: 00:00.28 | Mem: 2404M | Rendered 3/4 Tiles, Sample 128/128
00:58.133  render           | Fra: 1 | Remaining: 00:00.28 | Mem: 1993M | Rendered 3/4 Tiles, Sample 1/128
00:58.134  render           | Fra: 1 | Remaining: 00:00.28 | Mem: 1993M | Rendered 3/4 Tiles, Sample 2/128
00:58.136  render           | Fra: 1 | Remaining: 00:00.27 | Mem: 1993M | Rendered 3/4 Tiles, Sample 4/128
00:58.139  render           | Fra: 1 | Remaining: 00:00.26 | Mem: 1993M | Rendered 3/4 Tiles, Sample 8/128
00:58.142  render           | Fra: 1 | Remaining: 00:00.24 | Mem: 1993M | Rendered 3/4 Tiles, Sample 16/128
00:58.147  render           | Fra: 1 | Remaining: 00:00.21 | Mem: 1993M | Rendered 3/4 Tiles, Sample 32/128
00:58.156  render           | Fra: 1 | Remaining: 00:00.14 | Mem: 1993M | Rendered 3/4 Tiles, Sample 64/128
00:58.161  render           | Fra: 1 | Remaining: 00:00.10 | Mem: 1993M | Rendered 3/4 Tiles, Sample 80/128
00:58.212  render           | Fra: 1 | Remaining: 00:00.10 | Mem: 1993M | Rendered 3/4 Tiles, Sample 0/128
00:58.219  render           | Fra: 1 | Remaining: 00:00.10 | Mem: 1993M | Finished
Render statistics:
Mesh statistics:
  Geometry:
    Total memory: 66.48M (69,712,877)
        Island                           41.01M (42,997,861)
        NurbsPath.007                    11.11M (11,645,883)
        NurbsPath.005                    6.82M (7,154,075)
        Grid                             2.12M (2,228,309)
        Plane.5143                       539.82K (552,772)
        Plane.2197                       292.15K (299,166)
        modelShape.008                   274.81K (281,401)
        modelShape.003                   274.81K (281,401)
        modelShape.001                   274.81K (281,401)
        modelShape.002                   274.81K (281,401)
        modelShape.004                   274.81K (281,401)
        modelShape.005                   274.81K (281,401)
        modelShape.007                   274.81K (281,401)
        modelShape.006                   274.81K (281,401)
        medium.004                       175.88K (180,098)
        medium.007                       175.88K (180,098)
        medium.006                       175.88K (180,098)
        medium.001                       175.88K (180,098)
        medium.002                       175.88K (180,098)
        medium.003                       175.88K (180,098)
        medium.005                       175.88K (180,098)
        mesh1-geometry.002               149.40K (152,983)
        mesh1-geometry.006               149.40K (152,983)
        mesh1-geometry.001               149.40K (152,983)
        mesh1-geometry.003               149.40K (152,983)
        mesh1-geometry.007               149.40K (152,983)
        mesh1-geometry.004               149.40K (152,983)
        mesh1-geometry.005               149.40K (152,983)
        mesh1-geometry.008               149.40K (152,983)
        Plane.048                        24.42K (25,007)
        Plane.039                        20.95K (21,454)
        Plane.037                        13.91K (14,246)
        Plane.047                        10.92K (11,186)
        Plane.045                        5.73K (5,865)
        Plane.042                        5.23K (5,355)
        Plane.043                        4.90K (5,015)
        Plane.055                        1.39K (1,428)
        Plane.058                        1.11K (1,139)
        Plane.059                        1.08K (1,105)
        Plane.054                        765B (765)
        Plane.057                        629B (629)
        Plane.056                        561B (561)
        Plane.040                        493B (493)
        Plane.035                        493B (493)
        Plane.009                        493B (493)
        Plane.003                        493B (493)
        Plane.006                        425B (425)
        Plane.005                        425B (425)
        Plane.008                        357B (357)
        Plane.007                        357B (357)
        Plane.004                        357B (357)
        Cube                             289B (289)
        Plane.032                        221B (221)
        Plane.011                        187B (187)
        Plane.010                        187B (187)
        Flowers                          85B (85)
        LipMoss                          85B (85)
        TopGrassTall                     85B (85)
        TopGrass                         85B (85)
        TopMoss                          85B (85)
        backgroundlight                  50B (50)
        Sun                              46B (46)
Image statistics:
  Full Images:
    kloofendal_overcast_puresky_4k.hdr 128.00M (134,217,728)
    fir_sapling_medium_branches_nor_gl_2k.png 32.00M (33,554,432)
    fir_sapling_medium_twigs_diff_2k.png 32.00M (33,554,432)
    fir_sapling_medium_twigs_nor_gl_2k.png 32.00M (33,554,432)
    fir_sapling_medium_twigs_alpha_2k.png 32.00M (33,554,432)
    fir_sapling_medium_branches_diff_2k.png 32.00M (33,554,432)
    rock_moss_set_01_nor_gl_2k.exr   32.00M (33,554,432)
    flower_heliophila_nor_gl_2k.exr  32.00M (33,554,432)
    fir_sapling_medium_twigs_ma00:58.220  render           | Start rendering: Scene, haze
00:58.220  render           | Engine: Cycles
01:00.709  render           | Fra: 1 | Mem: 1M | Synchronizing object | grass_medium_01_tiny_f_LOD0
sk_2k.png 32.00M (33,554,432)
    grass_medium_01_nor_gl_2k.exr    32.00M (33,554,432)
    moss_01_nor_gl_2k.exr            32.00M (33,554,432)
    rock_moss_set_01_diff_2k.jpg     16.00M (16,777,216)
    cliff_side_Diffuse_2k.jpg        16.00M (16,777,216)
    cliff_side_nor_gl_2k.jpg         16.00M (16,777,216)
    flower_heliophila_diff_2k.jpg    16.00M (16,777,216)
    aerial_rocks_02_Diffuse_2k.jpg   16.00M (16,777,216)
    lichen_rock_Diffuse_2k.jpg       16.00M (16,777,216)
    forest_ground_04_Diffuse_2k.jpg  16.00M (16,777,216)
    moss_01_diff_2k.jpg              16.00M (16,777,216)
    lichen_rock_Rough_2k.jpg         16.00M (16,777,216)
    forest_ground_04_nor_gl_2k.jpg   16.00M (16,777,216)
    rock_moss_set_01_rough_2k.jpg    16.00M (16,777,216)
    grass_medium_01_diff_2k.jpg      16.00M (16,777,216)
    lichen_rock_nor_gl_2k.jpg        16.00M (16,777,216)
    lichen_rock_Displacement_2k.jpg  16.00M (16,777,216)
    fir_sapling_medium_branches_disp_2k.png 8.00M (8,388,608)
    grass_medium_01_rough_2k.exr     8.00M (8,388,608)
    flower_heliophila_translucency_2k.png 8.00M (8,388,608)
    flower_heliophila_rough_2k.exr   8.00M (8,388,608)
    fir_sapling_medium_twigs_rough_2k.png 8.00M (8,388,608)
    fir_sapling_medium_branches_rough_2k.png 8.00M (8,388,608)
    moss_01_rough_2k.exr             8.00M (8,388,608)
    moss_01_alpha_2k.png             8.00M (8,388,608)
    flower_heliophila_alpha_2k.png   8.00M (8,388,608)
    grass_medium_01_alpha_2k.png     8.00M (8,388,608)
    cliff_side_Displacement_2k.jpg   4.00M (4,194,304)
  Full image memory: 756.00M (792,723,456)
  Overhead image memory: 3.94K (4,032)
  Total image memory: 756.00M (792,727,488)
Profiling information not available (only works with CPU rendering)
01:00.710  render           | Fra: 1 | Mem: 1M | Synchronizing object | grass_medium_01_tiny_e_LOD0
01:00.710  render           | Fra: 1 | Mem: 1M | Synchronizing object | grass_medium_01_tiny_d_LOD0
01:00.710  render           | Fra: 1 | Mem: 1M | Synchronizing object | grass_medium_01_tiny_c_LOD0
01:00.710  render           | Fra: 1 | Mem: 1M | Synchronizing object | grass_medium_01_tiny_b_LOD0
01:00.710  render           | Fra: 1 | Mem: 1M | Synchronizing object | grass_medium_01_tiny_a_LOD0
01:00.710  render           | Fra: 1 | Mem: 1M | Synchronizing object | grass_medium_01_small_b_LOD0
01:00.710  render           | Fra: 1 | Mem: 1M | Synchronizing object | grass_medium_01_small_a_LOD0
01:00.710  render           | Fra: 1 | Mem: 1M | Synchronizing object | grass_medium_01_mid_c_LOD0
01:00.710  render           | Fra: 1 | Mem: 1M | Synchronizing object | grass_medium_01_mid_b_LOD0
01:00.710  render           | Fra: 1 | Mem: 1M | Synchronizing object | grass_medium_01_tall_c_LOD0
01:00.710  render           | Fra: 1 | Mem: 1M | Synchronizing object | grass_medium_01_tall_b_LOD0
01:00.710  render           | Fra: 1 | Mem: 1M | Synchronizing object | grass_medium_01_tall_a_LOD0
01:00.710  render           | Fra: 1 | Mem: 1M | Synchronizing object | moss_01_tall_b_LOD0
01:00.710  render           | Fra: 1 | Mem: 1M | Synchronizing object | moss_01_tall_a_LOD0
01:00.710  render           | Fra: 1 | Mem: 1M | Synchronizing object | moss_01_j_LOD0
01:00.710  render           | Fra: 1 | Mem: 1M | Synchronizing object | moss_01_i_LOD0
01:00.710  render           | Fra: 1 | Mem: 1M | Synchronizing object | moss_01_h_LOD0
01:00.710  render           | Fra: 1 | Mem: 1M | Synchronizing object | moss_01_g_LOD0
01:00.710  render           | Fra: 1 | Mem: 1M | Synchronizing object | moss_01_f_LOD0
01:00.711  render           | Fra: 1 | Mem: 1M | Synchronizing object | moss_01_e_LOD0
01:00.712  render           | Fra: 1 | Mem: 1M | Synchronizing object | moss_01_d_LOD0
01:00.712  render           | Fra: 1 | Mem: 1M | Synchronizing object | moss_01_c_LOD0
01:00.712  render           | Fra: 1 | Mem: 1M | Synchronizing object | moss_01_b_LOD0
01:00.713  render           | Fra: 1 | Mem: 1M | Synchronizing object | moss_01_a_LOD0
01:00.714  render           | Fra: 1 | Mem: 1M | Synchronizing object | flower_heliophila_small_LOD0
01:00.714  render           | Fra: 1 | Mem: 1M | Synchronizing object | flower_heliophila_medium_LOD0
01:06.592  render           | Fra: 1 | Mem: 1M | Synchronizing object | Island
01:06.607  render           | Fra: 1 | Mem: 1M | Synchronizing object | TopMoss
01:06.879  render           | Fra: 1 | Mem: 1M | Synchronizing object | TopGrass
01:06.886  render           | Fra: 1 | Mem: 1M | Synchronizing object | TopGrassTall
01:06.903  render           | Fra: 1 | Mem: 1M | Synchronizing object | LipMoss
01:07.272  render           | Fra: 1 | Mem: 1M | Synchronizing object | Flowers
01:07.272  render           | Fra: 1 | Mem: 1M | Synchronizing object | rock_moss_set_01_rock06.001
01:07.272  render           | Fra: 1 | Mem: 1M | Synchronizing object | rock_moss_set_01_rock05.001
01:07.272  render           | Fra: 1 | Mem: 1M | Synchronizing object | Terrain
01:07.272  render           | Fra: 1 | Mem: 1M | Synchronizing object | rock_moss_set_01_rock04.001
01:07.273  render           | Fra: 1 | Mem: 1M | Synchronizing object | rock_moss_set_01_rock06.003
01:07.273  render           | Fra: 1 | Mem: 1M | Synchronizing object | rock_moss_set_01_rock05.003
01:07.273  render           | Fra: 1 | Mem: 1M | Synchronizing object | rock_moss_set_01_rock04.002
01:07.273  render           | Fra: 1 | Mem: 1M | Synchronizing object | rock_moss_set_01_rock06.004
01:07.274  render           | Fra: 1 | Mem: 1M | Synchronizing object | rock_moss_set_01_rock04.003
01:07.274  render           | Fra: 1 | Mem: 1M | Synchronizing object | rock_moss_set_01_rock06.005
01:07.274  render           | Fra: 1 | Mem: 1M | Synchronizing object | rock_moss_set_01_rock05.005
01:07.274  render           | Fra: 1 | Mem: 1M | Synchronizing object | rock_moss_set_01_rock04.004
01:07.274  render           | Fra: 1 | Mem: 1M | Synchronizing object | rock_moss_set_01_rock06.006
01:07.274  render           | Fra: 1 | Mem: 1M | Synchronizing object | rock_moss_set_01_rock05.006
01:07.275  render           | Fra: 1 | Mem: 1M | Synchronizing object | rock_moss_set_01_rock04.005
01:07.275  render           | Fra: 1 | Mem: 1M | Synchronizing object | rock_moss_set_01_rock05.007
01:07.275  render           | Fra: 1 | Mem: 1M | Synchronizing object | rock_moss_set_01_rock04.006
01:07.275  render           | Fra: 1 | Mem: 1M | Synchronizing object | rock_moss_set_01_rock06.008
01:07.275  render           | Fra: 1 | Mem: 1M | Synchronizing object | rock_moss_set_01_rock05.008
01:07.275  render           | Fra: 1 | Mem: 1M | Synchronizing object | rock_moss_set_01_rock04.007
01:07.275  render           | Fra: 1 | Mem: 1M | Synchronizing object | rock_moss_set_01_rock06.009
01:07.276  render           | Fra: 1 | Mem: 1M | Synchronizing object | rock_moss_set_01_rock05.009
01:07.276  render           | Fra: 1 | Mem: 1M | Synchronizing object | fir_sapling_medium_a_LOD0.001
01:07.276  render           | Fra: 1 | Mem: 1M | Synchronizing object | fir_sapling_medium_b_LOD0.001
01:07.276  render           | Fra: 1 | Mem: 1M | Synchronizing object | Sun
01:07.358  render           | Fra: 1 | Mem: 1M | Initializing
01:07.568  render           | Fra: 1 | Mem: 1M | Waiting for render to start
01:07.568  render           | Fra: 1 | Mem: 1M | Updating Scene
01:07.568  render           | Fra: 1 | Mem: 1M | Updating Shaders
01:07.574  render           | Fra: 1 | Mem: 1M | Loading render kernels (may take a few minutes the first time)
01:07.651  render           | Fra: 1 | Mem: 1M | Updating Procedurals
Update statistics:
Scene:
    Total time: 0.078431s
        device_update                            0.078431s
Geometry:
    Total time: 0.000000s
Light:
    Total time: 0.000000s
Object:
    Total time: 0.000000s
Image:
    Total time: 0.000000s
Background:
    Total time: 0.000000s
Bake:
    Total time: 0.000000s
Camera:
    Total time: 0.000000s
Film:
    Total time: 0.000000s
Integrator:
    Total time: 0.000000s
OSL:
    Total time: 0.000000s
Particles:
    Total time: 0.000000s
SVM:
    Total time: 0.000000s
Tables:
    Total time: 0.000000s
Procedurals:
    Total time: 0.000000s

01:07.651  render           | Fra: 1 | Mem: 1M | Updating Background
01:07.651  render           | Fra: 1 | Mem: 1M | Updating Scene Attribute
01:07.651  render           | Fra: 1 | Mem: 1M | Updating Camera
01:07.651  render           | Fra: 1 | Mem: 1M | Updating Meshes Flags
01:07.651  render           | Fra: 1 | Mem: 1M | Updating Objects
01:07.654  render           | Fra: 1 | Mem: 1M | Updating Objects | Copying Transformations to device
01:07.673  render           | Fra: 1 | Mem: 37M | Updating Particle Systems
01:07.673  render           | Fra: 1 | Mem: 37M | Updating Particle Systems | Copying Particles to device
01:07.673  render           | Fra: 1 | Mem: 37M | Updating Meshes
01:07.998  render           | Fra: 1 | Mem: 37M | Updating Displacement Images
01:07.999  render           | Fra: 1 | Mem: 37M | Updating Images | Loading lichen_rock_Diffuse_2k.jpg
01:07.999  render           | Fra: 1 | Mem: 37M | Updating Images | Loading forest_ground_04_nor_gl_2k.jpg
01:07.999  render           | Fra: 1 | Mem: 37M | Updating Images | Loading forest_ground_04_Diffuse_2k.jpg
01:07.999  render           | Fra: 1 | Mem: 37M | Updating Images | Loading cliff_side_nor_gl_2k.jpg
01:07.999  render           | Fra: 1 | Mem: 37M | Updating Images | Loading lichen_rock_nor_gl_2k.jpg
01:07.999  render           | Fra: 1 | Mem: 37M | Updating Images | Loading lichen_rock_Rough_2k.jpg
01:08.206  render           | Fra: 1 | Mem: 185M | Updating Mesh | Computing normals
01:08.293  render           | Fra: 1 | Mem: 185M | Updating Mesh | Copying Mesh to device
01:08.306  render           | Fra: 1 | Mem: 248M | Updating Objects | Applying Static Transformations
01:08.336  render           | Fra: 1 | Mem: 248M | Updating Mesh | Computing attributes
01:08.473  render           | Fra: 1 | Mem: 248M | Updating Mesh | Copying Attributes to device
01:08.514  render           | Fra: 1 | Mem: 423M | Updating Mesh | Computing Displacement Island
01:09.534  render           | Fra: 1 | Mem: 423M | Updating Mesh | Computing Displacement mesh1-geometry.001
01:09.545  render           | Fra: 1 | Mem: 423M | Updating Mesh | Computing Displacement modelShape.001
01:09.558  render           | Fra: 1 | Mem: 423M | Updating Mesh | Computing Displacement medium.002
01:09.565  render           | Fra: 1 | Mem: 423M | Updating Mesh | Computing Displacement mesh1-geometry.002
01:09.572  render           | Fra: 1 | Mem: 423M | Updating Mesh | Computing Displacement modelShape.002
01:09.577  render           | Fra: 1 | Mem: 423M | Updating Mesh | Computing Displacement medium.003
01:09.582  render           | Fra: 1 | Mem: 423M | Updating Mesh | Computing Displacement mesh1-geometry.004
01:09.588  render           | Fra: 1 | Mem: 423M | Updating Mesh | Computing Displacement modelShape.004
01:09.593  render           | Fra: 1 | Mem: 423M | Updating Mesh | Computing Displacement medium.004
01:09.597  render           | Fra: 1 | Mem: 423M | Updating Mesh | Computing Displacement mesh1-geometry.005
01:09.603  render           | Fra: 1 | Mem: 423M | Updating Mesh | Computing Displacement modelShape.005
01:09.608  render           | Fra: 1 | Mem: 423M | Updating Mesh | Computing Displacement medium.005
01:09.612  render           | Fra: 1 | Mem: 423M | Updating Mesh | Computing Displacement mesh1-geometry.006
01:09.618  render           | Fra: 1 | Mem: 423M | Updating Mesh | Computing Displacement modelShape.006
01:09.622  render           | Fra: 1 | Mem: 423M | Updating Mesh | Computing Displacement medium.006
01:09.626  render           | Fra: 1 | Mem: 423M | Updating Mesh | Computing Displacement mesh1-geometry.007
01:09.632  render           | Fra: 1 | Mem: 423M | Updating Mesh | Computing Displacement modelShape.007
01:09.636  render           | Fra: 1 | Mem: 423M | Updating Mesh | Computing Displacement medium.007
01:09.640  render           | Fra: 1 | Mem: 423M | Updating Mesh | Computing Displacement mesh1-geometry.008
01:09.645  render           | Fra: 1 | Mem: 423M | Updating Mesh | Computing Displacement modelShape.008
01:09.658  render           | Fra: 1 | Mem: 185M | Updating Geometry BVH backgroundlight 62/61 | Building BVH
01:09.658  render           | Fra: 1 | Mem: 185M | Updating Geometry BVH backgroundlight 62/61 | Building OptiX acceleration structure
01:09.658  render           | Fra: 1 | Mem: 185M | Updating Geometry BVH Plane.059 2/61 | Building BVH
01:09.658  render           | Fra: 1 | Mem: 185M | Updating Geometry BVH Plane.057 4/61 | Building OptiX acceleration structure
01:09.658  render           | Fra: 1 | Mem: 185M | Updating Geometry BVH Grid 61/61 | Building BVH
01:09.658  render           | Fra: 1 | Mem: 185M | Updating Geometry BVH Grid 61/61 | Building OptiX acceleration structure
01:09.659  render           | Fra: 1 | Mem: 185M | Updating Geometry BVH Plane.054 5/61 | Building BVH
01:09.659  render           | Fra: 1 | Mem: 185M | Updating Geometry BVH Plane.048 10/61 | Building BVH
01:09.659  render           | Fra: 1 | Mem: 185M | Updating Geometry BVH Plane.032 17/61 | Building BVH
01:09.659  render           | Fra: 1 | Mem: 185M | Updating Geometry BVH Plane.006 21/61 | Building OptiX acceleration structure
01:09.659  render           | Fra: 1 | Mem: 185M | Updating Geometry BVH Plane.005 22/61 | Building BVH
01:09.659  render           | Fra: 1 | Mem: 185M | Updating Geometry BVH Plane.007 25/61 | Building OptiX acceleration structure
01:09.659  render           | Fra: 1 | Mem: 185M | Updating Geometry BVH Plane.009 26/61 | Building BVH
01:09.659  render           | Fra: 1 | Mem: 185M | Updating Geometry BVH Plane.009 26/61 | Building OptiX acceleration structure
01:09.659  render           | Fra: 1 | Mem: 185M | Updating Geometry BVH Plane.2197 27/61 | Building OptiX acceleration structure
01:09.659  render           | Fra: 1 | Mem: 185M | Updating Geometry BVH Plane.5143 28/61 | Building BVH
01:09.659  render           | Fra: 1 | Mem: 185M | Updating Geometry BVH Plane.5143 28/61 | Building OptiX acceleration structure
01:09.661  render           | Fra: 1 | Mem: 189M | Updating Geometry BVH TopMoss 30/61 | Building BVH
01:09.661  render           | Fra: 1 | Mem: 189M | Updating Geometry BVH TopMoss 30/61 | Building OptiX acceleration structure
01:09.661  render           | Fra: 1 | Mem: 189M | Updating Geometry BVH TopGrass 31/61 | Building BVH
01:09.661  render           | Fra: 1 | Mem: 189M | Updating Geometry BVH TopGrass 31/61 | Building OptiX acceleration structure
01:09.661  render           | Fra: 1 | Mem: 189M | Updating Geometry BVH TopGrassTall 32/61 | Building BVH
01:09.661  render           | Fra: 1 | Mem: 189M | Updating Geometry BVH TopGrassTall 32/61 | Building OptiX acceleration structure
01:09.661  render           | Fra: 1 | Mem: 189M | Updating Geometry BVH LipMoss 33/61 | Building BVH
01:09.661  render           | Fra: 1 | Mem: 189M | Updating Geometry BVH LipMoss 33/61 | Building OptiX acceleration structure
01:09.661  render           | Fra: 1 | Mem: 189M | Updating Geometry BVH Flowers 34/61 | Building BVH
01:09.661  render           | Fra: 1 | Mem: 189M | Updating Geometry BVH Flowers 34/61 | Building OptiX acceleration structure
01:09.661  render           | Fra: 1 | Mem: 189M | Updating Geometry BVH mesh1-geometry.003 35/61 | Building BVH
01:09.661  render           | Fra: 1 | Mem: 189M | Updating Geometry BVH mesh1-geometry.003 35/61 | Building OptiX acceleration structure
01:09.661  render           | Fra: 1 | Mem: 189M | Updating Geometry BVH modelShape.003 36/61 | Building BVH
01:09.661  render           | Fra: 1 | Mem: 189M | Updating Geometry BVH modelShape.003 36/61 | Building OptiX acceleration structure
01:09.662  render           | Fra: 1 | Mem: 189M | Updating Geometry BVH medium.001 37/61 | Building BVH
01:09.662  render           | Fra: 1 | Mem: 189M | Updating Geometry BVH medium.001 37/61 | Building OptiX acceleration structure
01:09.662  render           | Fra: 1 | Mem: 189M | Updating Geometry BVH Island 29/61 | Building BVH
01:09.662  render           | Fra: 1 | Mem: 189M | Updating Geometry BVH Island 29/61 | Building OptiX acceleration structure
01:09.663  render           | Fra: 1 | Mem: 190M | Updating Geometry BVH Sun 60/61 | Building BVH
01:09.663  render           | Fra: 1 | Mem: 190M | Updating Geometry BVH Sun 60/61 | Building OptiX acceleration structure
01:09.663  render           | Fra: 1 | Mem: 190M | Updating Geometry BVH mesh1-geometry.001 38/61 | Building BVH
01:09.663  render           | Fra: 1 | Mem: 190M | Updating Geometry BVH mesh1-geometry.001 38/61 | Building OptiX acceleration structure
01:09.663  render           | Fra: 1 | Mem: 190M | Updating Geometry BVH modelShape.001 39/61 | Building BVH
01:09.663  render           | Fra: 1 | Mem: 190M | Updating Geometry BVH modelShape.001 39/61 | Building OptiX acceleration structure
01:09.663  render           | Fra: 1 | Mem: 190M | Updating Geometry BVH NurbsPath.005 59/61 | Building BVH
01:09.663  render           | Fra: 1 | Mem: 190M | Updating Geometry BVH NurbsPath.005 59/61 | Building OptiX acceleration structure
01:09.664  render           | Fra: 1 | Mem: 190M | Updating Geometry BVH medium.002 40/61 | Building BVH
01:09.664  render           | Fra: 1 | Mem: 190M | Updating Geometry BVH medium.002 40/61 | Building OptiX acceleration structure
01:09.664  render           | Fra: 1 | Mem: 190M | Updating Geometry BVH mesh1-geometry.002 41/61 | Building BVH
01:09.664  render           | Fra: 1 | Mem: 190M | Updating Geometry BVH mesh1-geometry.002 41/61 | Building OptiX acceleration structure
01:09.664  render           | Fra: 1 | Mem: 191M | Updating Geometry BVH modelShape.002 42/61 | Building BVH
01:09.664  render           | Fra: 1 | Mem: 191M | Updating Geometry BVH modelShape.002 42/61 | Building OptiX acceleration structure
01:09.665  render           | Fra: 1 | Mem: 201M | Updating Geometry BVH medium.003 43/61 | Building BVH
01:09.665  render           | Fra: 1 | Mem: 201M | Updating Geometry BVH medium.003 43/61 | Building OptiX acceleration structure
01:09.666  render           | Fra: 1 | Mem: 202M | Updating Geometry BVH mesh1-geometry.004 44/61 | Building BVH
01:09.666  render           | Fra: 1 | Mem: 203M | Updating Geometry BVH mesh1-geometry.004 44/61 | Building OptiX acceleration structure
01:09.666  render           | Fra: 1 | Mem: 202M | Updating Geometry BVH modelShape.004 45/61 | Building BVH
01:09.666  render           | Fra: 1 | Mem: 202M | Updating Geometry BVH modelShape.004 45/61 | Building OptiX acceleration structure
01:09.666  render           | Fra: 1 | Mem: 202M | Updating Geometry BVH medium.004 46/61 | Building BVH
01:09.666  render           | Fra: 1 | Mem: 202M | Updating Geometry BVH medium.004 46/61 | Building OptiX acceleration structure
01:09.667  render           | Fra: 1 | Mem: 202M | Updating Geometry BVH mesh1-geometry.005 47/61 | Building BVH
01:09.667  render           | Fra: 1 | Mem: 202M | Updating Geometry BVH mesh1-geometry.005 47/61 | Building OptiX acceleration structure
01:09.667  render           | Fra: 1 | Mem: 202M | Updating Geometry BVH modelShape.005 48/61 | Building BVH
01:09.667  render           | Fra: 1 | Mem: 202M | Updating Geometry BVH modelShape.005 48/61 | Building OptiX acceleration structure
01:09.667  render           | Fra: 1 | Mem: 202M | Updating Geometry BVH medium.005 49/61 | Building BVH
01:09.667  render           | Fra: 1 | Mem: 202M | Updating Geometry BVH medium.005 49/61 | Building OptiX acceleration structure
01:09.668  render           | Fra: 1 | Mem: 203M | Updating Geometry BVH mesh1-geometry.006 50/61 | Building BVH
01:09.668  render           | Fra: 1 | Mem: 203M | Updating Geometry BVH mesh1-geometry.006 50/61 | Building OptiX acceleration structure
01:09.668  render           | Fra: 1 | Mem: 203M | Updating Geometry BVH modelShape.006 51/61 | Building BVH
01:09.668  render           | Fra: 1 | Mem: 203M | Updating Geometry BVH modelShape.006 51/61 | Building OptiX acceleration structure
01:09.669  render           | Fra: 1 | Mem: 203M | Updating Geometry BVH medium.006 52/61 | Building BVH
01:09.669  render           | Fra: 1 | Mem: 203M | Updating Geometry BVH medium.006 52/61 | Building OptiX acceleration structure
01:09.669  render           | Fra: 1 | Mem: 203M | Updating Geometry BVH mesh1-geometry.007 53/61 | Building BVH
01:09.669  render           | Fra: 1 | Mem: 203M | Updating Geometry BVH mesh1-geometry.007 53/61 | Building OptiX acceleration structure
01:09.669  render           | Fra: 1 | Mem: 204M | Updating Geometry BVH modelShape.007 54/61 | Building BVH
01:09.669  render           | Fra: 1 | Mem: 204M | Updating Geometry BVH modelShape.007 54/61 | Building OptiX acceleration structure
01:09.670  render           | Fra: 1 | Mem: 204M | Updating Geometry BVH medium.007 55/61 | Building BVH
01:09.670  render           | Fra: 1 | Mem: 204M | Updating Geometry BVH medium.007 55/61 | Building OptiX acceleration structure
01:09.670  render           | Fra: 1 | Mem: 204M | Updating Geometry BVH mesh1-geometry.008 56/61 | Building BVH
01:09.670  render           | Fra: 1 | Mem: 204M | Updating Geometry BVH mesh1-geometry.008 56/61 | Building OptiX acceleration structure
01:09.670  render           | Fra: 1 | Mem: 204M | Updating Geometry BVH modelShape.008 57/61 | Building BVH
01:09.670  render           | Fra: 1 | Mem: 204M | Updating Geometry BVH modelShape.008 57/61 | Building OptiX acceleration structure
01:09.672  render           | Fra: 1 | Mem: 206M | Updating Geometry BVH NurbsPath.007 58/61 | Building BVH
01:09.672  render           | Fra: 1 | Mem: 206M | Updating Geometry BVH NurbsPath.007 58/61 | Building OptiX acceleration structure
01:09.764  render           | Fra: 1 | Mem: 282M | Updating Scene BVH | Building
01:09.765  render           | Fra: 1 | Mem: 282M | Updating Scene BVH | Building OptiX acceleration structure
01:09.789  render           | Fra: 1 | Mem: 304M | Updating Scene BVH | Copying BVH to device
01:09.789  render           | Fra: 1 | Mem: 304M | Updating Mesh | Computing attributes
01:10.000  render           | Fra: 1 | Mem: 304M | Updating Mesh | Copying Attributes to device
01:10.044  render           | Fra: 1 | Mem: 628M | Updating Mesh | Computing normals
01:10.087  render           | Fra: 1 | Mem: 628M | Updating Mesh | Copying Mesh to device
01:10.110  render           | Fra: 1 | Mem: 690M | Updating Objects Flags
01:10.115  render           | Fra: 1 | Mem: 690M | Updating Primitive Offsets
01:10.118  render           | Fra: 1 | Mem: 691M | Updating Images
01:10.118  render           | Fra: 1 | Mem: 691M | Updating Images | Loading moss_01_rough_2k.exr
01:10.118  render           | Fra: 1 | Mem: 691M | Updating Images | Loading fir_sapling_medium_branches_disp_2k.png
01:10.118  render           | Fra: 1 | Mem: 691M | Updating Images | Loading kloofendal_overcast_puresky_4k.hdr
01:10.118  render           | Fra: 1 | Mem: 691M | Updating Images | Loading rock_moss_set_01_nor_gl_2k.exr
01:10.118  render           | Fra: 1 | Mem: 691M | Updating Images | Loading rock_moss_set_01_rough_2k.jpg
01:10.118  render           | Fra: 1 | Mem: 691M | Updating Images | Loading grass_medium_01_diff_2k.jpg
01:10.118  render           | Fra: 1 | Mem: 691M | Updating Images | Loading grass_medium_01_alpha_2k.png
01:10.118  render           | Fra: 1 | Mem: 691M | Updating Images | Loading flower_heliophila_rough_2k.exr
01:10.118  render           | Fra: 1 | Mem: 691M | Updating Images | Loading grass_medium_01_rough_2k.exr
01:10.118  render           | Fra: 1 | Mem: 691M | Updating Images | Loading moss_01_diff_2k.jpg
01:10.119  render           | Fra: 1 | Mem: 691M | Updating Images | Loading fir_sapling_medium_branches_rough_2k.png
01:10.120  render           | Fra: 1 | Mem: 691M | Updating Images | Loading flower_heliophila_diff_2k.jpg
01:10.121  render           | Fra: 1 | Mem: 691M | Updating Images | Loading fir_sapling_medium_twigs_alpha_2k.png
01:10.121  render           | Fra: 1 | Mem: 691M | Updating Images | Loading rock_moss_set_01_diff_2k.jpg
01:10.121  render           | Fra: 1 | Mem: 691M | Updating Images | Loading fir_sapling_medium_branches_diff_2k.png
01:10.133  render           | Fra: 1 | Mem: 691M | Updating Images | Loading fir_sapling_medium_twigs_mask_2k.png
01:10.160  render           | Fra: 1 | Mem: 691M | Updating Images | Loading fir_sapling_medium_twigs_rough_2k.png
01:10.168  render           | Fra: 1 | Mem: 691M | Updating Images | Loading moss_01_alpha_2k.png
01:10.830  render           | Fra: 1 | Mem: 1299M | Updating Volume
01:10.832  render           | Fra: 1 | Mem: 1299M | Updating Camera Volume
01:10.832  render           | Fra: 1 | Mem: 1299M | Updating Lookup Tables
01:10.832  render           | Fra: 1 | Mem: 1299M | Updating Lights
01:10.843  render           | Fra: 1 | Mem: 1299M | Updating Lights | Importance map
01:11.184  render           | Fra: 1 | Mem: 1363M | Updating Lights | Computing tree
01:11.202  render           | Fra: 1 | Mem: 1364M | Updating Integrator
01:11.202  render           | Fra: 1 | Mem: 1364M | Updating Film
01:11.202  render           | Fra: 1 | Mem: 1364M | Updating Lookup Tables
01:11.202  render           | Fra: 1 | Mem: 1364M | Updating Baking
01:11.207  render           | Fra: 1 | Mem: 1364M | Updating Device | Writing constant memory
01:11.208  render           | Fra: 1 | Mem: 1364M | Loading denoising kernels (may take a few minutes the first time)
01:11.226  render           | Fra: 1 | Mem: 1842M | Rendered 0/4 Tiles, Sample 0/128
01:11.321  render           | Fra: 1 | Remaining: 00:23.93 | Mem: 2179M | Rendered 0/4 Tiles, Sample 1/128
01:14.943  render           | Fra: 1 | Remaining: 00:08.04 | Mem: 2179M | Rendered 0/4 Tiles, Sample 80/128
01:15.563  render           | Fra: 1 | Remaining: 00:07.09 | Mem: 2179M | Rendered 0/4 Tiles, Sample 96/128
01:16.148  render           | Fra: 1 | Remaining: 00:06.20 | Mem: 2179M | Rendered 0/4 Tiles, Sample 112/128
01:17.180  render           | Fra: 1 | Remaining: 00:05.82 | Mem: 2179M | Rendered 0/4 Tiles, Sample 128/128
01:17.180  render           | Fra: 1 | Remaining: 00:05.82 | Mem: 2179M | Rendered 1/4 Tiles, Sample 128/128
01:17.202  render           | Fra: 1 | Remaining: 00:05.83 | Mem: 1861M | Rendered 1/4 Tiles, Sample 1/128
01:17.410  render           | Fra: 1 | Remaining: 00:05.64 | Mem: 1861M | Rendered 1/4 Tiles, Sample 80/128
01:17.451  render           | Fra: 1 | Remaining: 00:05.60 | Mem: 1861M | Rendered 1/4 Tiles, Sample 96/128
01:17.490  render           | Fra: 1 | Remaining: 00:05.55 | Mem: 1861M | Rendered 1/4 Tiles, Sample 112/128
01:17.597  render           | Fra: 1 | Remaining: 00:05.57 | Mem: 1861M | Rendered 1/4 Tiles, Sample 128/128
01:17.597  render           | Fra: 1 | Remaining: 00:05.57 | Mem: 1861M | Rendered 2/4 Tiles, Sample 128/128
01:17.608  render           | Fra: 1 | Remaining: 00:05.50 | Mem: 2137M | Rendered 2/4 Tiles, Sample 1/128
01:18.301  render           | Fra: 1 | Remaining: 00:01.66 | Mem: 2137M | Rendered 2/4 Tiles, Sample 80/128
01:18.366  render           | Fra: 1 | Remaining: 00:01.11 | Mem: 2137M | Rendered 2/4 Tiles, Sample 96/128
01:18.425  render           | Fra: 1 | Remaining: 00:00.62 | Mem: 2137M | Rendered 2/4 Tiles, Sample 112/128
01:18.771  render           | Fra: 1 | Remaining: 00:00.18 | Mem: 2137M | Rendered 2/4 Tiles, Sample 128/128
01:18.771  render           | Fra: 1 | Remaining: 00:00.18 | Mem: 2137M | Rendered 3/4 Tiles, Sample 128/128
01:18.788  render           | Fra: 1 | Remaining: 00:00.18 | Mem: 1859M | Rendered 3/4 Tiles, Sample 1/128
01:18.808  render           | Fra: 1 | Remaining: 00:00.06 | Mem: 1859M | Rendered 3/4 Tiles, Sample 80/128
01:18.857  render           | Fra: 1 | Remaining: 00:00.06 | Mem: 1859M | Rendered 3/4 Tiles, Sample 0/128
01:18.858  render           | Fra: 1 | Remaining: 00:00.06 | Mem: 1859M | Finished
Render statistics:
Mesh statistics:
  Geometry:
    Total memory: 66.48M (69,712,588)
        Island                           41.01M (42,997,861)
        NurbsPath.007                    11.11M (11,645,883)
        NurbsPath.005                    6.82M (7,154,075)
        Grid                             2.12M (2,228,309)
        Plane.5143                       539.82K (552,772)
        Plane.2197                       292.15K (299,166)
        modelShape.002                   274.81K (281,401)
        modelShape.008                   274.81K (281,401)
        modelShape.003                   274.81K (281,401)
        modelShape.001                   274.81K (281,401)
        modelShape.004                   274.81K (281,401)
        modelShape.007                   274.81K (281,401)
        modelShape.006                   274.81K (281,401)
        modelShape.005                   274.81K (281,401)
        medium.007                       175.88K (180,098)
        medium.004                       175.88K (180,098)
        medium.006                       175.88K (180,098)
        medium.005                       175.88K (180,098)
        medium.001                       175.88K (180,098)
        medium.002                       175.88K (180,098)
        medium.003                       175.88K (180,098)
        mesh1-geometry.001               149.40K (152,983)
        mesh1-geometry.005               149.40K (152,983)
        mesh1-geometry.003               149.40K (152,983)
        mesh1-geometry.006               149.40K (152,983)
        mesh1-geometry.002               149.40K (152,983)
        mesh1-geometry.008               149.40K (152,983)
        mesh1-geometry.007               149.40K (152,983)
        mesh1-geometry.004               149.40K (152,983)
        Plane.048                        24.42K (25,007)
        Plane.039                        20.95K (21,454)
        Plane.037                        13.91K (14,246)
        Plane.047                        10.92K (11,186)
        Plane.045                        5.73K (5,865)
        Plane.042                        5.23K (5,355)
        Plane.043                        4.90K (5,015)
        Plane.055                        1.39K (1,428)
        Plane.058                        1.11K (1,139)
        Plane.059                        1.08K (1,105)
        Plane.054                        765B (765)
        Plane.057                        629B (629)
        Plane.056                        561B (561)
        Plane.035                        493B (493)
        Plane.040                        493B (493)
        Plane.003                        493B (493)
        Plane.009                        493B (493)
        Plane.006                        425B (425)
        Plane.005                        425B (425)
        Plane.008                        357B (357)
        Plane.004                        357B (357)
        Plane.007                        357B (357)
        Plane.032                        221B (221)
        Plane.011                        187B (187)
        Plane.010                        187B (187)
        TopGrassTall                     85B (85)
        Flowers                          85B (85)
        LipMoss                          85B (85)
        TopGrass                         85B (85)
        TopMoss                          85B (85)
        backgroundlight                  50B (50)
        Sun                              46B (46)
Image statistics:
  Full Images:
    kloofendal_overcast_puresky_4k.hdr 128.00M (134,217,728)
    fir_sapling_medium_branches_nor_gl_2k.png 32.00M (33,554,432)
    fir_sapling_medium_twigs_mask_2k.png 32.00M (33,554,432)
    fir_sapling_medium_branches_diff_2k.png 32.00M (33,554,432)
    fir_sapling_medium_twigs_alpha_2k.png 32.00M (33,554,432)
    fir_sapling_medium_twigs_diff_2k.png 32.00M (33,554,432)
    fir_sapling_medium_twigs_nor_gl_2k.png 32.00M (33,554,432)
    rock_moss_set_01_nor_gl_2k.exr   32.00M (33,554,432)
    grass_medium_01_nor_gl_2k.exr    32.00M (33,554,432)
    moss_01_nor_gl_2k.01:18.931  render           | Fra: 1 | Remaining: 00:00.07 | Mem: 1353M | Reading full buffer from disk
exr            32.00M (33,554,432)
    flower_heliophila_nor_gl_2k.exr  32.00M (33,554,432)
    cliff_side_Diffuse_2k.jpg        16.00M (16,777,216)
    lichen_rock_Diffuse_2k.jpg       16.00M (16,777,216)
    aerial_rocks_02_Diffuse_2k.jpg   16.00M (16,777,216)
    lichen_rock_Rough_2k.jpg         16.00M (16,777,216)
    rock_moss_set_01_diff_2k.jpg     16.00M (16,777,216)
    forest_ground_04_nor_gl_2k.jpg   16.00M (16,777,216)
    flower_heliophila_diff_2k.jpg    16.00M (16,777,216)
    lichen_rock_Displacement_2k.jpg  16.00M (16,777,216)
    moss_01_diff_2k.jpg              16.00M (16,777,216)
    forest_ground_04_Diffuse_2k.jpg  16.00M (16,777,216)
    cliff_side_nor_gl_2k.jpg         16.00M (16,777,216)
    lichen_rock_nor_gl_2k.jpg        16.00M (16,777,216)
    grass_medium_01_diff_2k.jpg      16.00M (16,777,216)
    rock_moss_set_01_rough_2k.jpg    16.00M (16,777,216)
    fir_sapling_medium_branches_rough_2k.png 8.00M (8,388,608)
    fir_sapling_medium_branches_disp_2k.png 8.00M (8,388,608)
    grass_medium_01_rough_2k.exr     8.00M (8,388,608)
    flower_heliophila_translucency_2k.png 8.00M (8,388,608)
    flower_heliophila_rough_2k.exr   8.00M (8,388,608)
    grass_medium_01_alpha_2k.png     8.00M (8,388,608)
    flower_heliophila_alpha_2k.png   8.00M (8,388,608)
    fir_sapling_medium_twigs_rough_2k.png 8.00M (8,388,608)
    moss_01_alpha_2k.png             8.00M (8,388,608)
    moss_01_rough_2k.exr             8.00M (8,388,608)
    cliff_side_Displacement_2k.jpg   4.00M (4,194,304)
  Full image memory: 756.00M (792,723,456)
  Overhead image memory: 3.94K (4,032)
  Total image memory: 756.00M (792,727,488)
Profiling information not available (only works with CPU rendering)
01:19.551  render           | Fra: 1 | Remaining: 00:00.07 | Mem: 1353M | ViewLayer | Denoising
01:49.711  render           | Fra: 1 | Remaining: 00:00.35 | Mem: 2334M | ViewLayer | Finishing
01:50.148  render           | Fra: 1 | Remaining: 00:00.35 | Mem: 1353M | Reading full buffer from disk
01:50.569  render           | Fra: 1 | Remaining: 00:00.36 | Mem: 1353M | haze | Denoising
02:15.034  render           | Fra: 1 | Remaining: 00:00.58 | Mem: 2018M | haze | Finishing
02:16.092  render           | Executing compositor
02:16.092  render           | Fra: 1 | Compositing
02:17.238  render           | Saved: '/home/akamel/hero3d/out/still-223/p1c2c/tall-s0-f0.png'
02:17.248  render           | Time: 01:41.44 (Saving: 00:00.88)
still: wrote /home/akamel/hero3d/out/still-223/p1c2c/tall-s0-f0.png 2160x3840
02:17.253  render           | Rendering frame 1
02:17.303  render           | Start rendering: Scene, ViewLayer
02:17.303  render           | Engine: Cycles
02:20.800  render           | Fra: 1 | Mem: 1M | Synchronizing object | ValleyMist
02:23.994  render           | Fra: 1 | Mem: 1M | Synchronizing object | Island
02:23.998  render           | Fra: 1 | Mem: 1M | Synchronizing object | moss_01_d_LOD0
02:23.998  render           | Fra: 1 | Mem: 1M | Synchronizing object | TopMoss
02:23.998  render           | Fra: 1 | Mem: 1M | Synchronizing object | moss_01_h_LOD0
02:23.998  render           | Fra: 1 | Mem: 1M | Synchronizing object | moss_01_i_LOD0
02:23.998  render           | Fra: 1 | Mem: 1M | Synchronizing object | moss_01_e_LOD0
02:23.998  render           | Fra: 1 | Mem: 1M | Synchronizing object | moss_01_tall_a_LOD0
02:23.998  render           | Fra: 1 | Mem: 1M | Synchronizing object | moss_01_a_LOD0
02:23.998  render           | Fra: 1 | Mem: 1M | Synchronizing object | moss_01_f_LOD0
02:23.998  render           | Fra: 1 | Mem: 1M | Synchronizing object | moss_01_tall_b_LOD0
02:23.998  render           | Fra: 1 | Mem: 1M | Synchronizing object | moss_01_b_LOD0
02:23.998  render           | Fra: 1 | Mem: 1M | Synchronizing object | moss_01_g_LOD0
02:23.998  render           | Fra: 1 | Mem: 1M | Synchronizing object | moss_01_c_LOD0
02:23.998  render           | Fra: 1 | Mem: 1M | Synchronizing object | moss_01_j_LOD0
02:24.085  render           | Fra: 1 | Mem: 1M | Synchronizing object | grass_medium_01_tiny_e_LOD0
02:24.085  render           | Fra: 1 | Mem: 1M | Synchronizing object | TopGrass
02:24.085  render           | Fra: 1 | Mem: 1M | Synchronizing object | grass_medium_01_tiny_f_LOD0
02:24.085  render           | Fra: 1 | Mem: 1M | Synchronizing object | grass_medium_01_small_a_LOD0
02:24.085  render           | Fra: 1 | Mem: 1M | Synchronizing object | grass_medium_01_mid_c_LOD0
02:24.085  render           | Fra: 1 | Mem: 1M | Synchronizing object | grass_medium_01_mid_b_LOD0
02:24.085  render           | Fra: 1 | Mem: 1M | Synchronizing object | grass_medium_01_tiny_d_LOD0
02:24.085  render           | Fra: 1 | Mem: 1M | Synchronizing object | grass_medium_01_tiny_a_LOD0
02:24.085  render           | Fra: 1 | Mem: 1M | Synchronizing object | grass_medium_01_small_b_LOD0
02:24.085  render           | Fra: 1 | Mem: 1M | Synchronizing object | grass_medium_01_tiny_c_LOD0
02:24.085  render           | Fra: 1 | Mem: 1M | Synchronizing object | grass_medium_01_tiny_b_LOD0
02:24.087  render           | Fra: 1 | Mem: 1M | Synchronizing object | grass_medium_01_tall_a_LOD0
02:24.087  render           | Fra: 1 | Mem: 1M | Synchronizing object | grass_medium_01_tall_b_LOD0
02:24.087  render           | Fra: 1 | Mem: 1M | Synchronizing object | grass_medium_01_tall_c_LOD0
02:24.087  render           | Fra: 1 | Mem: 1M | Synchronizing object | TopGrassTall
02:24.092  render           | Fra: 1 | Mem: 1M | Synchronizing object | LipMoss
02:24.214  render           | Fra: 1 | Mem: 1M | Synchronizing object | flower_heliophila_medium_LOD0
02:24.214  render           | Fra: 1 | Mem: 1M | Synchronizing object | Flowers
02:24.215  render           | Fra: 1 | Mem: 1M | Synchronizing object | flower_heliophila_small_LOD0
02:24.216  render           | Fra: 1 | Mem: 1M | Synchronizing object | Terrain
02:24.217  render           | Fra: 1 | Mem: 1M | Synchronizing object | rock_moss_set_01_rock06.001
02:24.217  render           | Fra: 1 | Mem: 1M | Synchronizing object | rock_moss_set_01_rock05.007
02:24.217  render           | Fra: 1 | Mem: 1M | Synchronizing object | fir_sapling_medium_a_LOD0.001
02:24.217  render           | Fra: 1 | Mem: 1M | Synchronizing object | fir_sapling_medium_b_LOD0.001
02:24.217  render           | Fra: 1 | Mem: 1M | Synchronizing object | Sun
02:24.230  render           | Fra: 1 | Mem: 1M | Initializing
02:24.290  render           | Fra: 1 | Mem: 1M | Waiting for render to start
02:24.290  render           | Fra: 1 | Mem: 1M | Updating Scene
02:24.290  render           | Fra: 1 | Mem: 1M | Updating Shaders
02:24.294  render           | Fra: 1 | Mem: 1M | Loading render kernels (may take a few minutes the first time)
02:24.347  render           | Fra: 1 | Mem: 1M | Updating Procedurals
Update statistics:
Scene:
    Total time: 0.052539s
        device_update                            0.052539s
Geometry:
    Total time: 0.000000s
Light:
    Total time: 0.000000s
Object:
    Total time: 0.000000s
Image:
    Total time: 0.000000s
Background:
    Total time: 0.000000s
Bake:
    Total time: 0.000000s
Camera:
    Total time: 0.000000s
Film:
    Total time: 0.000000s
Integrator:
    Total time: 0.000000s
OSL:
    Total time: 0.000000s
Particles:
    Total time: 0.000000s
SVM:
    Total time: 0.000000s
Tables:
    Total time: 0.000000s
Procedurals:
    Total time: 0.000000s

02:24.347  render           | Fra: 1 | Mem: 1M | Updating Background
02:24.347  render           | Fra: 1 | Mem: 1M | Updating Scene Attribute
02:24.347  render           | Fra: 1 | Mem: 1M | Updating Camera
02:24.347  render           | Fra: 1 | Mem: 1M | Updating Meshes Flags
02:24.347  render           | Fra: 1 | Mem: 1M | Updating Objects
02:24.349  render           | Fra: 1 | Mem: 1M | Updating Objects | Copying Transformations to device
02:24.354  render           | Fra: 1 | Mem: 37M | Updating Particle Systems
02:24.354  render           | Fra: 1 | Mem: 37M | Updating Particle Systems | Copying Particles to device
02:24.355  render           | Fra: 1 | Mem: 37M | Updating Meshes
02:24.470  render           | Fra: 1 | Mem: 37M | Updating Displacement Images
02:24.470  render           | Fra: 1 | Mem: 37M | Updating Images | Loading lichen_rock_Displacement_2k.jpg
02:24.470  render           | Fra: 1 | Mem: 37M | Updating Images | Loading cliff_side_Diffuse_2k.jpg
02:24.470  render           | Fra: 1 | Mem: 37M | Updating Images | Loading cliff_side_nor_gl_2k.jpg
02:24.470  render           | Fra: 1 | Mem: 37M | Updating Images | Loading cliff_side_Displacement_2k.jpg
02:24.470  render           | Fra: 1 | Mem: 37M | Updating Images | Loading forest_ground_04_Diffuse_2k.jpg
02:24.470  render           | Fra: 1 | Mem: 37M | Updating Images | Loading lichen_rock_Rough_2k.jpg
02:24.470  render           | Fra: 1 | Mem: 37M | Updating Images | Loading aerial_rocks_02_Diffuse_2k.jpg
02:24.538  render           | Fra: 1 | Mem: 185M | Updating Mesh | Computing normals
02:24.556  render           | Fra: 1 | Mem: 185M | Updating Mesh | Copying Mesh to device
02:24.563  render           | Fra: 1 | Mem: 248M | Updating Objects | Applying Static Transformations
02:24.570  render           | Fra: 1 | Mem: 248M | Updating Mesh | Computing attributes
02:24.622  render           | Fra: 1 | Mem: 248M | Updating Mesh | Copying Attributes to device
02:24.644  render           | Fra: 1 | Mem: 423M | Updating Mesh | Computing Displacement Island
02:25.059  render           | Fra: 1 | Mem: 423M | Updating Mesh | Computing Displacement mesh1-geometry.001
02:25.065  render           | Fra: 1 | Mem: 423M | Updating Mesh | Computing Displacement modelShape.001
02:25.070  render           | Fra: 1 | Mem: 423M | Updating Mesh | Computing Displacement medium.002
02:25.074  render           | Fra: 1 | Mem: 423M | Updating Mesh | Computing Displacement mesh1-geometry.002
02:25.079  render           | Fra: 1 | Mem: 423M | Updating Mesh | Computing Displacement modelShape.002
02:25.084  render           | Fra: 1 | Mem: 423M | Updating Mesh | Computing Displacement medium.003
02:25.089  render           | Fra: 1 | Mem: 423M | Updating Mesh | Computing Displacement mesh1-geometry.004
02:25.095  render           | Fra: 1 | Mem: 423M | Updating Mesh | Computing Displacement modelShape.004
02:25.099  render           | Fra: 1 | Mem: 423M | Updating Mesh | Computing Displacement medium.004
02:25.103  render           | Fra: 1 | Mem: 423M | Updating Mesh | Computing Displacement mesh1-geometry.005
02:25.109  render           | Fra: 1 | Mem: 423M | Updating Mesh | Computing Displacement modelShape.005
02:25.113  render           | Fra: 1 | Mem: 423M | Updating Mesh | Computing Displacement medium.005
02:25.117  render           | Fra: 1 | Mem: 423M | Updating Mesh | Computing Displacement mesh1-geometry.006
02:25.124  render           | Fra: 1 | Mem: 423M | Updating Mesh | Computing Displacement modelShape.006
02:25.129  render           | Fra: 1 | Mem: 423M | Updating Mesh | Computing Displacement medium.006
02:25.133  render           | Fra: 1 | Mem: 423M | Updating Mesh | Computing Displacement mesh1-geometry.007
02:25.138  render           | Fra: 1 | Mem: 423M | Updating Mesh | Computing Displacement modelShape.007
02:25.142  render           | Fra: 1 | Mem: 423M | Updating Mesh | Computing Displacement medium.007
02:25.146  render           | Fra: 1 | Mem: 423M | Updating Mesh | Computing Displacement mesh1-geometry.008
02:25.151  render           | Fra: 1 | Mem: 423M | Updating Mesh | Computing Displacement modelShape.008
02:25.163  render           | Fra: 1 | Mem: 185M | Updating Geometry BVH backgroundlight 63/62 | Building BVH
02:25.163  render           | Fra: 1 | Mem: 185M | Updating Geometry BVH TopMoss 4/62 | Building BVH
02:25.163  render           | Fra: 1 | Mem: 185M | Updating Geometry BVH Plane.040 12/62 | Building BVH
02:25.163  render           | Fra: 1 | Mem: 185M | Updating Geometry BVH Plane.059 19/62 | Building BVH
02:25.163  render           | Fra: 1 | Mem: 185M | Updating Geometry BVH Plane.037 20/62 | Building BVH
02:25.163  render           | Fra: 1 | Mem: 185M | Updating Geometry BVH Plane.048 21/62 | Building OptiX acceleration structure
02:25.163  render           | Fra: 1 | Mem: 185M | Updating Geometry BVH Plane.039 22/62 | Building OptiX acceleration structure
02:25.163  render           | Fra: 1 | Mem: 185M | Updating Geometry BVH Plane.057 23/62 | Building BVH
02:25.163  render           | Fra: 1 | Mem: 185M | Updating Geometry BVH Plane.057 23/62 | Building OptiX acceleration structure
02:25.163  render           | Fra: 1 | Mem: 185M | Updating Geometry BVH Plane.055 24/62 | Building BVH
02:25.163  render           | Fra: 1 | Mem: 185M | Updating Geometry BVH Plane.047 25/62 | Building OptiX acceleration structure
02:25.163  render           | Fra: 1 | Mem: 185M | Updating Geometry BVH Plane.056 27/62 | Building BVH
02:25.163  render           | Fra: 1 | Mem: 185M | Updating Geometry BVH Plane.056 27/62 | Building OptiX acceleration structure
02:25.163  render           | Fra: 1 | Mem: 185M | Updating Geometry BVH TopGrassTall 28/62 | Building BVH
02:25.163  render           | Fra: 1 | Mem: 185M | Updating Geometry BVH TopGrassTall 28/62 | Building OptiX acceleration structure
02:25.163  render           | Fra: 1 | Mem: 185M | Updating Geometry BVH Plane.043 29/62 | Building BVH
02:25.163  render           | Fra: 1 | Mem: 185M | Updating Geometry BVH Plane.043 29/62 | Building OptiX acceleration structure
02:25.163  render           | Fra: 1 | Mem: 185M | Updating Geometry BVH Plane.042 30/62 | Building BVH
02:25.163  render           | Fra: 1 | Mem: 185M | Updating Geometry BVH Plane.042 30/62 | Building OptiX acceleration structure
02:25.163  render           | Fra: 1 | Mem: 185M | Updating Geometry BVH Grid 62/62 | Building BVH
02:25.163  render           | Fra: 1 | Mem: 185M | Updating Geometry BVH Grid 62/62 | Building OptiX acceleration structure
02:25.163  render           | Fra: 1 | Mem: 185M | Updating Geometry BVH Plane.045 31/62 | Building BVH
02:25.163  render           | Fra: 1 | Mem: 185M | Updating Geometry BVH Plane.045 31/62 | Building OptiX acceleration structure
02:25.165  render           | Fra: 1 | Mem: 185M | Updating Geometry BVH Island 3/62 | Building BVH
02:25.165  render           | Fra: 1 | Mem: 185M | Updating Geometry BVH Island 3/62 | Building OptiX acceleration structure
02:25.176  render           | Fra: 1 | Mem: 188M | Updating Geometry BVH LipMoss 32/62 | Building BVH
02:25.176  render           | Fra: 1 | Mem: 188M | Updating Geometry BVH LipMoss 32/62 | Building OptiX acceleration structure
02:25.176  render           | Fra: 1 | Mem: 188M | Updating Geometry BVH Flowers 33/62 | Building BVH
02:25.176  render           | Fra: 1 | Mem: 188M | Updating Geometry BVH Flowers 33/62 | Building OptiX acceleration structure
02:25.176  render           | Fra: 1 | Mem: 188M | Updating Geometry BVH Plane.5143 34/62 | Building BVH
02:25.176  render           | Fra: 1 | Mem: 188M | Updating Geometry BVH Plane.5143 34/62 | Building OptiX acceleration structure
02:25.183  render           | Fra: 1 | Mem: 232M | Updating Geometry BVH Plane.2197 35/62 | Building BVH
02:25.183  render           | Fra: 1 | Mem: 232M | Updating Geometry BVH Plane.2197 35/62 | Building OptiX acceleration structure
02:25.186  render           | Fra: 1 | Mem: 232M | Updating Geometry BVH mesh1-geometry.003 36/62 | Building BVH
02:25.186  render           | Fra: 1 | Mem: 232M | Updating Geometry BVH mesh1-geometry.003 36/62 | Building OptiX acceleration structure
02:25.187  render           | Fra: 1 | Mem: 232M | Updating Geometry BVH modelShape.003 37/62 | Building BVH
02:25.187  render           | Fra: 1 | Mem: 232M | Updating Geometry BVH modelShape.003 37/62 | Building OptiX acceleration structure
02:25.188  render           | Fra: 1 | Mem: 233M | Updating Geometry BVH medium.001 38/62 | Building BVH
02:25.188  render           | Fra: 1 | Mem: 233M | Updating Geometry BVH medium.001 38/62 | Building OptiX acceleration structure
02:25.190  render           | Fra: 1 | Mem: 233M | Updating Geometry BVH mesh1-geometry.001 39/62 | Building BVH
02:25.190  render           | Fra: 1 | Mem: 233M | Updating Geometry BVH mesh1-geometry.001 39/62 | Building OptiX acceleration structure
02:25.191  render           | Fra: 1 | Mem: 233M | Updating Geometry BVH modelShape.001 40/62 | Building BVH
02:25.191  render           | Fra: 1 | Mem: 233M | Updating Geometry BVH modelShape.001 40/62 | Building OptiX acceleration structure
02:25.193  render           | Fra: 1 | Mem: 233M | Updating Geometry BVH medium.002 41/62 | Building BVH
02:25.193  render           | Fra: 1 | Mem: 233M | Updating Geometry BVH medium.002 41/62 | Building OptiX acceleration structure
02:25.194  render           | Fra: 1 | Mem: 233M | Updating Geometry BVH mesh1-geometry.002 42/62 | Building BVH
02:25.194  render           | Fra: 1 | Mem: 233M | Updating Geometry BVH mesh1-geometry.002 42/62 | Building OptiX acceleration structure
02:25.195  render           | Fra: 1 | Mem: 234M | Updating Geometry BVH modelShape.002 43/62 | Building BVH
02:25.195  render           | Fra: 1 | Mem: 234M | Updating Geometry BVH modelShape.002 43/62 | Building OptiX acceleration structure
02:25.197  render           | Fra: 1 | Mem: 235M | Updating Geometry BVH Sun 61/62 | Building BVH
02:25.197  render           | Fra: 1 | Mem: 235M | Updating Geometry BVH Sun 61/62 | Building OptiX acceleration structure
02:25.198  render           | Fra: 1 | Mem: 235M | Updating Geometry BVH NurbsPath.005 60/62 | Building BVH
02:25.198  render           | Fra: 1 | Mem: 235M | Updating Geometry BVH NurbsPath.005 60/62 | Building OptiX acceleration structure
02:25.199  render           | Fra: 1 | Mem: 235M | Updating Geometry BVH medium.003 44/62 | Building BVH
02:25.199  render           | Fra: 1 | Mem: 235M | Updating Geometry BVH medium.003 44/62 | Building OptiX acceleration structure
02:25.200  render           | Fra: 1 | Mem: 235M | Updating Geometry BVH mesh1-geometry.004 45/62 | Building BVH
02:25.200  render           | Fra: 1 | Mem: 235M | Updating Geometry BVH mesh1-geometry.004 45/62 | Building OptiX acceleration structure
02:25.203  render           | Fra: 1 | Mem: 245M | Updating Geometry BVH modelShape.004 46/62 | Building BVH
02:25.203  render           | Fra: 1 | Mem: 245M | Updating Geometry BVH modelShape.004 46/62 | Building OptiX acceleration structure
02:25.205  render           | Fra: 1 | Mem: 245M | Updating Geometry BVH medium.004 47/62 | Building BVH
02:25.205  render           | Fra: 1 | Mem: 245M | Updating Geometry BVH medium.004 47/62 | Building OptiX acceleration structure
02:25.206  render           | Fra: 1 | Mem: 246M | Updating Geometry BVH mesh1-geometry.005 48/62 | Building BVH
02:25.206  render           | Fra: 1 | Mem: 246M | Updating Geometry BVH mesh1-geometry.005 48/62 | Building OptiX acceleration structure
02:25.208  render           | Fra: 1 | Mem: 246M | Updating Geometry BVH modelShape.005 49/62 | Building BVH
02:25.208  render           | Fra: 1 | Mem: 246M | Updating Geometry BVH modelShape.005 49/62 | Building OptiX acceleration structure
02:25.220  render           | Fra: 1 | Mem: 257M | Updating Geometry BVH medium.005 50/62 | Building BVH
02:25.220  render           | Fra: 1 | Mem: 257M | Updating Geometry BVH medium.005 50/62 | Building OptiX acceleration structure
02:25.222  render           | Fra: 1 | Mem: 258M | Updating Geometry BVH mesh1-geometry.006 51/62 | Building BVH
02:25.222  render           | Fra: 1 | Mem: 258M | Updating Geometry BVH mesh1-geometry.006 51/62 | Building OptiX acceleration structure
02:25.224  render           | Fra: 1 | Mem: 258M | Updating Geometry BVH modelShape.006 52/62 | Building BVH
02:25.224  render           | Fra: 1 | Mem: 258M | Updating Geometry BVH modelShape.006 52/62 | Building OptiX acceleration structure
02:25.226  render           | Fra: 1 | Mem: 258M | Updating Geometry BVH medium.006 53/62 | Building BVH
02:25.226  render           | Fra: 1 | Mem: 258M | Updating Geometry BVH medium.006 53/62 | Building OptiX acceleration structure
02:25.227  render           | Fra: 1 | Mem: 258M | Updating Geometry BVH mesh1-geometry.007 54/62 | Building BVH
02:25.227  render           | Fra: 1 | Mem: 258M | Updating Geometry BVH mesh1-geometry.007 54/62 | Building OptiX acceleration structure
02:25.229  render           | Fra: 1 | Mem: 258M | Updating Geometry BVH modelShape.007 55/62 | Building BVH
02:25.229  render           | Fra: 1 | Mem: 258M | Updating Geometry BVH modelShape.007 55/62 | Building OptiX acceleration structure
02:25.231  render           | Fra: 1 | Mem: 259M | Updating Geometry BVH medium.007 56/62 | Building BVH
02:25.231  render           | Fra: 1 | Mem: 259M | Updating Geometry BVH medium.007 56/62 | Building OptiX acceleration structure
02:25.232  render           | Fra: 1 | Mem: 259M | Updating Geometry BVH mesh1-geometry.008 57/62 | Building BVH
02:25.232  render           | Fra: 1 | Mem: 259M | Updating Geometry BVH mesh1-geometry.008 57/62 | Building OptiX acceleration structure
02:25.234  render           | Fra: 1 | Mem: 259M | Updating Geometry BVH modelShape.008 58/62 | Building BVH
02:25.234  render           | Fra: 1 | Mem: 259M | Updating Geometry BVH modelShape.008 58/62 | Building OptiX acceleration structure
02:25.236  render           | Fra: 1 | Mem: 259M | Updating Geometry BVH NurbsPath.007 59/62 | Building BVH
02:25.236  render           | Fra: 1 | Mem: 259M | Updating Geometry BVH NurbsPath.007 59/62 | Building OptiX acceleration structure
02:25.263  render           | Fra: 1 | Mem: 282M | Updating Scene BVH | Building
02:25.263  render           | Fra: 1 | Mem: 282M | Updating Scene BVH | Building OptiX acceleration structure
02:25.274  render           | Fra: 1 | Mem: 304M | Updating Scene BVH | Copying BVH to device
02:25.274  render           | Fra: 1 | Mem: 304M | Updating Mesh | Computing attributes
02:25.374  render           | Fra: 1 | Mem: 304M | Updating Mesh | Copying Attributes to device
02:25.406  render           | Fra: 1 | Mem: 628M | Updating Mesh | Computing normals
02:25.433  render           | Fra: 1 | Mem: 628M | Updating Mesh | Copying Mesh to device
02:25.441  render           | Fra: 1 | Mem: 690M | Updating Objects Flags
02:25.449  render           | Fra: 1 | Mem: 690M | Updating Primitive Offsets
02:25.451  render           | Fra: 1 | Mem: 691M | Updating Images
02:25.451  render           | Fra: 1 | Mem: 691M | Updating Images | Loading fir_sapling_medium_twigs_rough_2k.png
02:25.451  render           | Fra: 1 | Mem: 691M | Updating Images | Loading fir_sapling_medium_branches_disp_2k.png
02:25.451  render           | Fra: 1 | Mem: 691M | Updating Images | Loading moss_01_nor_gl_2k.exr
02:25.451  render           | Fra: 1 | Mem: 691M | Updating Images | Loading flower_heliophila_nor_gl_2k.exr
02:25.451  render           | Fra: 1 | Mem: 691M | Updating Images | Loading fir_sapling_medium_twigs_nor_gl_2k.png
02:25.451  render           | Fra: 1 | Mem: 691M | Updating Images | Loading fir_sapling_medium_branches_nor_gl_2k.png
02:25.451  render           | Fra: 1 | Mem: 691M | Updating Images | Loading fir_sapling_medium_branches_rough_2k.png
02:25.451  render           | Fra: 1 | Mem: 691M | Updating Images | Loading fir_sapling_medium_branches_diff_2k.png
02:25.451  render           | Fra: 1 | Mem: 691M | Updating Images | Loading rock_moss_set_01_rough_2k.jpg
02:25.451  render           | Fra: 1 | Mem: 691M | Updating Images | Loading grass_medium_01_alpha_2k.png
02:25.451  render           | Fra: 1 | Mem: 691M | Updating Images | Loading grass_medium_01_rough_2k.exr
02:25.451  render           | Fra: 1 | Mem: 691M | Updating Images | Loading rock_moss_set_01_diff_2k.jpg
02:25.451  render           | Fra: 1 | Mem: 691M | Updating Images | Loading fir_sapling_medium_twigs_alpha_2k.png
02:25.451  render           | Fra: 1 | Mem: 691M | Updating Images | Loading moss_01_alpha_2k.png
02:25.451  render           | Fra: 1 | Mem: 691M | Updating Images | Loading flower_heliophila_diff_2k.jpg
02:25.451  render           | Fra: 1 | Mem: 691M | Updating Images | Loading flower_heliophila_translucency_2k.png
02:25.451  render           | Fra: 1 | Mem: 691M | Updating Images | Loading fir_sapling_medium_twigs_mask_2k.png
02:25.762  render           | Fra: 1 | Mem: 1299M | Updating Volume
02:25.762  render           | Fra: 1 | Mem: 1299M | Updating Volume | Creating SDF grid for ValleyMist
02:25.788  render           | Fra: 1 | Mem: 1299M | Updating Volume | Evaluating density for ValleyMist
02:25.825  render           | Fra: 1 | Mem: 1299M | Updating Volume | Building octree for ValleyMist
02:25.826  render           | Fra: 1 | Mem: 1299M | Updating Camera Volume
02:25.826  render           | Fra: 1 | Mem: 1299M | Updating Lookup Tables
02:25.826  render           | Fra: 1 | Mem: 1299M | Updating Lights
02:25.830  render           | Fra: 1 | Mem: 1299M | Updating Lights | Importance map
02:26.054  render           | Fra: 1 | Mem: 1363M | Updating Lights | Computing tree
02:26.059  render           | Fra: 1 | Mem: 1365M | Updating Integrator
02:26.059  render           | Fra: 1 | Mem: 1365M | Updating Film
02:26.060  render           | Fra: 1 | Mem: 1364M | Updating Lookup Tables
02:26.060  render           | Fra: 1 | Mem: 1365M | Updating Baking
02:26.061  render           | Fra: 1 | Mem: 1365M | Updating Device | Writing constant memory
02:26.062  render           | Fra: 1 | Mem: 1365M | Loading denoising kernels (may take a few minutes the first time)
02:26.069  render           | Fra: 1 | Mem: 1968M | Rendered 0/4 Tiles, Sample 0/128
02:26.111  render           | Fra: 1 | Remaining: 00:10.58 | Mem: 2466M | Rendered 0/4 Tiles, Sample 1/128
02:26.153  render           | Fra: 1 | Remaining: 00:10.55 | Mem: 2466M | Rendered 0/4 Tiles, Sample 2/128
02:26.229  render           | Fra: 1 | Remaining: 00:09.94 | Mem: 2466M | Rendered 0/4 Tiles, Sample 4/128
02:26.364  render           | Fra: 1 | Remaining: 00:09.03 | Mem: 2466M | Rendered 0/4 Tiles, Sample 8/128
02:26.618  render           | Fra: 1 | Remaining: 00:08.14 | Mem: 2466M | Rendered 0/4 Tiles, Sample 16/128
02:27.115  render           | Fra: 1 | Remaining: 00:07.23 | Mem: 2466M | Rendered 0/4 Tiles, Sample 32/128
02:28.099  render           | Fra: 1 | Remaining: 00:05.99 | Mem: 2466M | Rendered 0/4 Tiles, Sample 64/128
02:28.605  render           | Fra: 1 | Remaining: 00:05.48 | Mem: 2466M | Rendered 0/4 Tiles, Sample 80/128
02:28.957  render           | Fra: 1 | Remaining: 00:04.72 | Mem: 2466M | Rendered 0/4 Tiles, Sample 96/128
02:29.279  render           | Fra: 1 | Remaining: 00:04.04 | Mem: 2466M | Rendered 0/4 Tiles, Sample 112/128
02:30.971  render           | Fra: 1 | Remaining: 00:04.79 | Mem: 2466M | Rendered 0/4 Tiles, Sample 128/128
02:30.971  render           | Fra: 1 | Remaining: 00:04.79 | Mem: 2466M | Rendered 1/4 Tiles, Sample 128/128
02:31.058  render           | Fra: 1 | Remaining: 00:04.81 | Mem: 2404M | Rendered 1/4 Tiles, Sample 1/128
02:31.120  render           | Fra: 1 | Remaining: 00:04.80 | Mem: 2404M | Rendered 1/4 Tiles, Sample 2/128
02:31.231  render           | Fra: 1 | Remaining: 00:04.77 | Mem: 2404M | Rendered 1/4 Tiles, Sample 4/128
02:31.428  render           | Fra: 1 | Remaining: 00:04.68 | Mem: 2404M | Rendered 1/4 Tiles, Sample 8/128
02:31.801  render           | Fra: 1 | Remaining: 00:04.48 | Mem: 2404M | Rendered 1/4 Tiles, Sample 16/128
02:32.511  render           | Fra: 1 | Remaining: 00:04.01 | Mem: 2404M | Rendered 1/4 Tiles, Sample 32/128
02:33.912  render           | Fra: 1 | Remaining: 00:02.94 | Mem: 2404M | Rendered 1/4 Tiles, Sample 64/128
02:34.645  render           | Fra: 1 | Remaining: 00:02.38 | Mem: 2404M | Rendered 1/4 Tiles, Sample 80/128
02:35.297  render           | Fra: 1 | Remaining: 00:01.79 | Mem: 2404M | Rendered 1/4 Tiles, Sample 96/128
02:35.896  render           | Fra: 1 | Remaining: 00:01.17 | Mem: 2404M | Rendered 1/4 Tiles, Sample 112/128
02:37.618  render           | Fra: 1 | Remaining: 00:00.63 | Mem: 2404M | Rendered 1/4 Tiles, Sample 128/128
02:37.619  render           | Fra: 1 | Remaining: 00:00.63 | Mem: 2404M | Rendered 2/4 Tiles, Sample 128/128
02:37.642  render           | Fra: 1 | Remaining: 00:00.63 | Mem: 1997M | Rendered 2/4 Tiles, Sample 1/128
02:37.643  render           | Fra: 1 | Remaining: 00:00.62 | Mem: 1997M | Rendered 2/4 Tiles, Sample 2/128
02:37.644  render           | Fra: 1 | Remaining: 00:00.62 | Mem: 1997M | Rendered 2/4 Tiles, Sample 4/128
02:37.646  render           | Fra: 1 | Remaining: 00:00.61 | Mem: 1997M | Rendered 2/4 Tiles, Sample 8/128
02:37.648  render           | Fra: 1 | Remaining: 00:00.58 | Mem: 1997M | Rendered 2/4 Tiles, Sample 16/128
02:37.653  render           | Fra: 1 | Remaining: 00:00.54 | Mem: 1997M | Rendered 2/4 Tiles, Sample 32/128
02:37.662  render           | Fra: 1 | Remaining: 00:00.45 | Mem: 1997M | Rendered 2/4 Tiles, Sample 64/128
02:37.667  render           | Fra: 1 | Remaining: 00:00.41 | Mem: 1997M | Rendered 2/4 Tiles, Sample 80/128
02:37.765  render           | Fra: 1 | Remaining: 00:00.41 | Mem: 1997M | Rendered 2/4 Tiles, Sample 0/128
02:37.765  render           | Fra: 1 | Remaining: 00:00.41 | Mem: 1997M | Rendered 3/4 Tiles, Sample 0/128
02:37.772  render           | Fra: 1 | Remaining: 00:00.41 | Mem: 1993M | Rendered 3/4 Tiles, Sample 1/128
02:37.773  render           | Fra: 1 | Remaining: 00:00.41 | Mem: 1993M | Rendered 3/4 Tiles, Sample 2/128
02:37.774  render           | Fra: 1 | Remaining: 00:00.40 | Mem: 1993M | Rendered 3/4 Tiles, Sample 4/128
02:37.781  render           | Fra: 1 | Remaining: 00:00.40 | Mem: 1993M | Rendered 3/4 Tiles, Sample 8/128
02:37.783  render           | Fra: 1 | Remaining: 00:00.38 | Mem: 1993M | Rendered 3/4 Tiles, Sample 16/128
02:37.790  render           | Fra: 1 | Remaining: 00:00.34 | Mem: 1993M | Rendered 3/4 Tiles, Sample 32/128
02:37.798  render           | Fra: 1 | Remaining: 00:00.26 | Mem: 1993M | Rendered 3/4 Tiles, Sample 64/128
02:37.802  render           | Fra: 1 | Remaining: 00:00.23 | Mem: 1993M | Rendered 3/4 Tiles, Sample 80/128
02:37.885  render           | Fra: 1 | Remaining: 00:00.23 | Mem: 1993M | Rendered 3/4 Tiles, Sample 0/128
02:37.886  render           | Fra: 1 | Remaining: 00:00.23 | Mem: 1993M | Finished
Render statistics:
Mesh statistics:
  Geometry:
    Total memory: 66.48M (69,712,877)
        Island                           41.01M (42,997,861)
        NurbsPath.007                    11.11M (11,645,883)
        NurbsPath.005                    6.82M (7,154,075)
        Grid                             2.12M (2,228,309)
        Plane.5143                       539.82K (552,772)
        Plane.2197                       292.15K (299,166)
        modelShape.008                   274.81K (281,401)
        modelShape.003                   274.81K (281,401)
        modelShape.001                   274.81K (281,401)
        modelShape.002                   274.81K (281,401)
        modelShape.004                   274.81K (281,401)
        modelShape.005                   274.81K (281,401)
        modelShape.007                   274.81K (281,401)
        modelShape.006                   274.81K (281,401)
        medium.004                       175.88K (180,098)
        medium.007                       175.88K (180,098)
        medium.006                       175.88K (180,098)
        medium.001                       175.88K (180,098)
        medium.002                       175.88K (180,098)
        medium.003                       175.88K (180,098)
        medium.005                       175.88K (180,098)
        mesh1-geometry.002               149.40K (152,983)
        mesh1-geometry.006               149.40K (152,983)
        mesh1-geometry.001               149.40K (152,983)
        mesh1-geometry.003               149.40K (152,983)
        mesh1-geometry.007               149.40K (152,983)
        mesh1-geometry.004               149.40K (152,983)
        mesh1-geometry.005               149.40K (152,983)
        mesh1-geometry.008               149.40K (152,983)
        Plane.048                        24.42K (25,007)
        Plane.039                        20.95K (21,454)
        Plane.037                        13.91K (14,246)
        Plane.047                        10.92K (11,186)
        Plane.045                        5.73K (5,865)
        Plane.042                        5.23K (5,355)
        Plane.043                        4.90K (5,015)
        Plane.055                        1.39K (1,428)
        Plane.058                        1.11K (1,139)
        Plane.059                        1.08K (1,105)
        Plane.054                        765B (765)
        Plane.057                        629B (629)
        Plane.056                        561B (561)
        Plane.040                        493B (493)
        Plane.035                        493B (493)
        Plane.009                        493B (493)
        Plane.003                        493B (493)
        Plane.006                        425B (425)
        Plane.005                        425B (425)
        Plane.008                        357B (357)
        Plane.007                        357B (357)
        Plane.004                        357B (357)
        Cube                             289B (289)
        Plane.032                        221B (221)
        Plane.011                        187B (187)
        Plane.010                        187B (187)
        Flowers                          85B (85)
        LipMoss                          85B (85)
        TopGrassTall                     85B (85)
        TopGrass                         85B (85)
        TopMoss                          85B (85)
        backgroundlight                  50B (50)
        Sun                              46B (46)
Image statistics:
  Full Images:
    kloofendal_overcast_puresky_4k.hdr 128.00M (134,217,728)
    fir_sapling_medium_twigs_diff_2k.png 32.00M (33,554,432)
    fir_sapling_medium_twigs_mask_2k.png 32.00M (33,554,432)
    fir_sapling_medium_twigs_alpha_2k.png 32.00M (33,554,432)
    fir_sapling_medium_branches_diff_2k.png 32.00M (33,554,432)
    fir_sapling_medium_branches_nor_gl_2k.png 32.00M (33,554,432)
    fir_sapling_medium_twigs_nor_gl_2k.png 32.00M (33,554,432)
    flower_heliophila_nor_gl_2k.exr  32.00M (33,554,432)
    moss_01_nor_gl_2k.exr  02:37.886  render           | Start rendering: Scene, haze
02:37.886  render           | Engine: Cycles
02:41.780  render           | Fra: 1 | Mem: 1M | Synchronizing object | grass_medium_01_tiny_f_LOD0
          32.00M (33,554,432)
    grass_medium_01_nor_gl_2k.exr    32.00M (33,554,432)
    rock_moss_set_01_nor_gl_2k.exr   32.00M (33,554,432)
    lichen_rock_Diffuse_2k.jpg       16.00M (16,777,216)
    aerial_rocks_02_Diffuse_2k.jpg   16.00M (16,777,216)
    lichen_rock_Rough_2k.jpg         16.00M (16,777,216)
    lichen_rock_nor_gl_2k.jpg        16.00M (16,777,216)
    forest_ground_04_nor_gl_2k.jpg   16.00M (16,777,216)
    cliff_side_Diffuse_2k.jpg        16.00M (16,777,216)
    flower_heliophila_diff_2k.jpg    16.00M (16,777,216)
    rock_moss_set_01_diff_2k.jpg     16.00M (16,777,216)
    cliff_side_nor_gl_2k.jpg         16.00M (16,777,216)
    forest_ground_04_Diffuse_2k.jpg  16.00M (16,777,216)
    moss_01_diff_2k.jpg              16.00M (16,777,216)
    rock_moss_set_01_rough_2k.jpg    16.00M (16,777,216)
    lichen_rock_Displacement_2k.jpg  16.00M (16,777,216)
    grass_medium_01_diff_2k.jpg      16.00M (16,777,216)
    grass_medium_01_alpha_2k.png     8.00M (8,388,608)
    grass_medium_01_rough_2k.exr     8.00M (8,388,608)
    fir_sapling_medium_branches_disp_2k.png 8.00M (8,388,608)
    moss_01_alpha_2k.png             8.00M (8,388,608)
    flower_heliophila_rough_2k.exr   8.00M (8,388,608)
    flower_heliophila_alpha_2k.png   8.00M (8,388,608)
    moss_01_rough_2k.exr             8.00M (8,388,608)
    flower_heliophila_translucency_2k.png 8.00M (8,388,608)
    fir_sapling_medium_twigs_rough_2k.png 8.00M (8,388,608)
    fir_sapling_medium_branches_rough_2k.png 8.00M (8,388,608)
    cliff_side_Displacement_2k.jpg   4.00M (4,194,304)
  Full image memory: 756.00M (792,723,456)
  Overhead image memory: 3.94K (4,032)
  Total image memory: 756.00M (792,727,488)
Profiling information not available (only works with CPU rendering)
02:41.781  render           | Fra: 1 | Mem: 1M | Synchronizing object | grass_medium_01_tiny_e_LOD0
02:41.781  render           | Fra: 1 | Mem: 1M | Synchronizing object | grass_medium_01_tiny_d_LOD0
02:41.781  render           | Fra: 1 | Mem: 1M | Synchronizing object | grass_medium_01_tiny_c_LOD0
02:41.781  render           | Fra: 1 | Mem: 1M | Synchronizing object | grass_medium_01_tiny_b_LOD0
02:41.781  render           | Fra: 1 | Mem: 1M | Synchronizing object | grass_medium_01_tiny_a_LOD0
02:41.781  render           | Fra: 1 | Mem: 1M | Synchronizing object | grass_medium_01_small_b_LOD0
02:41.781  render           | Fra: 1 | Mem: 1M | Synchronizing object | grass_medium_01_small_a_LOD0
02:41.781  render           | Fra: 1 | Mem: 1M | Synchronizing object | grass_medium_01_mid_c_LOD0
02:41.781  render           | Fra: 1 | Mem: 1M | Synchronizing object | grass_medium_01_mid_b_LOD0
02:41.781  render           | Fra: 1 | Mem: 1M | Synchronizing object | grass_medium_01_tall_c_LOD0
02:41.781  render           | Fra: 1 | Mem: 1M | Synchronizing object | grass_medium_01_tall_b_LOD0
02:41.781  render           | Fra: 1 | Mem: 1M | Synchronizing object | grass_medium_01_tall_a_LOD0
02:41.790  render           | Fra: 1 | Mem: 1M | Synchronizing object | moss_01_tall_b_LOD0
02:41.791  render           | Fra: 1 | Mem: 1M | Synchronizing object | moss_01_tall_a_LOD0
02:41.791  render           | Fra: 1 | Mem: 1M | Synchronizing object | moss_01_i_LOD0
02:41.791  render           | Fra: 1 | Mem: 1M | Synchronizing object | moss_01_h_LOD0
02:41.791  render           | Fra: 1 | Mem: 1M | Synchronizing object | moss_01_g_LOD0
02:41.791  render           | Fra: 1 | Mem: 1M | Synchronizing object | moss_01_f_LOD0
02:41.791  render           | Fra: 1 | Mem: 1M | Synchronizing object | moss_01_e_LOD0
02:41.791  render           | Fra: 1 | Mem: 1M | Synchronizing object | moss_01_d_LOD0
02:41.791  render           | Fra: 1 | Mem: 1M | Synchronizing object | moss_01_c_LOD0
02:41.791  render           | Fra: 1 | Mem: 1M | Synchronizing object | moss_01_b_LOD0
02:41.791  render           | Fra: 1 | Mem: 1M | Synchronizing object | moss_01_a_LOD0
02:41.791  render           | Fra: 1 | Mem: 1M | Synchronizing object | flower_heliophila_small_LOD0
02:41.792  render           | Fra: 1 | Mem: 1M | Synchronizing object | flower_heliophila_medium_LOD0
02:44.451  render           | Fra: 1 | Mem: 1M | Synchronizing object | Island
02:44.456  render           | Fra: 1 | Mem: 1M | Synchronizing object | TopMoss
02:44.539  render           | Fra: 1 | Mem: 1M | Synchronizing object | TopGrass
02:44.541  render           | Fra: 1 | Mem: 1M | Synchronizing object | TopGrassTall
02:44.546  render           | Fra: 1 | Mem: 1M | Synchronizing object | LipMoss
02:44.670  render           | Fra: 1 | Mem: 1M | Synchronizing object | Flowers
02:44.670  render           | Fra: 1 | Mem: 1M | Synchronizing object | rock_moss_set_01_rock06.001
02:44.670  render           | Fra: 1 | Mem: 1M | Synchronizing object | rock_moss_set_01_rock04.001
02:44.670  render           | Fra: 1 | Mem: 1M | Synchronizing object | rock_moss_set_01_rock06.003
02:44.670  render           | Fra: 1 | Mem: 1M | Synchronizing object | rock_moss_set_01_rock04.002
02:44.670  render           | Fra: 1 | Mem: 1M | Synchronizing object | rock_moss_set_01_rock05.004
02:44.670  render           | Fra: 1 | Mem: 1M | Synchronizing object | rock_moss_set_01_rock06.005
02:44.670  render           | Fra: 1 | Mem: 1M | Synchronizing object | rock_moss_set_01_rock04.004
02:44.670  render           | Fra: 1 | Mem: 1M | Synchronizing object | rock_moss_set_01_rock06.006
02:44.670  render           | Fra: 1 | Mem: 1M | Synchronizing object | rock_moss_set_01_rock04.005
02:44.670  render           | Fra: 1 | Mem: 1M | Synchronizing object | rock_moss_set_01_rock06.007
02:44.670  render           | Fra: 1 | Mem: 1M | Synchronizing object | rock_moss_set_01_rock05.007
02:44.670  render           | Fra: 1 | Mem: 1M | Synchronizing object | rock_moss_set_01_rock04.006
02:44.670  render           | Fra: 1 | Mem: 1M | Synchronizing object | fir_sapling_medium_b_LOD0.001
02:44.670  render           | Fra: 1 | Mem: 1M | Synchronizing object | Terrain
02:44.690  render           | Fra: 1 | Mem: 1M | Initializing
02:44.751  render           | Fra: 1 | Mem: 1M | Waiting for render to start
02:44.751  render           | Fra: 1 | Mem: 1M | Updating Scene
02:44.751  render           | Fra: 1 | Mem: 1M | Updating Shaders
02:44.755  render           | Fra: 1 | Mem: 1M | Loading render kernels (may take a few minutes the first time)
02:44.791  render           | Fra: 1 | Mem: 1M | Updating Procedurals
Update statistics:
Scene:
    Total time: 0.036600s
        device_update                            0.036600s
Geometry:
    Total time: 0.000000s
Light:
    Total time: 0.000000s
Object:
    Total time: 0.000000s
Image:
    Total time: 0.000000s
Background:
    Total time: 0.000000s
Bake:
    Total time: 0.000000s
Camera:
    Total time: 0.000000s
Film:
    Total time: 0.000000s
Integrator:
    Total time: 0.000000s
OSL:
    Total time: 0.000000s
Particles:
    Total time: 0.000000s
SVM:
    Total time: 0.000000s
Tables:
    Total time: 0.000000s
Procedurals:
    Total time: 0.000000s

02:44.791  render           | Fra: 1 | Mem: 1M | Updating Background
02:44.791  render           | Fra: 1 | Mem: 1M | Updating Scene Attribute
02:44.791  render           | Fra: 1 | Mem: 1M | Updating Camera
02:44.791  render           | Fra: 1 | Mem: 1M | Updating Meshes Flags
02:44.791  render           | Fra: 1 | Mem: 1M | Updating Objects
02:44.792  render           | Fra: 1 | Mem: 1M | Updating Objects | Copying Transformations to device
02:44.798  render           | Fra: 1 | Mem: 37M | Updating Particle Systems
02:44.798  render           | Fra: 1 | Mem: 37M | Updating Particle Systems | Copying Particles to device
02:44.798  render           | Fra: 1 | Mem: 37M | Updating Meshes
02:44.916  render           | Fra: 1 | Mem: 37M | Updating Displacement Images
02:44.916  render           | Fra: 1 | Mem: 37M | Updating Images | Loading cliff_side_Diffuse_2k.jpg
02:44.916  render           | Fra: 1 | Mem: 37M | Updating Images | Loading lichen_rock_Displacement_2k.jpg
02:44.916  render           | Fra: 1 | Mem: 37M | Updating Images | Loading lichen_rock_Rough_2k.jpg
02:44.916  render           | Fra: 1 | Mem: 37M | Updating Images | Loading aerial_rocks_02_Diffuse_2k.jpg
02:44.916  render           | Fra: 1 | Mem: 37M | Updating Images | Loading forest_ground_04_nor_gl_2k.jpg
02:44.916  render           | Fra: 1 | Mem: 37M | Updating Images | Loading cliff_side_nor_gl_2k.jpg
02:44.916  render           | Fra: 1 | Mem: 37M | Updating Images | Loading cliff_side_Displacement_2k.jpg
02:45.005  render           | Fra: 1 | Mem: 185M | Updating Mesh | Computing normals
02:45.023  render           | Fra: 1 | Mem: 185M | Updating Mesh | Copying Mesh to device
02:45.027  render           | Fra: 1 | Mem: 248M | Updating Objects | Applying Static Transformations
02:45.035  render           | Fra: 1 | Mem: 248M | Updating Mesh | Computing attributes
02:45.089  render           | Fra: 1 | Mem: 248M | Updating Mesh | Copying Attributes to device
02:45.114  render           | Fra: 1 | Mem: 423M | Updating Mesh | Computing Displacement Island
02:45.506  render           | Fra: 1 | Mem: 423M | Updating Mesh | Computing Displacement mesh1-geometry.001
02:45.514  render           | Fra: 1 | Mem: 423M | Updating Mesh | Computing Displacement modelShape.001
02:45.522  render           | Fra: 1 | Mem: 423M | Updating Mesh | Computing Displacement medium.002
02:45.526  render           | Fra: 1 | Mem: 423M | Updating Mesh | Computing Displacement mesh1-geometry.002
02:45.531  render           | Fra: 1 | Mem: 423M | Updating Mesh | Computing Displacement modelShape.002
02:45.536  render           | Fra: 1 | Mem: 423M | Updating Mesh | Computing Displacement medium.003
02:45.542  render           | Fra: 1 | Mem: 423M | Updating Mesh | Computing Displacement mesh1-geometry.004
02:45.547  render           | Fra: 1 | Mem: 423M | Updating Mesh | Computing Displacement modelShape.004
02:45.552  render           | Fra: 1 | Mem: 423M | Updating Mesh | Computing Displacement medium.004
02:45.556  render           | Fra: 1 | Mem: 423M | Updating Mesh | Computing Displacement mesh1-geometry.005
02:45.560  render           | Fra: 1 | Mem: 423M | Updating Mesh | Computing Displacement modelShape.005
02:45.564  render           | Fra: 1 | Mem: 423M | Updating Mesh | Computing Displacement medium.005
02:45.569  render           | Fra: 1 | Mem: 423M | Updating Mesh | Computing Displacement mesh1-geometry.006
02:45.574  render           | Fra: 1 | Mem: 423M | Updating Mesh | Computing Displacement modelShape.006
02:45.578  render           | Fra: 1 | Mem: 423M | Updating Mesh | Computing Displacement medium.006
02:45.582  render           | Fra: 1 | Mem: 423M | Updating Mesh | Computing Displacement mesh1-geometry.007
02:45.587  render           | Fra: 1 | Mem: 423M | Updating Mesh | Computing Displacement modelShape.007
02:45.592  render           | Fra: 1 | Mem: 423M | Updating Mesh | Computing Displacement medium.007
02:45.596  render           | Fra: 1 | Mem: 423M | Updating Mesh | Computing Displacement mesh1-geometry.008
02:45.601  render           | Fra: 1 | Mem: 423M | Updating Mesh | Computing Displacement modelShape.008
02:45.614  render           | Fra: 1 | Mem: 185M | Updating Geometry BVH backgroundlight 62/61 | Building BVH
02:45.614  render           | Fra: 1 | Mem: 185M | Updating Geometry BVH Plane.058 3/61 | Building OptiX acceleration structure
02:45.614  render           | Fra: 1 | Mem: 185M | Updating Geometry BVH Plane.057 4/61 | Building BVH
02:45.614  render           | Fra: 1 | Mem: 185M | Updating Geometry BVH Plane.057 4/61 | Building OptiX acceleration structure
02:45.614  render           | Fra: 1 | Mem: 185M | Updating Geometry BVH Plane.056 6/61 | Building BVH
02:45.614  render           | Fra: 1 | Mem: 185M | Updating Geometry BVH Plane.055 7/61 | Building OptiX acceleration structure
02:45.614  render           | Fra: 1 | Mem: 185M | Updating Geometry BVH Plane.047 8/61 | Building BVH
02:45.614  render           | Fra: 1 | Mem: 185M | Updating Geometry BVH Plane.047 8/61 | Building OptiX acceleration structure
02:45.614  render           | Fra: 1 | Mem: 185M | Updating Geometry BVH Plane.037 9/61 | Building BVH
02:45.614  render           | Fra: 1 | Mem: 185M | Updating Geometry BVH Plane.043 14/61 | Building BVH
02:45.614  render           | Fra: 1 | Mem: 185M | Updating Geometry BVH Plane.035 16/61 | Building OptiX acceleration structure
02:45.614  render           | Fra: 1 | Mem: 185M | Updating Geometry BVH Plane.032 17/61 | Building BVH
02:45.614  render           | Fra: 1 | Mem: 185M | Updating Geometry BVH Plane.011 18/61 | Building BVH
02:45.614  render           | Fra: 1 | Mem: 185M | Updating Geometry BVH Plane.011 18/61 | Building OptiX acceleration structure
02:45.614  render           | Fra: 1 | Mem: 185M | Updating Geometry BVH Plane.008 20/61 | Building BVH
02:45.614  render           | Fra: 1 | Mem: 185M | Updating Geometry BVH Plane.008 20/61 | Building OptiX acceleration structure
02:45.614  render           | Fra: 1 | Mem: 185M | Updating Geometry BVH Plane.005 22/61 | Building BVH
02:45.614  render           | Fra: 1 | Mem: 185M | Updating Geometry BVH Plane.003 24/61 | Building BVH
02:45.614  render           | Fra: 1 | Mem: 185M | Updating Geometry BVH Plane.007 25/61 | Building OptiX acceleration structure
02:45.614  render           | Fra: 1 | Mem: 185M | Updating Geometry BVH Plane.009 26/61 | Building OptiX acceleration structure
02:45.614  render           | Fra: 1 | Mem: 185M | Updating Geometry BVH Plane.2197 27/61 | Building BVH
02:45.614  render           | Fra: 1 | Mem: 185M | Updating Geometry BVH Plane.2197 27/61 | Building OptiX acceleration structure
02:45.614  render           | Fra: 1 | Mem: 185M | Updating Geometry BVH Plane.5143 28/61 | Building BVH
02:45.614  render           | Fra: 1 | Mem: 185M | Updating Geometry BVH Plane.5143 28/61 | Building OptiX acceleration structure
02:45.617  render           | Fra: 1 | Mem: 189M | Updating Geometry BVH TopMoss 30/61 | Building BVH
02:45.617  render           | Fra: 1 | Mem: 189M | Updating Geometry BVH TopMoss 30/61 | Building OptiX acceleration structure
02:45.617  render           | Fra: 1 | Mem: 189M | Updating Geometry BVH TopGrass 31/61 | Building BVH
02:45.617  render           | Fra: 1 | Mem: 189M | Updating Geometry BVH TopGrass 31/61 | Building OptiX acceleration structure
02:45.617  render           | Fra: 1 | Mem: 189M | Updating Geometry BVH TopGrassTall 32/61 | Building BVH
02:45.617  render           | Fra: 1 | Mem: 189M | Updating Geometry BVH TopGrassTall 32/61 | Building OptiX acceleration structure
02:45.617  render           | Fra: 1 | Mem: 189M | Updating Geometry BVH LipMoss 33/61 | Building BVH
02:45.617  render           | Fra: 1 | Mem: 189M | Updating Geometry BVH LipMoss 33/61 | Building OptiX acceleration structure
02:45.617  render           | Fra: 1 | Mem: 189M | Updating Geometry BVH Flowers 34/61 | Building BVH
02:45.617  render           | Fra: 1 | Mem: 189M | Updating Geometry BVH Flowers 34/61 | Building OptiX acceleration structure
02:45.617  render           | Fra: 1 | Mem: 189M | Updating Geometry BVH mesh1-geometry.003 35/61 | Building BVH
02:45.617  render           | Fra: 1 | Mem: 189M | Updating Geometry BVH mesh1-geometry.003 35/61 | Building OptiX acceleration structure
02:45.617  render           | Fra: 1 | Mem: 189M | Updating Geometry BVH modelShape.003 36/61 | Building BVH
02:45.617  render           | Fra: 1 | Mem: 189M | Updating Geometry BVH modelShape.003 36/61 | Building OptiX acceleration structure
02:45.618  render           | Fra: 1 | Mem: 189M | Updating Geometry BVH medium.001 37/61 | Building BVH
02:45.618  render           | Fra: 1 | Mem: 189M | Updating Geometry BVH medium.001 37/61 | Building OptiX acceleration structure
02:45.618  render           | Fra: 1 | Mem: 189M | Updating Geometry BVH mesh1-geometry.001 38/61 | Building BVH
02:45.618  render           | Fra: 1 | Mem: 189M | Updating Geometry BVH mesh1-geometry.001 38/61 | Building OptiX acceleration structure
02:45.618  render           | Fra: 1 | Mem: 189M | Updating Geometry BVH modelShape.001 39/61 | Building BVH
02:45.618  render           | Fra: 1 | Mem: 189M | Updating Geometry BVH modelShape.001 39/61 | Building OptiX acceleration structure
02:45.618  render           | Fra: 1 | Mem: 190M | Updating Geometry BVH Island 29/61 | Building BVH
02:45.618  render           | Fra: 1 | Mem: 190M | Updating Geometry BVH Island 29/61 | Building OptiX acceleration structure
02:45.618  render           | Fra: 1 | Mem: 190M | Updating Geometry BVH medium.002 40/61 | Building BVH
02:45.619  render           | Fra: 1 | Mem: 190M | Updating Geometry BVH medium.002 40/61 | Building OptiX acceleration structure
02:45.619  render           | Fra: 1 | Mem: 190M | Updating Geometry BVH mesh1-geometry.002 41/61 | Building BVH
02:45.619  render           | Fra: 1 | Mem: 190M | Updating Geometry BVH mesh1-geometry.002 41/61 | Building OptiX acceleration structure
02:45.619  render           | Fra: 1 | Mem: 190M | Updating Geometry BVH modelShape.002 42/61 | Building BVH
02:45.619  render           | Fra: 1 | Mem: 190M | Updating Geometry BVH modelShape.002 42/61 | Building OptiX acceleration structure
02:45.620  render           | Fra: 1 | Mem: 190M | Updating Geometry BVH medium.003 43/61 | Building BVH
02:45.620  render           | Fra: 1 | Mem: 190M | Updating Geometry BVH medium.003 43/61 | Building OptiX acceleration structure
02:45.620  render           | Fra: 1 | Mem: 190M | Updating Geometry BVH mesh1-geometry.004 44/61 | Building BVH
02:45.620  render           | Fra: 1 | Mem: 190M | Updating Geometry BVH mesh1-geometry.004 44/61 | Building OptiX acceleration structure
02:45.620  render           | Fra: 1 | Mem: 191M | Updating Geometry BVH modelShape.004 45/61 | Building BVH
02:45.620  render           | Fra: 1 | Mem: 191M | Updating Geometry BVH modelShape.004 45/61 | Building OptiX acceleration structure
02:45.621  render           | Fra: 1 | Mem: 191M | Updating Geometry BVH medium.004 46/61 | Building BVH
02:45.621  render           | Fra: 1 | Mem: 191M | Updating Geometry BVH medium.004 46/61 | Building OptiX acceleration structure
02:45.621  render           | Fra: 1 | Mem: 191M | Updating Geometry BVH mesh1-geometry.005 47/61 | Building BVH
02:45.621  render           | Fra: 1 | Mem: 191M | Updating Geometry BVH mesh1-geometry.005 47/61 | Building OptiX acceleration structure
02:45.621  render           | Fra: 1 | Mem: 191M | Updating Geometry BVH modelShape.005 48/61 | Building BVH
02:45.621  render           | Fra: 1 | Mem: 191M | Updating Geometry BVH modelShape.005 48/61 | Building OptiX acceleration structure
02:45.622  render           | Fra: 1 | Mem: 192M | Updating Geometry BVH medium.005 49/61 | Building BVH
02:45.622  render           | Fra: 1 | Mem: 192M | Updating Geometry BVH medium.005 49/61 | Building OptiX acceleration structure
02:45.622  render           | Fra: 1 | Mem: 192M | Updating Geometry BVH mesh1-geometry.006 50/61 | Building BVH
02:45.622  render           | Fra: 1 | Mem: 192M | Updating Geometry BVH mesh1-geometry.006 50/61 | Building OptiX acceleration structure
02:45.622  render           | Fra: 1 | Mem: 192M | Updating Geometry BVH modelShape.006 51/61 | Building BVH
02:45.622  render           | Fra: 1 | Mem: 192M | Updating Geometry BVH modelShape.006 51/61 | Building OptiX acceleration structure
02:45.622  render           | Fra: 1 | Mem: 192M | Updating Geometry BVH medium.006 52/61 | Building BVH
02:45.622  render           | Fra: 1 | Mem: 192M | Updating Geometry BVH medium.006 52/61 | Building OptiX acceleration structure
02:45.623  render           | Fra: 1 | Mem: 192M | Updating Geometry BVH mesh1-geometry.007 53/61 | Building BVH
02:45.623  render           | Fra: 1 | Mem: 192M | Updating Geometry BVH mesh1-geometry.007 53/61 | Building OptiX acceleration structure
02:45.624  render           | Fra: 1 | Mem: 193M | Updating Geometry BVH modelShape.007 54/61 | Building BVH
02:45.624  render           | Fra: 1 | Mem: 193M | Updating Geometry BVH modelShape.007 54/61 | Building OptiX acceleration structure
02:45.625  render           | Fra: 1 | Mem: 194M | Updating Geometry BVH Sun 60/61 | Building BVH
02:45.625  render           | Fra: 1 | Mem: 194M | Updating Geometry BVH Sun 60/61 | Building OptiX acceleration structure
02:45.625  render           | Fra: 1 | Mem: 194M | Updating Geometry BVH medium.007 55/61 | Building BVH
02:45.625  render           | Fra: 1 | Mem: 195M | Updating Geometry BVH medium.007 55/61 | Building OptiX acceleration structure
02:45.625  render           | Fra: 1 | Mem: 196M | Updating Geometry BVH NurbsPath.005 59/61 | Building BVH
02:45.625  render           | Fra: 1 | Mem: 196M | Updating Geometry BVH NurbsPath.005 59/61 | Building OptiX acceleration structure
02:45.626  render           | Fra: 1 | Mem: 194M | Updating Geometry BVH mesh1-geometry.008 56/61 | Building BVH
02:45.626  render           | Fra: 1 | Mem: 194M | Updating Geometry BVH mesh1-geometry.008 56/61 | Building OptiX acceleration structure
02:45.626  render           | Fra: 1 | Mem: 194M | Updating Geometry BVH modelShape.008 57/61 | Building BVH
02:45.626  render           | Fra: 1 | Mem: 194M | Updating Geometry BVH modelShape.008 57/61 | Building OptiX acceleration structure
02:45.628  render           | Fra: 1 | Mem: 195M | Updating Geometry BVH NurbsPath.007 58/61 | Building BVH
02:45.628  render           | Fra: 1 | Mem: 196M | Updating Geometry BVH NurbsPath.007 58/61 | Building OptiX acceleration structure
02:45.664  render           | Fra: 1 | Mem: 282M | Updating Scene BVH | Building
02:45.664  render           | Fra: 1 | Mem: 282M | Updating Scene BVH | Building OptiX acceleration structure
02:45.676  render           | Fra: 1 | Mem: 304M | Updating Scene BVH | Copying BVH to device
02:45.676  render           | Fra: 1 | Mem: 304M | Updating Mesh | Computing attributes
02:45.776  render           | Fra: 1 | Mem: 304M | Updating Mesh | Copying Attributes to device
02:45.808  render           | Fra: 1 | Mem: 628M | Updating Mesh | Computing normals
02:45.826  render           | Fra: 1 | Mem: 628M | Updating Mesh | Copying Mesh to device
02:45.831  render           | Fra: 1 | Mem: 690M | Updating Objects Flags
02:45.836  render           | Fra: 1 | Mem: 690M | Updating Primitive Offsets
02:45.837  render           | Fra: 1 | Mem: 691M | Updating Images
02:45.837  render           | Fra: 1 | Mem: 691M | Updating Images | Loading flower_heliophila_translucency_2k.png
02:45.837  render           | Fra: 1 | Mem: 691M | Updating Images | Loading fir_sapling_medium_branches_disp_2k.png
02:45.837  render           | Fra: 1 | Mem: 691M | Updating Images | Loading grass_medium_01_nor_gl_2k.exr
02:45.837  render           | Fra: 1 | Mem: 691M | Updating Images | Loading moss_01_nor_gl_2k.exr
02:45.837  render           | Fra: 1 | Mem: 691M | Updating Images | Loading flower_heliophila_nor_gl_2k.exr
02:45.837  render           | Fra: 1 | Mem: 691M | Updating Images | Loading rock_moss_set_01_nor_gl_2k.exr
02:45.837  render           | Fra: 1 | Mem: 691M | Updating Images | Loading fir_sapling_medium_branches_nor_gl_2k.png
02:45.837  render           | Fra: 1 | Mem: 691M | Updating Images | Loading fir_sapling_medium_branches_rough_2k.png
02:45.837  render           | Fra: 1 | Mem: 691M | Updating Images | Loading moss_01_diff_2k.jpg
02:45.837  render           | Fra: 1 | Mem: 691M | Updating Images | Loading grass_medium_01_rough_2k.exr
02:45.837  render           | Fra: 1 | Mem: 691M | Updating Images | Loading fir_sapling_medium_twigs_mask_2k.png
02:45.837  render           | Fra: 1 | Mem: 691M | Updating Images | Loading flower_heliophila_alpha_2k.png
02:45.837  render           | Fra: 1 | Mem: 691M | Updating Images | Loading moss_01_alpha_2k.png
02:45.837  render           | Fra: 1 | Mem: 691M | Updating Images | Loading flower_heliophila_diff_2k.jpg
02:46.255  render           | Fra: 1 | Mem: 1299M | Updating Volume
02:46.257  render           | Fra: 1 | Mem: 1299M | Updating Camera Volume
02:46.257  render           | Fra: 1 | Mem: 1299M | Updating Lookup Tables
02:46.257  render           | Fra: 1 | Mem: 1299M | Updating Lights
02:46.264  render           | Fra: 1 | Mem: 1299M | Updating Lights | Importance map
02:46.585  render           | Fra: 1 | Mem: 1363M | Updating Lights | Computing tree
02:46.590  render           | Fra: 1 | Mem: 1364M | Updating Integrator
02:46.590  render           | Fra: 1 | Mem: 1364M | Updating Film
02:46.590  render           | Fra: 1 | Mem: 1364M | Updating Lookup Tables
02:46.591  render           | Fra: 1 | Mem: 1364M | Updating Baking
02:46.593  render           | Fra: 1 | Mem: 1364M | Updating Device | Writing constant memory
02:46.593  render           | Fra: 1 | Mem: 1364M | Loading denoising kernels (may take a few minutes the first time)
02:46.599  render           | Fra: 1 | Mem: 1842M | Rendered 0/4 Tiles, Sample 0/128
02:46.614  render           | Fra: 1 | Remaining: 00:03.93 | Mem: 2179M | Rendered 0/4 Tiles, Sample 1/128
02:47.501  render           | Fra: 1 | Remaining: 00:01.95 | Mem: 2179M | Rendered 0/4 Tiles, Sample 80/128
02:47.594  render           | Fra: 1 | Remaining: 00:01.62 | Mem: 2179M | Rendered 0/4 Tiles, Sample 96/128
02:47.671  render           | Fra: 1 | Remaining: 00:01.35 | Mem: 2179M | Rendered 0/4 Tiles, Sample 112/128
02:48.590  render           | Fra: 1 | Remaining: 00:01.94 | Mem: 2179M | Rendered 0/4 Tiles, Sample 128/128
02:48.590  render           | Fra: 1 | Remaining: 00:01.94 | Mem: 2179M | Rendered 1/4 Tiles, Sample 128/128
02:48.661  render           | Fra: 1 | Remaining: 00:01.98 | Mem: 2137M | Rendered 1/4 Tiles, Sample 1/128
02:50.979  render           | Fra: 1 | Remaining: 00:01.21 | Mem: 2137M | Rendered 1/4 Tiles, Sample 80/128
02:51.351  render           | Fra: 1 | Remaining: 00:00.92 | Mem: 2137M | Rendered 1/4 Tiles, Sample 96/128
02:51.699  render           | Fra: 1 | Remaining: 00:00.61 | Mem: 2137M | Rendered 1/4 Tiles, Sample 112/128
02:52.863  render           | Fra: 1 | Remaining: 00:00.34 | Mem: 2137M | Rendered 1/4 Tiles, Sample 128/128
02:52.863  render           | Fra: 1 | Remaining: 00:00.34 | Mem: 2137M | Rendered 2/4 Tiles, Sample 128/128
02:52.882  render           | Fra: 1 | Remaining: 00:00.34 | Mem: 1861M | Rendered 2/4 Tiles, Sample 1/128
02:52.906  render           | Fra: 1 | Remaining: 00:00.22 | Mem: 1861M | Rendered 2/4 Tiles, Sample 80/128
02:52.980  render           | Fra: 1 | Remaining: 00:00.22 | Mem: 1861M | Rendered 2/4 Tiles, Sample 0/128
02:52.980  render           | Fra: 1 | Remaining: 00:00.22 | Mem: 1861M | Rendered 3/4 Tiles, Sample 0/128
02:52.981  render           | Fra: 1 | Remaining: 00:00.22 | Mem: 1859M | Rendered 3/4 Tiles, Sample 1/128
02:53.001  render           | Fra: 1 | Remaining: 00:00.12 | Mem: 1859M | Rendered 3/4 Tiles, Sample 80/128
02:53.059  render           | Fra: 1 | Remaining: 00:00.12 | Mem: 1859M | Rendered 3/4 Tiles, Sample 0/128
02:53.063  render           | Fra: 1 | Remaining: 00:00.12 | Mem: 1859M | Finished
Render statistics:
Mesh statistics:
  Geometry:
    Total memory: 66.48M (69,712,588)
        Island                           41.01M (42,997,861)
        NurbsPath.007                    11.11M (11,645,883)
        NurbsPath.005                    6.82M (7,154,075)
        Grid                             2.12M (2,228,309)
        Plane.5143                       539.82K (552,772)
        Plane.2197                       292.15K (299,166)
        modelShape.002                   274.81K (281,401)
        modelShape.008                   274.81K (281,401)
        modelShape.003                   274.81K (281,401)
        modelShape.001                   274.81K (281,401)
        modelShape.004                   274.81K (281,401)
        modelShape.007                   274.81K (281,401)
        modelShape.006                   274.81K (281,401)
        modelShape.005                   274.81K (281,401)
        medium.007                       175.88K (180,098)
        medium.004                       175.88K (180,098)
        medium.006                       175.88K (180,098)
        medium.005                       175.88K (180,098)
        medium.001                       175.88K (180,098)
        medium.002                       175.88K (180,098)
        medium.003                       175.88K (180,098)
        mesh1-geometry.001               149.40K (152,983)
        mesh1-geometry.005               149.40K (152,983)
        mesh1-geometry.003               149.40K (152,983)
        mesh1-geometry.006               149.40K (152,983)
        mesh1-geometry.002               149.40K (152,983)
        mesh1-geometry.008               149.40K (152,983)
        mesh1-geometry.007               149.40K (152,983)
        mesh1-geometry.004               149.40K (152,983)
        Plane.048                        24.42K (25,007)
        Plane.039                        20.95K (21,454)
        Plane.037                        13.91K (14,246)
        Plane.047                        10.92K (11,186)
        Plane.045                        5.73K (5,865)
        Plane.042                        5.23K (5,355)
        Plane.043                        4.90K (5,015)
        Plane.055                        1.39K (1,428)
        Plane.058                        1.11K (1,139)
        Plane.059                        1.08K (1,105)
        Plane.054                        765B (765)
        Plane.057                        629B (629)
        Plane.056                        561B (561)
        Plane.035                        493B (493)
        Plane.040                        493B (493)
        Plane.003                        493B (493)
        Plane.009                        493B (493)
        Plane.006                        425B (425)
        Plane.005                        425B (425)
        Plane.008                        357B (357)
        Plane.004                        357B (357)
        Plane.007                        357B (357)
        Plane.032                        221B (221)
        Plane.011                        187B (187)
        Plane.010                        187B (187)
        TopGrassTall                     85B (85)
        Flowers                          85B (85)
        LipMoss                          85B (85)
        TopGrass                         85B (85)
        TopMoss                          85B (85)
        backgroundlight                  50B (50)
        Sun                              46B (46)
Image statistics:
  Full Images:
    kloofendal_overcast_puresky_4k.hdr 128.00M (134,217,728)
    fir_sapling_medium_twigs_nor_gl_2k.png 32.00M (33,554,432)
    fir_sapling_medium_twigs_alpha_2k.png 32.00M (33,554,432)
    fir_sapling_medium_twigs_mask_2k.png 32.00M (33,554,432)
    fir_sapling_medium_twigs_diff_2k.png 32.00M (33,554,432)
    fir_sapling_medium_branches_diff_2k.png 32.00M (33,554,432)
    fir_sapling_medium_branches_nor_gl_2k.png 32.00M (33,554,432)
    rock_moss_set_01_nor_gl_2k.exr   32.00M (33,554,432)
    flower_heliophila_nor_gl_2k.exr  32.00M (33,554,432)
    moss_01_nor_gl_2k.02:53.215  render           | Fra: 1 | Remaining: 00:00.13 | Mem: 1353M | Reading full buffer from disk
exr            32.00M (33,554,432)
    grass_medium_01_nor_gl_2k.exr    32.00M (33,554,432)
    lichen_rock_Diffuse_2k.jpg       16.00M (16,777,216)
    cliff_side_Diffuse_2k.jpg        16.00M (16,777,216)
    lichen_rock_nor_gl_2k.jpg        16.00M (16,777,216)
    aerial_rocks_02_Diffuse_2k.jpg   16.00M (16,777,216)
    cliff_side_nor_gl_2k.jpg         16.00M (16,777,216)
    flower_heliophila_diff_2k.jpg    16.00M (16,777,216)
    forest_ground_04_Diffuse_2k.jpg  16.00M (16,777,216)
    lichen_rock_Rough_2k.jpg         16.00M (16,777,216)
    rock_moss_set_01_diff_2k.jpg     16.00M (16,777,216)
    rock_moss_set_01_rough_2k.jpg    16.00M (16,777,216)
    moss_01_diff_2k.jpg              16.00M (16,777,216)
    grass_medium_01_diff_2k.jpg      16.00M (16,777,216)
    lichen_rock_Displacement_2k.jpg  16.00M (16,777,216)
    forest_ground_04_nor_gl_2k.jpg   16.00M (16,777,216)
    grass_medium_01_rough_2k.exr     8.00M (8,388,608)
    fir_sapling_medium_branches_disp_2k.png 8.00M (8,388,608)
    grass_medium_01_alpha_2k.png     8.00M (8,388,608)
    flower_heliophila_alpha_2k.png   8.00M (8,388,608)
    fir_sapling_medium_branches_rough_2k.png 8.00M (8,388,608)
    flower_heliophila_rough_2k.exr   8.00M (8,388,608)
    fir_sapling_medium_twigs_rough_2k.png 8.00M (8,388,608)
    moss_01_alpha_2k.png             8.00M (8,388,608)
    moss_01_rough_2k.exr             8.00M (8,388,608)
    flower_heliophila_translucency_2k.png 8.00M (8,388,608)
    cliff_side_Displacement_2k.jpg   4.00M (4,194,304)
  Full image memory: 756.00M (792,723,456)
  Overhead image memory: 3.94K (4,032)
  Total image memory: 756.00M (792,727,488)
Profiling information not available (only works with CPU rendering)
02:53.908  render           | Fra: 1 | Remaining: 00:00.14 | Mem: 1353M | ViewLayer | Denoising
03:17.611  render           | Fra: 1 | Remaining: 00:00.61 | Mem: 2334M | ViewLayer | Finishing
03:18.405  render           | Fra: 1 | Remaining: 00:00.63 | Mem: 1353M | Reading full buffer from disk
03:18.808  render           | Fra: 1 | Remaining: 00:00.63 | Mem: 1353M | haze | Denoising
03:47.981  render           | Fra: 1 | Remaining: 00:01.21 | Mem: 2018M | haze | Finishing
03:48.509  render           | Executing compositor
03:48.509  render           | Fra: 1 | Compositing
03:49.184  render           | Saved: '/home/akamel/hero3d/out/still-223/p1c2c/wide-s0-f0.png'
03:49.191  render           | Time: 01:31.88 (Saving: 00:00.56)
still: wrote /home/akamel/hero3d/out/still-223/p1c2c/wide-s0-f0.png 3840x2160

Blender quit
