framing,frame_s,frame_index,attribute,metric,value,unit,region,master_sha256,note
tall,0,0,4a,sky_hex_anchor_0.02,#24384A,hex,x0.02-0.20:y0.02-0.72,8fb54b550875cdf0bc46c240bb5a6868b2f039781ed8de0cfdacdb4493abec81,
tall,0,0,4a,sky_anchor_0.02_best_token,sky_top,token,x0.02-0.20:y0.02-0.72,8fb54b550875cdf0bc46c240bb5a6868b2f039781ed8de0cfdacdb4493abec81,
tall,0,0,4a,sky_anchor_0.02_deltaE_min,21.688588664201696,dE76,x0.02-0.20:y0.02-0.72,8fb54b550875cdf0bc46c240bb5a6868b2f039781ed8de0cfdacdb4493abec81,nearest of the four settled sky/haze tokens
tall,0,0,4a,sky_hex_anchor_0.10,#436580,hex,x0.02-0.20:y0.02-0.72,8fb54b550875cdf0bc46c240bb5a6868b2f039781ed8de0cfdacdb4493abec81,
tall,0,0,4a,sky_anchor_0.10_best_token,sky_top,token,x0.02-0.20:y0.02-0.72,8fb54b550875cdf0bc46c240bb5a6868b2f039781ed8de0cfdacdb4493abec81,
tall,0,0,4a,sky_anchor_0.10_deltaE_min,5.13854813432212,dE76,x0.02-0.20:y0.02-0.72,8fb54b550875cdf0bc46c240bb5a6868b2f039781ed8de0cfdacdb4493abec81,nearest of the four settled sky/haze tokens
tall,0,0,4a,sky_hex_anchor_0.25,#587998,hex,x0.02-0.20:y0.02-0.72,8fb54b550875cdf0bc46c240bb5a6868b2f039781ed8de0cfdacdb4493abec81,
tall,0,0,4a,sky_anchor_0.25_best_token,sky_top,token,x0.02-0.20:y0.02-0.72,8fb54b550875cdf0bc46c240bb5a6868b2f039781ed8de0cfdacdb4493abec81,
tall,0,0,4a,sky_anchor_0.25_deltaE_min,7.88745043461323,dE76,x0.02-0.20:y0.02-0.72,8fb54b550875cdf0bc46c240bb5a6868b2f039781ed8de0cfdacdb4493abec81,nearest of the four settled sky/haze tokens
tall,0,0,4a,sky_hex_anchor_0.40,#7896B0,hex,x0.02-0.20:y0.02-0.72,8fb54b550875cdf0bc46c240bb5a6868b2f039781ed8de0cfdacdb4493abec81,
tall,0,0,4a,sky_anchor_0.40_best_token,sky_mid,token,x0.02-0.20:y0.02-0.72,8fb54b550875cdf0bc46c240bb5a6868b2f039781ed8de0cfdacdb4493abec81,
tall,0,0,4a,sky_anchor_0.40_deltaE_min,3.7883812925862648,dE76,x0.02-0.20:y0.02-0.72,8fb54b550875cdf0bc46c240bb5a6868b2f039781ed8de0cfdacdb4493abec81,nearest of the four settled sky/haze tokens
tall,0,0,4a,sky_hex_anchor_0.55,#92AAC0,hex,x0.02-0.20:y0.02-0.72,8fb54b550875cdf0bc46c240bb5a6868b2f039781ed8de0cfdacdb4493abec81,
tall,0,0,4a,sky_anchor_0.55_best_token,sky_mid,token,x0.02-0.20:y0.02-0.72,8fb54b550875cdf0bc46c240bb5a6868b2f039781ed8de0cfdacdb4493abec81,
tall,0,0,4a,sky_anchor_0.55_deltaE_min,7.146897019452996,dE76,x0.02-0.20:y0.02-0.72,8fb54b550875cdf0bc46c240bb5a6868b2f039781ed8de0cfdacdb4493abec81,nearest of the four settled sky/haze tokens
tall,0,0,4a,sky_hex_anchor_0.68,#C4CCD5,hex,x0.02-0.20:y0.02-0.72,8fb54b550875cdf0bc46c240bb5a6868b2f039781ed8de0cfdacdb4493abec81,
tall,0,0,4a,sky_anchor_0.68_best_token,sky_low,token,x0.02-0.20:y0.02-0.72,8fb54b550875cdf0bc46c240bb5a6868b2f039781ed8de0cfdacdb4493abec81,
tall,0,0,4a,sky_anchor_0.68_deltaE_min,7.915428399561086,dE76,x0.02-0.20:y0.02-0.72,8fb54b550875cdf0bc46c240bb5a6868b2f039781ed8de0cfdacdb4493abec81,nearest of the four settled sky/haze tokens
tall,0,0,4a,sky_hex_top,#3E5F7D,hex,x0.02-0.20:y0.02-0.72,8fb54b550875cdf0bc46c240bb5a6868b2f039781ed8de0cfdacdb4493abec81,
tall,0,0,4a,sky_deltaE_top_vs_sky_top,7.388096358079849,dE76,x0.02-0.20:y0.02-0.72,8fb54b550875cdf0bc46c240bb5a6868b2f039781ed8de0cfdacdb4493abec81,
tall,0,0,4a,sky_deltaE_top_vs_sky_mid,23.576742323433,dE76,x0.02-0.20:y0.02-0.72,8fb54b550875cdf0bc46c240bb5a6868b2f039781ed8de0cfdacdb4493abec81,
tall,0,0,4a,sky_deltaE_top_vs_sky_low,37.46012978199959,dE76,x0.02-0.20:y0.02-0.72,8fb54b550875cdf0bc46c240bb5a6868b2f039781ed8de0cfdacdb4493abec81,
tall,0,0,4a,sky_deltaE_top_vs_haze,22.608857972864435,dE76,x0.02-0.20:y0.02-0.72,8fb54b550875cdf0bc46c240bb5a6868b2f039781ed8de0cfdacdb4493abec81,
tall,0,0,4a,sky_hex_mid,#6D8DA9,hex,x0.02-0.20:y0.02-0.72,8fb54b550875cdf0bc46c240bb5a6868b2f039781ed8de0cfdacdb4493abec81,
tall,0,0,4a,sky_deltaE_mid_vs_sky_top,13.88979111669106,dE76,x0.02-0.20:y0.02-0.72,8fb54b550875cdf0bc46c240bb5a6868b2f039781ed8de0cfdacdb4493abec81,
tall,0,0,4a,sky_deltaE_mid_vs_sky_mid,6.547036875605916,dE76,x0.02-0.20:y0.02-0.72,8fb54b550875cdf0bc46c240bb5a6868b2f039781ed8de0cfdacdb4493abec81,
tall,0,0,4a,sky_deltaE_mid_vs_sky_low,19.925522066404415,dE76,x0.02-0.20:y0.02-0.72,8fb54b550875cdf0bc46c240bb5a6868b2f039781ed8de0cfdacdb4493abec81,
tall,0,0,4a,sky_deltaE_mid_vs_haze,12.373299771886783,dE76,x0.02-0.20:y0.02-0.72,8fb54b550875cdf0bc46c240bb5a6868b2f039781ed8de0cfdacdb4493abec81,
tall,0,0,4a,sky_hex_horizon,#B5C0CF,hex,x0.02-0.20:y0.02-0.72,8fb54b550875cdf0bc46c240bb5a6868b2f039781ed8de0cfdacdb4493abec81,
tall,0,0,4a,sky_deltaE_horizon_vs_sky_top,34.59593723353447,dE76,x0.02-0.20:y0.02-0.72,8fb54b550875cdf0bc46c240bb5a6868b2f039781ed8de0cfdacdb4493abec81,
tall,0,0,4a,sky_deltaE_horizon_vs_sky_mid,16.927818956533493,dE76,x0.02-0.20:y0.02-0.72,8fb54b550875cdf0bc46c240bb5a6868b2f039781ed8de0cfdacdb4493abec81,
tall,0,0,4a,sky_deltaE_horizon_vs_sky_low,3.0242705560702903,dE76,x0.02-0.20:y0.02-0.72,8fb54b550875cdf0bc46c240bb5a6868b2f039781ed8de0cfdacdb4493abec81,
tall,0,0,4a,sky_deltaE_horizon_vs_haze,21.322924980907253,dE76,x0.02-0.20:y0.02-0.72,8fb54b550875cdf0bc46c240bb5a6868b2f039781ed8de0cfdacdb4493abec81,
tall,0,0,4a,haze_hex,#B9C3D1,hex,x0.02-0.35:y0.62-0.72,8fb54b550875cdf0bc46c240bb5a6868b2f039781ed8de0cfdacdb4493abec81,
tall,0,0,4a,haze_deltaE_vs_haze_token,22.34747250100877,dE76,x0.02-0.35:y0.62-0.72,8fb54b550875cdf0bc46c240bb5a6868b2f039781ed8de0cfdacdb4493abec81,
tall,0,0,4a,sky_slope_R,1.931380040637208,levels/%H,x0.02-0.20:y0.02-0.72,8fb54b550875cdf0bc46c240bb5a6868b2f039781ed8de0cfdacdb4493abec81,
tall,0,0,4a,sky_r2_R,0.9787969312690834,1,x0.02-0.20:y0.02-0.72,8fb54b550875cdf0bc46c240bb5a6868b2f039781ed8de0cfdacdb4493abec81,
tall,0,0,4a,sky_slope_G,1.6152870924353917,levels/%H,x0.02-0.20:y0.02-0.72,8fb54b550875cdf0bc46c240bb5a6868b2f039781ed8de0cfdacdb4493abec81,
tall,0,0,4a,sky_r2_G,0.9915460228959315,1,x0.02-0.20:y0.02-0.72,8fb54b550875cdf0bc46c240bb5a6868b2f039781ed8de0cfdacdb4493abec81,
tall,0,0,4a,sky_slope_B,1.3846074315737396,levels/%H,x0.02-0.20:y0.02-0.72,8fb54b550875cdf0bc46c240bb5a6868b2f039781ed8de0cfdacdb4493abec81,
tall,0,0,4a,sky_r2_B,0.9915839457376918,1,x0.02-0.20:y0.02-0.72,8fb54b550875cdf0bc46c240bb5a6868b2f039781ed8de0cfdacdb4493abec81,
tall,0,0,4b,contrast_rms_D1,19.215242728112866,levels,x0.70-0.98:y0.55-0.80,8fb54b550875cdf0bc46c240bb5a6868b2f039781ed8de0cfdacdb4493abec81,
tall,0,0,4b,sat_S_D1,0.48646720512363684,S,x0.70-0.98:y0.55-0.80,8fb54b550875cdf0bc46c240bb5a6868b2f039781ed8de0cfdacdb4493abec81,
tall,0,0,4b,value_V_D1,55.74413050964187,levels,x0.70-0.98:y0.55-0.80,8fb54b550875cdf0bc46c240bb5a6868b2f039781ed8de0cfdacdb4493abec81,
tall,0,0,4b,contrast_rms_D2,0.5730464627305604,levels,x0.02-0.35:y0.72-0.85,8fb54b550875cdf0bc46c240bb5a6868b2f039781ed8de0cfdacdb4493abec81,
tall,0,0,4b,sat_S_D2,0.18525903853662304,S,x0.02-0.35:y0.72-0.85,8fb54b550875cdf0bc46c240bb5a6868b2f039781ed8de0cfdacdb4493abec81,
tall,0,0,4b,value_V_D2,192.02119526570672,levels,x0.02-0.35:y0.72-0.85,8fb54b550875cdf0bc46c240bb5a6868b2f039781ed8de0cfdacdb4493abec81,
tall,0,0,4b,contrast_rms_D3,0.44495210164057736,levels,x0.02-0.35:y0.62-0.72,8fb54b550875cdf0bc46c240bb5a6868b2f039781ed8de0cfdacdb4493abec81,
tall,0,0,4b,sat_S_D3,0.11490628559298147,S,x0.02-0.35:y0.62-0.72,8fb54b550875cdf0bc46c240bb5a6868b2f039781ed8de0cfdacdb4493abec81,
tall,0,0,4b,value_V_D3,208.53618805516598,levels,x0.02-0.35:y0.62-0.72,8fb54b550875cdf0bc46c240bb5a6868b2f039781ed8de0cfdacdb4493abec81,
tall,0,0,4b,falloff_rms_D2_D1,0.029822494091743354,ratio,x0.02-0.35:y0.72-0.85,8fb54b550875cdf0bc46c240bb5a6868b2f039781ed8de0cfdacdb4493abec81,
tall,0,0,4b,falloff_rms_D3_D1,0.02315620509906909,ratio,x0.02-0.35:y0.62-0.72,8fb54b550875cdf0bc46c240bb5a6868b2f039781ed8de0cfdacdb4493abec81,
tall,0,0,4b,falloff_sat_D2_D1,0.3808253394790282,ratio,x0.02-0.35:y0.72-0.85,8fb54b550875cdf0bc46c240bb5a6868b2f039781ed8de0cfdacdb4493abec81,
tall,0,0,4b,falloff_sat_D3_D1,0.2362056154716077,ratio,x0.02-0.35:y0.62-0.72,8fb54b550875cdf0bc46c240bb5a6868b2f039781ed8de0cfdacdb4493abec81,
tall,0,0,4c,bloom_peak_L,221.44199999999998,levels,x0.50-0.75:y0.30-0.55,8fb54b550875cdf0bc46c240bb5a6868b2f039781ed8de0cfdacdb4493abec81,
tall,0,0,4c,bloom_bg_L,141.07399999999998,levels,x0.50-0.75:y0.30-0.55,8fb54b550875cdf0bc46c240bb5a6868b2f039781ed8de0cfdacdb4493abec81,
tall,0,0,4c,bloom_peak_bg_ratio,1.5696868310248522,ratio,x0.50-0.75:y0.30-0.55,8fb54b550875cdf0bc46c240bb5a6868b2f039781ed8de0cfdacdb4493abec81,
tall,0,0,4c,bloom_r50_px,0.6363104380543096,px,x0.50-0.75:y0.30-0.55,8fb54b550875cdf0bc46c240bb5a6868b2f039781ed8de0cfdacdb4493abec81,"edge-limited: peak sits on the island silhouette, not sky; TOOL (ESRGAN/HEVC) — not a resolvable sky-side halo"
tall,0,0,4c,bloom_r50_pctH,0.01657058432433098,%H,x0.50-0.75:y0.30-0.55,8fb54b550875cdf0bc46c240bb5a6868b2f039781ed8de0cfdacdb4493abec81,
tall,0,0,4c,bloom_falloff_10_90_px,0.982191492813796,px,x0.50-0.75:y0.30-0.55,8fb54b550875cdf0bc46c240bb5a6868b2f039781ed8de0cfdacdb4493abec81,
tall,0,0,4d,shadow_p0_1,0.6378,levels,x0.55-1.00:y0.72-0.90,8fb54b550875cdf0bc46c240bb5a6868b2f039781ed8de0cfdacdb4493abec81,
tall,0,0,4d,shadow_p1,2.1444,levels,x0.55-1.00:y0.72-0.90,8fb54b550875cdf0bc46c240bb5a6868b2f039781ed8de0cfdacdb4493abec81,black floor = p1; HEVC crush is the limit
tall,0,0,4d,shadow_p5,5.3702000000000005,levels,x0.55-1.00:y0.72-0.90,8fb54b550875cdf0bc46c240bb5a6868b2f039781ed8de0cfdacdb4493abec81,
tall,0,0,4d,shadow_p50,34.89,levels,x0.55-1.00:y0.72-0.90,8fb54b550875cdf0bc46c240bb5a6868b2f039781ed8de0cfdacdb4493abec81,
tall,0,0,4d,shadow_min,0,levels,x0.55-1.00:y0.72-0.90,8fb54b550875cdf0bc46c240bb5a6868b2f039781ed8de0cfdacdb4493abec81,
tall,0,0,4d,shadow_floor_lifted,0,bool,x0.55-1.00:y0.72-0.90,8fb54b550875cdf0bc46c240bb5a6868b2f039781ed8de0cfdacdb4493abec81,"1 = p1 >= 8 levels, i.e. clearly above the codec floor"
tall,0,0,4e,dof_lapvar_D1,1143.9333213014813,levels2,x0.70-0.98:y0.55-0.80,8fb54b550875cdf0bc46c240bb5a6868b2f039781ed8de0cfdacdb4493abec81,
tall,0,0,4e,dof_lapvar_D2,1.0524610657234248,levels2,x0.02-0.35:y0.72-0.85,8fb54b550875cdf0bc46c240bb5a6868b2f039781ed8de0cfdacdb4493abec81,
tall,0,0,4e,dof_lapvar_D3,0.8565695203641065,levels2,x0.02-0.35:y0.62-0.72,8fb54b550875cdf0bc46c240bb5a6868b2f039781ed8de0cfdacdb4493abec81,
tall,0,0,4e,dof_ratio_D1_D2,1086.912721579094,ratio,x0.02-0.35:y0.72-0.85,8fb54b550875cdf0bc46c240bb5a6868b2f039781ed8de0cfdacdb4493abec81,
tall,0,0,4e,dof_sigma_D2_px,3.28948974609375,px,x0.02-0.35:y0.72-0.85,8fb54b550875cdf0bc46c240bb5a6868b2f039781ed8de0cfdacdb4493abec81,D1 blurred to match band; sharp end is TOOL
tall,0,0,4e,dof_sigma_D2_pctH,0.0856637954711914,%H,x0.02-0.35:y0.72-0.85,8fb54b550875cdf0bc46c240bb5a6868b2f039781ed8de0cfdacdb4493abec81,
tall,0,0,4e,dof_sigma_D3_px,3.46405029296875,px,x0.02-0.35:y0.62-0.72,8fb54b550875cdf0bc46c240bb5a6868b2f039781ed8de0cfdacdb4493abec81,D1 blurred to match band; sharp end is TOOL
tall,0,0,4e,dof_sigma_D3_pctH,0.09020964304606119,%H,x0.02-0.35:y0.62-0.72,8fb54b550875cdf0bc46c240bb5a6868b2f039781ed8de0cfdacdb4493abec81,
tall,0,0,4f,grain_sigma_R,0.2935310499488718,levels,x0.02-0.35:y0.02-0.45,8fb54b550875cdf0bc46c240bb5a6868b2f039781ed8de0cfdacdb4493abec81,TOOL (ESRGAN/RIFE); native 4K
tall,0,0,4f,grain_sigma_G,0.2682740571654065,levels,x0.02-0.35:y0.02-0.45,8fb54b550875cdf0bc46c240bb5a6868b2f039781ed8de0cfdacdb4493abec81,TOOL (ESRGAN/RIFE); native 4K
tall,0,0,4f,grain_sigma_B,0.3347553427815912,levels,x0.02-0.35:y0.02-0.45,8fb54b550875cdf0bc46c240bb5a6868b2f039781ed8de0cfdacdb4493abec81,TOOL (ESRGAN/RIFE); native 4K
tall,0,0,4f,grain_acf_halfmax_x,2,px,x0.02-0.35:y0.02-0.45,8fb54b550875cdf0bc46c240bb5a6868b2f039781ed8de0cfdacdb4493abec81,
tall,0,0,4f,grain_acf_zerocross_x,-1,px,x0.02-0.35:y0.02-0.45,8fb54b550875cdf0bc46c240bb5a6868b2f039781ed8de0cfdacdb4493abec81,
tall,0,0,4f,grain_acf_halfmax_y,2,px,x0.02-0.35:y0.02-0.45,8fb54b550875cdf0bc46c240bb5a6868b2f039781ed8de0cfdacdb4493abec81,
tall,0,0,4f,grain_acf_zerocross_y,4,px,x0.02-0.35:y0.02-0.45,8fb54b550875cdf0bc46c240bb5a6868b2f039781ed8de0cfdacdb4493abec81,
tall,0,0,4g,palette_turf_median_hex,#242E11,hex,x0.55-1.00:y0.45-0.90,8fb54b550875cdf0bc46c240bb5a6868b2f039781ed8de0cfdacdb4493abec81,island-local split; +-2 %H boundary
tall,0,0,4g,palette_turf_meanS,0.5849632616824433,S,x0.55-1.00:y0.45-0.90,8fb54b550875cdf0bc46c240bb5a6868b2f039781ed8de0cfdacdb4493abec81,
tall,0,0,4g,palette_turf_meanV,55.458504210806005,levels,x0.55-1.00:y0.45-0.90,8fb54b550875cdf0bc46c240bb5a6868b2f039781ed8de0cfdacdb4493abec81,
tall,0,0,4g,palette_turf_share,0.1605231657349809,fraction,x0.55-1.00:y0.45-0.90,8fb54b550875cdf0bc46c240bb5a6868b2f039781ed8de0cfdacdb4493abec81,
tall,0,0,4g,palette_turf_k1_hex,#17210C,hex,x0.55-1.00:y0.45-0.90,8fb54b550875cdf0bc46c240bb5a6868b2f039781ed8de0cfdacdb4493abec81,k-means k=3 seed 0; informational
tall,0,0,4g,palette_turf_k1_share,0.6023127664244539,fraction,x0.55-1.00:y0.45-0.90,8fb54b550875cdf0bc46c240bb5a6868b2f039781ed8de0cfdacdb4493abec81,
tall,0,0,4g,palette_turf_k2_hex,#424D22,hex,x0.55-1.00:y0.45-0.90,8fb54b550875cdf0bc46c240bb5a6868b2f039781ed8de0cfdacdb4493abec81,k-means k=3 seed 0; informational
tall,0,0,4g,palette_turf_k2_share,0.3167230802998972,fraction,x0.55-1.00:y0.45-0.90,8fb54b550875cdf0bc46c240bb5a6868b2f039781ed8de0cfdacdb4493abec81,
tall,0,0,4g,palette_turf_k3_hex,#7F8B67,hex,x0.55-1.00:y0.45-0.90,8fb54b550875cdf0bc46c240bb5a6868b2f039781ed8de0cfdacdb4493abec81,k-means k=3 seed 0; informational
tall,0,0,4g,palette_turf_k3_share,0.08096415327564895,fraction,x0.55-1.00:y0.45-0.90,8fb54b550875cdf0bc46c240bb5a6868b2f039781ed8de0cfdacdb4493abec81,
tall,0,0,4g,palette_moss_median_hex,#343E10,hex,x0.55-1.00:y0.45-0.90,8fb54b550875cdf0bc46c240bb5a6868b2f039781ed8de0cfdacdb4493abec81,island-local split; +-2 %H boundary
tall,0,0,4g,palette_moss_meanS,0.7066252587424019,S,x0.55-1.00:y0.45-0.90,8fb54b550875cdf0bc46c240bb5a6868b2f039781ed8de0cfdacdb4493abec81,
tall,0,0,4g,palette_moss_meanV,66.82732682419551,levels,x0.55-1.00:y0.45-0.90,8fb54b550875cdf0bc46c240bb5a6868b2f039781ed8de0cfdacdb4493abec81,
tall,0,0,4g,palette_moss_share,0.16048978638140918,fraction,x0.55-1.00:y0.45-0.90,8fb54b550875cdf0bc46c240bb5a6868b2f039781ed8de0cfdacdb4493abec81,
tall,0,0,4g,palette_moss_k1_hex,#1D2509,hex,x0.55-1.00:y0.45-0.90,8fb54b550875cdf0bc46c240bb5a6868b2f039781ed8de0cfdacdb4493abec81,k-means k=3 seed 0; informational
tall,0,0,4g,palette_moss_k1_share,0.4544225547403085,fraction,x0.55-1.00:y0.45-0.90,8fb54b550875cdf0bc46c240bb5a6868b2f039781ed8de0cfdacdb4493abec81,
tall,0,0,4g,palette_moss_k2_hex,#434E19,hex,x0.55-1.00:y0.45-0.90,8fb54b550875cdf0bc46c240bb5a6868b2f039781ed8de0cfdacdb4493abec81,k-means k=3 seed 0; informational
tall,0,0,4g,palette_moss_k2_share,0.40160032353111097,fraction,x0.55-1.00:y0.45-0.90,8fb54b550875cdf0bc46c240bb5a6868b2f039781ed8de0cfdacdb4493abec81,
tall,0,0,4g,palette_moss_k3_hex,#76803A,hex,x0.55-1.00:y0.45-0.90,8fb54b550875cdf0bc46c240bb5a6868b2f039781ed8de0cfdacdb4493abec81,k-means k=3 seed 0; informational
tall,0,0,4g,palette_moss_k3_share,0.14397712172858051,fraction,x0.55-1.00:y0.45-0.90,8fb54b550875cdf0bc46c240bb5a6868b2f039781ed8de0cfdacdb4493abec81,
tall,0,0,4g,palette_soil_median_hex,#1F2126,hex,x0.55-1.00:y0.45-0.90,8fb54b550875cdf0bc46c240bb5a6868b2f039781ed8de0cfdacdb4493abec81,island-local split; +-2 %H boundary
tall,0,0,4g,palette_soil_meanS,0.3304322850078257,S,x0.55-1.00:y0.45-0.90,8fb54b550875cdf0bc46c240bb5a6868b2f039781ed8de0cfdacdb4493abec81,
tall,0,0,4g,palette_soil_meanV,51.30990382707548,levels,x0.55-1.00:y0.45-0.90,8fb54b550875cdf0bc46c240bb5a6868b2f039781ed8de0cfdacdb4493abec81,
tall,0,0,4g,palette_soil_share,0.31776773718580525,fraction,x0.55-1.00:y0.45-0.90,8fb54b550875cdf0bc46c240bb5a6868b2f039781ed8de0cfdacdb4493abec81,
tall,0,0,4g,palette_soil_k1_hex,#181C1F,hex,x0.55-1.00:y0.45-0.90,8fb54b550875cdf0bc46c240bb5a6868b2f039781ed8de0cfdacdb4493abec81,k-means k=3 seed 0; informational
tall,0,0,4g,palette_soil_k1_share,0.6452660511910736,fraction,x0.55-1.00:y0.45-0.90,8fb54b550875cdf0bc46c240bb5a6868b2f039781ed8de0cfdacdb4493abec81,
tall,0,0,4g,palette_soil_k2_hex,#393B3D,hex,x0.55-1.00:y0.45-0.90,8fb54b550875cdf0bc46c240bb5a6868b2f039781ed8de0cfdacdb4493abec81,k-means k=3 seed 0; informational
tall,0,0,4g,palette_soil_k2_share,0.2752512284223672,fraction,x0.55-1.00:y0.45-0.90,8fb54b550875cdf0bc46c240bb5a6868b2f039781ed8de0cfdacdb4493abec81,
tall,0,0,4g,palette_soil_k3_hex,#807F7D,hex,x0.55-1.00:y0.45-0.90,8fb54b550875cdf0bc46c240bb5a6868b2f039781ed8de0cfdacdb4493abec81,k-means k=3 seed 0; informational
tall,0,0,4g,palette_soil_k3_share,0.07948272038655914,fraction,x0.55-1.00:y0.45-0.90,8fb54b550875cdf0bc46c240bb5a6868b2f039781ed8de0cfdacdb4493abec81,
tall,0,0,4g,palette_pebble_median_hex,#1B1B10,hex,x0.55-1.00:y0.45-0.90,8fb54b550875cdf0bc46c240bb5a6868b2f039781ed8de0cfdacdb4493abec81,island-local split; +-2 %H boundary
tall,0,0,4g,palette_pebble_meanS,0.44785877095762416,S,x0.55-1.00:y0.45-0.90,8fb54b550875cdf0bc46c240bb5a6868b2f039781ed8de0cfdacdb4493abec81,
tall,0,0,4g,palette_pebble_meanV,38.62357659174176,levels,x0.55-1.00:y0.45-0.90,8fb54b550875cdf0bc46c240bb5a6868b2f039781ed8de0cfdacdb4493abec81,
tall,0,0,4g,palette_pebble_share,0.037455343524544486,fraction,x0.55-1.00:y0.45-0.90,8fb54b550875cdf0bc46c240bb5a6868b2f039781ed8de0cfdacdb4493abec81,
tall,0,0,4g,palette_pebble_k1_hex,#10100B,hex,x0.55-1.00:y0.45-0.90,8fb54b550875cdf0bc46c240bb5a6868b2f039781ed8de0cfdacdb4493abec81,k-means k=3 seed 0; informational
tall,0,0,4g,palette_pebble_k1_share,0.5684473710268343,fraction,x0.55-1.00:y0.45-0.90,8fb54b550875cdf0bc46c240bb5a6868b2f039781ed8de0cfdacdb4493abec81,
tall,0,0,4g,palette_pebble_k2_hex,#32321B,hex,x0.55-1.00:y0.45-0.90,8fb54b550875cdf0bc46c240bb5a6868b2f039781ed8de0cfdacdb4493abec81,k-means k=3 seed 0; informational
tall,0,0,4g,palette_pebble_k2_share,0.31770472323992477,fraction,x0.55-1.00:y0.45-0.90,8fb54b550875cdf0bc46c240bb5a6868b2f039781ed8de0cfdacdb4493abec81,
tall,0,0,4g,palette_pebble_k3_hex,#63624A,hex,x0.55-1.00:y0.45-0.90,8fb54b550875cdf0bc46c240bb5a6868b2f039781ed8de0cfdacdb4493abec81,k-means k=3 seed 0; informational
tall,0,0,4g,palette_pebble_k3_share,0.11384790573324091,fraction,x0.55-1.00:y0.45-0.90,8fb54b550875cdf0bc46c240bb5a6868b2f039781ed8de0cfdacdb4493abec81,
tall,0,0,4g,palette_basalt_median_hex,#070B10,hex,x0.55-1.00:y0.45-0.90,8fb54b550875cdf0bc46c240bb5a6868b2f039781ed8de0cfdacdb4493abec81,island-local split; +-2 %H boundary
tall,0,0,4g,palette_basalt_meanS,0.6188502382010443,S,x0.55-1.00:y0.45-0.90,8fb54b550875cdf0bc46c240bb5a6868b2f039781ed8de0cfdacdb4493abec81,
tall,0,0,4g,palette_basalt_meanV,16.259890717038918,levels,x0.55-1.00:y0.45-0.90,8fb54b550875cdf0bc46c240bb5a6868b2f039781ed8de0cfdacdb4493abec81,
tall,0,0,4g,palette_basalt_share,0.21312902696402725,fraction,x0.55-1.00:y0.45-0.90,8fb54b550875cdf0bc46c240bb5a6868b2f039781ed8de0cfdacdb4493abec81,
tall,0,0,4g,palette_basalt_k1_hex,#090B0E,hex,x0.55-1.00:y0.45-0.90,8fb54b550875cdf0bc46c240bb5a6868b2f039781ed8de0cfdacdb4493abec81,k-means k=3 seed 0; informational
tall,0,0,4g,palette_basalt_k1_share,0.375329545553419,fraction,x0.55-1.00:y0.45-0.90,8fb54b550875cdf0bc46c240bb5a6868b2f039781ed8de0cfdacdb4493abec81,
tall,0,0,4g,palette_basalt_k2_hex,#0A0F17,hex,x0.55-1.00:y0.45-0.90,8fb54b550875cdf0bc46c240bb5a6868b2f039781ed8de0cfdacdb4493abec81,k-means k=3 seed 0; informational
tall,0,0,4g,palette_basalt_k2_share,0.34441534485908937,fraction,x0.55-1.00:y0.45-0.90,8fb54b550875cdf0bc46c240bb5a6868b2f039781ed8de0cfdacdb4493abec81,
tall,0,0,4g,palette_basalt_k3_hex,#040506,hex,x0.55-1.00:y0.45-0.90,8fb54b550875cdf0bc46c240bb5a6868b2f039781ed8de0cfdacdb4493abec81,k-means k=3 seed 0; informational
tall,0,0,4g,palette_basalt_k3_share,0.2802551095874916,fraction,x0.55-1.00:y0.45-0.90,8fb54b550875cdf0bc46c240bb5a6868b2f039781ed8de0cfdacdb4493abec81,
tall,0,0,4g,palette_turf_vs_517046_deltaE,28.45656596698731,dE76,x0.55-1.00:y0.45-0.90,8fb54b550875cdf0bc46c240bb5a6868b2f039781ed8de0cfdacdb4493abec81,"informational: #517046 is a reference-reel value, not a hero target"
tall,0,0,4g,palette_basalt_vs_474B59_deltaE,29.81654646763911,dE76,x0.55-1.00:y0.45-0.90,8fb54b550875cdf0bc46c240bb5a6868b2f039781ed8de0cfdacdb4493abec81,"informational: #474B59 is a reference-reel value, not a hero target"
tall,0,0,4h,conifer_dark_area_pct,30.751416225037193,%,x0.62-0.95:y0.44-0.62,8fb54b550875cdf0bc46c240bb5a6868b2f039781ed8de0cfdacdb4493abec81,
tall,0,0,4h,conifer_edge_density,0.43273869810811416,fraction,x0.62-0.95:y0.44-0.62,8fb54b550875cdf0bc46c240bb5a6868b2f039781ed8de0cfdacdb4493abec81,Sobel mag > 12 levels
tall,4.05,486,4a,sky_hex_anchor_0.02,#24384A,hex,x0.02-0.20:y0.02-0.72,8fb54b550875cdf0bc46c240bb5a6868b2f039781ed8de0cfdacdb4493abec81,
tall,4.05,486,4a,sky_anchor_0.02_best_token,sky_top,token,x0.02-0.20:y0.02-0.72,8fb54b550875cdf0bc46c240bb5a6868b2f039781ed8de0cfdacdb4493abec81,
tall,4.05,486,4a,sky_anchor_0.02_deltaE_min,21.710654069440015,dE76,x0.02-0.20:y0.02-0.72,8fb54b550875cdf0bc46c240bb5a6868b2f039781ed8de0cfdacdb4493abec81,nearest of the four settled sky/haze tokens
tall,4.05,486,4a,sky_hex_anchor_0.10,#436481,hex,x0.02-0.20:y0.02-0.72,8fb54b550875cdf0bc46c240bb5a6868b2f039781ed8de0cfdacdb4493abec81,
tall,4.05,486,4a,sky_anchor_0.10_best_token,sky_top,token,x0.02-0.20:y0.02-0.72,8fb54b550875cdf0bc46c240bb5a6868b2f039781ed8de0cfdacdb4493abec81,
tall,4.05,486,4a,sky_anchor_0.10_deltaE_min,5.902596717543479,dE76,x0.02-0.20:y0.02-0.72,8fb54b550875cdf0bc46c240bb5a6868b2f039781ed8de0cfdacdb4493abec81,nearest of the four settled sky/haze tokens
tall,4.05,486,4a,sky_hex_anchor_0.25,#587997,hex,x0.02-0.20:y0.02-0.72,8fb54b550875cdf0bc46c240bb5a6868b2f039781ed8de0cfdacdb4493abec81,
tall,4.05,486,4a,sky_anchor_0.25_best_token,sky_top,token,x0.02-0.20:y0.02-0.72,8fb54b550875cdf0bc46c240bb5a6868b2f039781ed8de0cfdacdb4493abec81,
tall,4.05,486,4a,sky_anchor_0.25_deltaE_min,7.870583686268226,dE76,x0.02-0.20:y0.02-0.72,8fb54b550875cdf0bc46c240bb5a6868b2f039781ed8de0cfdacdb4493abec81,nearest of the four settled sky/haze tokens
tall,4.05,486,4a,sky_hex_anchor_0.40,#7896B1,hex,x0.02-0.20:y0.02-0.72,8fb54b550875cdf0bc46c240bb5a6868b2f039781ed8de0cfdacdb4493abec81,
tall,4.05,486,4a,sky_anchor_0.40_best_token,sky_mid,token,x0.02-0.20:y0.02-0.72,8fb54b550875cdf0bc46c240bb5a6868b2f039781ed8de0cfdacdb4493abec81,
tall,4.05,486,4a,sky_anchor_0.40_deltaE_min,3.951886914176532,dE76,x0.02-0.20:y0.02-0.72,8fb54b550875cdf0bc46c240bb5a6868b2f039781ed8de0cfdacdb4493abec81,nearest of the four settled sky/haze tokens
tall,4.05,486,4a,sky_hex_anchor_0.55,#92AAC0,hex,x0.02-0.20:y0.02-0.72,8fb54b550875cdf0bc46c240bb5a6868b2f039781ed8de0cfdacdb4493abec81,
tall,4.05,486,4a,sky_anchor_0.55_best_token,sky_mid,token,x0.02-0.20:y0.02-0.72,8fb54b550875cdf0bc46c240bb5a6868b2f039781ed8de0cfdacdb4493abec81,
tall,4.05,486,4a,sky_anchor_0.55_deltaE_min,7.136679864281186,dE76,x0.02-0.20:y0.02-0.72,8fb54b550875cdf0bc46c240bb5a6868b2f039781ed8de0cfdacdb4493abec81,nearest of the four settled sky/haze tokens
tall,4.05,486,4a,sky_hex_anchor_0.68,#C4CCD5,hex,x0.02-0.20:y0.02-0.72,8fb54b550875cdf0bc46c240bb5a6868b2f039781ed8de0cfdacdb4493abec81,
tall,4.05,486,4a,sky_anchor_0.68_best_token,sky_low,token,x0.02-0.20:y0.02-0.72,8fb54b550875cdf0bc46c240bb5a6868b2f039781ed8de0cfdacdb4493abec81,
tall,4.05,486,4a,sky_anchor_0.68_deltaE_min,7.96435504516399,dE76,x0.02-0.20:y0.02-0.72,8fb54b550875cdf0bc46c240bb5a6868b2f039781ed8de0cfdacdb4493abec81,nearest of the four settled sky/haze tokens
tall,4.05,486,4a,sky_hex_top,#3E5F7D,hex,x0.02-0.20:y0.02-0.72,8fb54b550875cdf0bc46c240bb5a6868b2f039781ed8de0cfdacdb4493abec81,
tall,4.05,486,4a,sky_deltaE_top_vs_sky_top,7.438378730588824,dE76,x0.02-0.20:y0.02-0.72,8fb54b550875cdf0bc46c240bb5a6868b2f039781ed8de0cfdacdb4493abec81,
tall,4.05,486,4a,sky_deltaE_top_vs_sky_mid,23.607804394888298,dE76,x0.02-0.20:y0.02-0.72,8fb54b550875cdf0bc46c240bb5a6868b2f039781ed8de0cfdacdb4493abec81,
tall,4.05,486,4a,sky_deltaE_top_vs_sky_low,37.490847336717344,dE76,x0.02-0.20:y0.02-0.72,8fb54b550875cdf0bc46c240bb5a6868b2f039781ed8de0cfdacdb4493abec81,
tall,4.05,486,4a,sky_deltaE_top_vs_haze,22.657605926756617,dE76,x0.02-0.20:y0.02-0.72,8fb54b550875cdf0bc46c240bb5a6868b2f039781ed8de0cfdacdb4493abec81,
tall,4.05,486,4a,sky_hex_mid,#6D8DA9,hex,x0.02-0.20:y0.02-0.72,8fb54b550875cdf0bc46c240bb5a6868b2f039781ed8de0cfdacdb4493abec81,
tall,4.05,486,4a,sky_deltaE_mid_vs_sky_top,13.951220060650083,dE76,x0.02-0.20:y0.02-0.72,8fb54b550875cdf0bc46c240bb5a6868b2f039781ed8de0cfdacdb4493abec81,
tall,4.05,486,4a,sky_deltaE_mid_vs_sky_mid,6.420475212488584,dE76,x0.02-0.20:y0.02-0.72,8fb54b550875cdf0bc46c240bb5a6868b2f039781ed8de0cfdacdb4493abec81,
tall,4.05,486,4a,sky_deltaE_mid_vs_sky_low,19.81777113411199,dE76,x0.02-0.20:y0.02-0.72,8fb54b550875cdf0bc46c240bb5a6868b2f039781ed8de0cfdacdb4493abec81,
tall,4.05,486,4a,sky_deltaE_mid_vs_haze,12.30111834919475,dE76,x0.02-0.20:y0.02-0.72,8fb54b550875cdf0bc46c240bb5a6868b2f039781ed8de0cfdacdb4493abec81,
tall,4.05,486,4a,sky_hex_horizon,#B5C0CF,hex,x0.02-0.20:y0.02-0.72,8fb54b550875cdf0bc46c240bb5a6868b2f039781ed8de0cfdacdb4493abec81,
tall,4.05,486,4a,sky_deltaE_horizon_vs_sky_top,34.459811781862044,dE76,x0.02-0.20:y0.02-0.72,8fb54b550875cdf0bc46c240bb5a6868b2f039781ed8de0cfdacdb4493abec81,
tall,4.05,486,4a,sky_deltaE_horizon_vs_sky_mid,16.795948650714056,dE76,x0.02-0.20:y0.02-0.72,8fb54b550875cdf0bc46c240bb5a6868b2f039781ed8de0cfdacdb4493abec81,
tall,4.05,486,4a,sky_deltaE_horizon_vs_sky_low,3.021906577145445,dE76,x0.02-0.20:y0.02-0.72,8fb54b550875cdf0bc46c240bb5a6868b2f039781ed8de0cfdacdb4493abec81,
tall,4.05,486,4a,sky_deltaE_horizon_vs_haze,21.27836890075308,dE76,x0.02-0.20:y0.02-0.72,8fb54b550875cdf0bc46c240bb5a6868b2f039781ed8de0cfdacdb4493abec81,
tall,4.05,486,4a,haze_hex,#B9C3D0,hex,x0.02-0.35:y0.62-0.72,8fb54b550875cdf0bc46c240bb5a6868b2f039781ed8de0cfdacdb4493abec81,
tall,4.05,486,4a,haze_deltaE_vs_haze_token,22.326156052124073,dE76,x0.02-0.35:y0.62-0.72,8fb54b550875cdf0bc46c240bb5a6868b2f039781ed8de0cfdacdb4493abec81,
tall,4.05,486,4a,sky_slope_R,1.9330479955070021,levels/%H,x0.02-0.20:y0.02-0.72,8fb54b550875cdf0bc46c240bb5a6868b2f039781ed8de0cfdacdb4493abec81,
tall,4.05,486,4a,sky_r2_R,0.9792515216222215,1,x0.02-0.20:y0.02-0.72,8fb54b550875cdf0bc46c240bb5a6868b2f039781ed8de0cfdacdb4493abec81,
tall,4.05,486,4a,sky_slope_G,1.6156351357439664,levels/%H,x0.02-0.20:y0.02-0.72,8fb54b550875cdf0bc46c240bb5a6868b2f039781ed8de0cfdacdb4493abec81,
tall,4.05,486,4a,sky_r2_G,0.9916358878043099,1,x0.02-0.20:y0.02-0.72,8fb54b550875cdf0bc46c240bb5a6868b2f039781ed8de0cfdacdb4493abec81,
tall,4.05,486,4a,sky_slope_B,1.3821582912722303,levels/%H,x0.02-0.20:y0.02-0.72,8fb54b550875cdf0bc46c240bb5a6868b2f039781ed8de0cfdacdb4493abec81,
tall,4.05,486,4a,sky_r2_B,0.9918768483973786,1,x0.02-0.20:y0.02-0.72,8fb54b550875cdf0bc46c240bb5a6868b2f039781ed8de0cfdacdb4493abec81,
tall,4.05,486,4b,contrast_rms_D1,14.144248977296773,levels,x0.70-0.98:y0.55-0.80,8fb54b550875cdf0bc46c240bb5a6868b2f039781ed8de0cfdacdb4493abec81,
tall,4.05,486,4b,sat_S_D1,0.43025802436146954,S,x0.70-0.98:y0.55-0.80,8fb54b550875cdf0bc46c240bb5a6868b2f039781ed8de0cfdacdb4493abec81,
tall,4.05,486,4b,value_V_D1,56.92278753443526,levels,x0.70-0.98:y0.55-0.80,8fb54b550875cdf0bc46c240bb5a6868b2f039781ed8de0cfdacdb4493abec81,
tall,4.05,486,4b,contrast_rms_D2,0.5545412058687111,levels,x0.02-0.35:y0.72-0.85,8fb54b550875cdf0bc46c240bb5a6868b2f039781ed8de0cfdacdb4493abec81,
tall,4.05,486,4b,sat_S_D2,0.1852785849169403,S,x0.02-0.35:y0.72-0.85,8fb54b550875cdf0bc46c240bb5a6868b2f039781ed8de0cfdacdb4493abec81,
tall,4.05,486,4b,value_V_D2,192.0480990030552,levels,x0.02-0.35:y0.72-0.85,8fb54b550875cdf0bc46c240bb5a6868b2f039781ed8de0cfdacdb4493abec81,
tall,4.05,486,4b,contrast_rms_D3,0.4185035155768449,levels,x0.02-0.35:y0.62-0.72,8fb54b550875cdf0bc46c240bb5a6868b2f039781ed8de0cfdacdb4493abec81,
tall,4.05,486,4b,sat_S_D3,0.11501119000181435,S,x0.02-0.35:y0.62-0.72,8fb54b550875cdf0bc46c240bb5a6868b2f039781ed8de0cfdacdb4493abec81,
tall,4.05,486,4b,value_V_D3,208.4696375350631,levels,x0.02-0.35:y0.62-0.72,8fb54b550875cdf0bc46c240bb5a6868b2f039781ed8de0cfdacdb4493abec81,
tall,4.05,486,4b,falloff_rms_D2_D1,0.03920612587906341,ratio,x0.02-0.35:y0.72-0.85,8fb54b550875cdf0bc46c240bb5a6868b2f039781ed8de0cfdacdb4493abec81,
tall,4.05,486,4b,falloff_rms_D3_D1,0.02958824581273941,ratio,x0.02-0.35:y0.62-0.72,8fb54b550875cdf0bc46c240bb5a6868b2f039781ed8de0cfdacdb4493abec81,
tall,4.05,486,4b,falloff_sat_D2_D1,0.4306220324232316,ratio,x0.02-0.35:y0.72-0.85,8fb54b550875cdf0bc46c240bb5a6868b2f039781ed8de0cfdacdb4493abec81,
tall,4.05,486,4b,falloff_sat_D3_D1,0.26730748409050203,ratio,x0.02-0.35:y0.62-0.72,8fb54b550875cdf0bc46c240bb5a6868b2f039781ed8de0cfdacdb4493abec81,
tall,4.05,486,4c,bloom_peak_L,212.089,levels,x0.50-0.75:y0.30-0.55,8fb54b550875cdf0bc46c240bb5a6868b2f039781ed8de0cfdacdb4493abec81,
tall,4.05,486,4c,bloom_bg_L,140.9284,levels,x0.50-0.75:y0.30-0.55,8fb54b550875cdf0bc46c240bb5a6868b2f039781ed8de0cfdacdb4493abec81,
tall,4.05,486,4c,bloom_peak_bg_ratio,1.5049415164012363,ratio,x0.50-0.75:y0.30-0.55,8fb54b550875cdf0bc46c240bb5a6868b2f039781ed8de0cfdacdb4493abec81,
tall,4.05,486,4c,bloom_r50_px,0.988190855271641,px,x0.50-0.75:y0.30-0.55,8fb54b550875cdf0bc46c240bb5a6868b2f039781ed8de0cfdacdb4493abec81,"edge-limited: peak sits on the island silhouette, not sky; TOOL (ESRGAN/HEVC) — not a resolvable sky-side halo"
tall,4.05,486,4c,bloom_r50_pctH,0.025734136856032316,%H,x0.50-0.75:y0.30-0.55,8fb54b550875cdf0bc46c240bb5a6868b2f039781ed8de0cfdacdb4493abec81,
tall,4.05,486,4c,bloom_falloff_10_90_px,1.0330043312409365,px,x0.50-0.75:y0.30-0.55,8fb54b550875cdf0bc46c240bb5a6868b2f039781ed8de0cfdacdb4493abec81,
tall,4.05,486,4d,shadow_p0_1,1.5736,levels,x0.55-1.00:y0.72-0.90,8fb54b550875cdf0bc46c240bb5a6868b2f039781ed8de0cfdacdb4493abec81,
tall,4.05,486,4d,shadow_p1,3.1444,levels,x0.55-1.00:y0.72-0.90,8fb54b550875cdf0bc46c240bb5a6868b2f039781ed8de0cfdacdb4493abec81,black floor = p1; HEVC crush is the limit
tall,4.05,486,4d,shadow_p5,7.939799999999999,levels,x0.55-1.00:y0.72-0.90,8fb54b550875cdf0bc46c240bb5a6868b2f039781ed8de0cfdacdb4493abec81,
tall,4.05,486,4d,shadow_p50,38.017199999999995,levels,x0.55-1.00:y0.72-0.90,8fb54b550875cdf0bc46c240bb5a6868b2f039781ed8de0cfdacdb4493abec81,
tall,4.05,486,4d,shadow_min,0,levels,x0.55-1.00:y0.72-0.90,8fb54b550875cdf0bc46c240bb5a6868b2f039781ed8de0cfdacdb4493abec81,
tall,4.05,486,4d,shadow_floor_lifted,0,bool,x0.55-1.00:y0.72-0.90,8fb54b550875cdf0bc46c240bb5a6868b2f039781ed8de0cfdacdb4493abec81,"1 = p1 >= 8 levels, i.e. clearly above the codec floor"
tall,4.05,486,4e,dof_lapvar_D1,479.88565049493087,levels2,x0.70-0.98:y0.55-0.80,8fb54b550875cdf0bc46c240bb5a6868b2f039781ed8de0cfdacdb4493abec81,
tall,4.05,486,4e,dof_lapvar_D2,1.0324024260286313,levels2,x0.02-0.35:y0.72-0.85,8fb54b550875cdf0bc46c240bb5a6868b2f039781ed8de0cfdacdb4493abec81,
tall,4.05,486,4e,dof_lapvar_D3,0.8759179238382703,levels2,x0.02-0.35:y0.62-0.72,8fb54b550875cdf0bc46c240bb5a6868b2f039781ed8de0cfdacdb4493abec81,
tall,4.05,486,4e,dof_ratio_D1_D2,464.82421815000885,ratio,x0.02-0.35:y0.72-0.85,8fb54b550875cdf0bc46c240bb5a6868b2f039781ed8de0cfdacdb4493abec81,
tall,4.05,486,4e,dof_sigma_D2_px,2.97576904296875,px,x0.02-0.35:y0.72-0.85,8fb54b550875cdf0bc46c240bb5a6868b2f039781ed8de0cfdacdb4493abec81,D1 blurred to match band; sharp end is TOOL
tall,4.05,486,4e,dof_sigma_D2_pctH,0.07749398549397787,%H,x0.02-0.35:y0.72-0.85,8fb54b550875cdf0bc46c240bb5a6868b2f039781ed8de0cfdacdb4493abec81,
tall,4.05,486,4e,dof_sigma_D3_px,3.11370849609375,px,x0.02-0.35:y0.62-0.72,8fb54b550875cdf0bc46c240bb5a6868b2f039781ed8de0cfdacdb4493abec81,D1 blurred to match band; sharp end is TOOL
tall,4.05,486,4e,dof_sigma_D3_pctH,0.0810861587524414,%H,x0.02-0.35:y0.62-0.72,8fb54b550875cdf0bc46c240bb5a6868b2f039781ed8de0cfdacdb4493abec81,
tall,4.05,486,4f,grain_sigma_R,0.2989496465084219,levels,x0.02-0.35:y0.02-0.45,8fb54b550875cdf0bc46c240bb5a6868b2f039781ed8de0cfdacdb4493abec81,TOOL (ESRGAN/RIFE); native 4K
tall,4.05,486,4f,grain_sigma_G,0.2743779082109785,levels,x0.02-0.35:y0.02-0.45,8fb54b550875cdf0bc46c240bb5a6868b2f039781ed8de0cfdacdb4493abec81,TOOL (ESRGAN/RIFE); native 4K
tall,4.05,486,4f,grain_sigma_B,0.33286070143332563,levels,x0.02-0.35:y0.02-0.45,8fb54b550875cdf0bc46c240bb5a6868b2f039781ed8de0cfdacdb4493abec81,TOOL (ESRGAN/RIFE); native 4K
tall,4.05,486,4f,grain_acf_halfmax_x,2,px,x0.02-0.35:y0.02-0.45,8fb54b550875cdf0bc46c240bb5a6868b2f039781ed8de0cfdacdb4493abec81,
tall,4.05,486,4f,grain_acf_zerocross_x,231,px,x0.02-0.35:y0.02-0.45,8fb54b550875cdf0bc46c240bb5a6868b2f039781ed8de0cfdacdb4493abec81,
tall,4.05,486,4f,grain_acf_halfmax_y,2,px,x0.02-0.35:y0.02-0.45,8fb54b550875cdf0bc46c240bb5a6868b2f039781ed8de0cfdacdb4493abec81,
tall,4.05,486,4f,grain_acf_zerocross_y,4,px,x0.02-0.35:y0.02-0.45,8fb54b550875cdf0bc46c240bb5a6868b2f039781ed8de0cfdacdb4493abec81,
tall,4.05,486,4g,palette_turf_median_hex,#232C13,hex,x0.55-1.00:y0.45-0.90,8fb54b550875cdf0bc46c240bb5a6868b2f039781ed8de0cfdacdb4493abec81,island-local split; +-2 %H boundary
tall,4.05,486,4g,palette_turf_meanS,0.5435101665749722,S,x0.55-1.00:y0.45-0.90,8fb54b550875cdf0bc46c240bb5a6868b2f039781ed8de0cfdacdb4493abec81,
tall,4.05,486,4g,palette_turf_meanV,53.220526864079545,levels,x0.55-1.00:y0.45-0.90,8fb54b550875cdf0bc46c240bb5a6868b2f039781ed8de0cfdacdb4493abec81,
tall,4.05,486,4g,palette_turf_share,0.14838583074386835,fraction,x0.55-1.00:y0.45-0.90,8fb54b550875cdf0bc46c240bb5a6868b2f039781ed8de0cfdacdb4493abec81,
tall,4.05,486,4g,palette_turf_k1_hex,#18210E,hex,x0.55-1.00:y0.45-0.90,8fb54b550875cdf0bc46c240bb5a6868b2f039781ed8de0cfdacdb4493abec81,k-means k=3 seed 0; informational
tall,4.05,486,4g,palette_turf_k1_share,0.605363458863306,fraction,x0.55-1.00:y0.45-0.90,8fb54b550875cdf0bc46c240bb5a6868b2f039781ed8de0cfdacdb4493abec81,
tall,4.05,486,4g,palette_turf_k2_hex,#3F4922,hex,x0.55-1.00:y0.45-0.90,8fb54b550875cdf0bc46c240bb5a6868b2f039781ed8de0cfdacdb4493abec81,k-means k=3 seed 0; informational
tall,4.05,486,4g,palette_turf_k2_share,0.3200047409033916,fraction,x0.55-1.00:y0.45-0.90,8fb54b550875cdf0bc46c240bb5a6868b2f039781ed8de0cfdacdb4493abec81,
tall,4.05,486,4g,palette_turf_k3_hex,#798568,hex,x0.55-1.00:y0.45-0.90,8fb54b550875cdf0bc46c240bb5a6868b2f039781ed8de0cfdacdb4493abec81,k-means k=3 seed 0; informational
tall,4.05,486,4g,palette_turf_k3_share,0.07463180023330235,fraction,x0.55-1.00:y0.45-0.90,8fb54b550875cdf0bc46c240bb5a6868b2f039781ed8de0cfdacdb4493abec81,
tall,4.05,486,4g,palette_moss_median_hex,#374116,hex,x0.55-1.00:y0.45-0.90,8fb54b550875cdf0bc46c240bb5a6868b2f039781ed8de0cfdacdb4493abec81,island-local split; +-2 %H boundary
tall,4.05,486,4g,palette_moss_meanS,0.6431946931332575,S,x0.55-1.00:y0.45-0.90,8fb54b550875cdf0bc46c240bb5a6868b2f039781ed8de0cfdacdb4493abec81,
tall,4.05,486,4g,palette_moss_meanV,67.78504293520687,levels,x0.55-1.00:y0.45-0.90,8fb54b550875cdf0bc46c240bb5a6868b2f039781ed8de0cfdacdb4493abec81,
tall,4.05,486,4g,palette_moss_share,0.1482173651048421,fraction,x0.55-1.00:y0.45-0.90,8fb54b550875cdf0bc46c240bb5a6868b2f039781ed8de0cfdacdb4493abec81,
tall,4.05,486,4g,palette_moss_k1_hex,#404A1B,hex,x0.55-1.00:y0.45-0.90,8fb54b550875cdf0bc46c240bb5a6868b2f039781ed8de0cfdacdb4493abec81,k-means k=3 seed 0; informational
tall,4.05,486,4g,palette_moss_k1_share,0.4382576112412178,fraction,x0.55-1.00:y0.45-0.90,8fb54b550875cdf0bc46c240bb5a6868b2f039781ed8de0cfdacdb4493abec81,
tall,4.05,486,4g,palette_moss_k2_hex,#1F270C,hex,x0.55-1.00:y0.45-0.90,8fb54b550875cdf0bc46c240bb5a6868b2f039781ed8de0cfdacdb4493abec81,k-means k=3 seed 0; informational
tall,4.05,486,4g,palette_moss_k2_share,0.3936112412177986,fraction,x0.55-1.00:y0.45-0.90,8fb54b550875cdf0bc46c240bb5a6868b2f039781ed8de0cfdacdb4493abec81,
tall,4.05,486,4g,palette_moss_k3_hex,#6E7734,hex,x0.55-1.00:y0.45-0.90,8fb54b550875cdf0bc46c240bb5a6868b2f039781ed8de0cfdacdb4493abec81,k-means k=3 seed 0; informational
tall,4.05,486,4g,palette_moss_k3_share,0.1681311475409836,fraction,x0.55-1.00:y0.45-0.90,8fb54b550875cdf0bc46c240bb5a6868b2f039781ed8de0cfdacdb4493abec81,
tall,4.05,486,4g,palette_soil_median_hex,#232528,hex,x0.55-1.00:y0.45-0.90,8fb54b550875cdf0bc46c240bb5a6868b2f039781ed8de0cfdacdb4493abec81,island-local split; +-2 %H boundary
tall,4.05,486,4g,palette_soil_meanS,0.31223493694036786,S,x0.55-1.00:y0.45-0.90,8fb54b550875cdf0bc46c240bb5a6868b2f039781ed8de0cfdacdb4493abec81,
tall,4.05,486,4g,palette_soil_meanV,52.383649937607444,levels,x0.55-1.00:y0.45-0.90,8fb54b550875cdf0bc46c240bb5a6868b2f039781ed8de0cfdacdb4493abec81,
tall,4.05,486,4g,palette_soil_share,0.34567112730355937,fraction,x0.55-1.00:y0.45-0.90,8fb54b550875cdf0bc46c240bb5a6868b2f039781ed8de0cfdacdb4493abec81,
tall,4.05,486,4g,palette_soil_k1_hex,#1D1F22,hex,x0.55-1.00:y0.45-0.90,8fb54b550875cdf0bc46c240bb5a6868b2f039781ed8de0cfdacdb4493abec81,k-means k=3 seed 0; informational
tall,4.05,486,4g,palette_soil_k1_share,0.6666845186133322,fraction,x0.55-1.00:y0.45-0.90,8fb54b550875cdf0bc46c240bb5a6868b2f039781ed8de0cfdacdb4493abec81,
tall,4.05,486,4g,palette_soil_k2_hex,#3D3E3F,hex,x0.55-1.00:y0.45-0.90,8fb54b550875cdf0bc46c240bb5a6868b2f039781ed8de0cfdacdb4493abec81,k-means k=3 seed 0; informational
tall,4.05,486,4g,palette_soil_k2_share,0.27297411646252967,fraction,x0.55-1.00:y0.45-0.90,8fb54b550875cdf0bc46c240bb5a6868b2f039781ed8de0cfdacdb4493abec81,
tall,4.05,486,4g,palette_soil_k3_hex,#767575,hex,x0.55-1.00:y0.45-0.90,8fb54b550875cdf0bc46c240bb5a6868b2f039781ed8de0cfdacdb4493abec81,k-means k=3 seed 0; informational
tall,4.05,486,4g,palette_soil_k3_share,0.06034136492413815,fraction,x0.55-1.00:y0.45-0.90,8fb54b550875cdf0bc46c240bb5a6868b2f039781ed8de0cfdacdb4493abec81,
tall,4.05,486,4g,palette_pebble_median_hex,#0E131C,hex,x0.55-1.00:y0.45-0.90,8fb54b550875cdf0bc46c240bb5a6868b2f039781ed8de0cfdacdb4493abec81,island-local split; +-2 %H boundary
tall,4.05,486,4g,palette_pebble_meanS,0.49801835638273967,S,x0.55-1.00:y0.45-0.90,8fb54b550875cdf0bc46c240bb5a6868b2f039781ed8de0cfdacdb4493abec81,
tall,4.05,486,4g,palette_pebble_meanV,32.83617929562433,levels,x0.55-1.00:y0.45-0.90,8fb54b550875cdf0bc46c240bb5a6868b2f039781ed8de0cfdacdb4493abec81,
tall,4.05,486,4g,palette_pebble_share,0.005203922102229023,fraction,x0.55-1.00:y0.45-0.90,8fb54b550875cdf0bc46c240bb5a6868b2f039781ed8de0cfdacdb4493abec81,
tall,4.05,486,4g,palette_pebble_k1_hex,#0B0F18,hex,x0.55-1.00:y0.45-0.90,8fb54b550875cdf0bc46c240bb5a6868b2f039781ed8de0cfdacdb4493abec81,k-means k=3 seed 0; informational
tall,4.05,486,4g,palette_pebble_k1_share,0.6611526147278548,fraction,x0.55-1.00:y0.45-0.90,8fb54b550875cdf0bc46c240bb5a6868b2f039781ed8de0cfdacdb4493abec81,
tall,4.05,486,4g,palette_pebble_k2_hex,#1B212A,hex,x0.55-1.00:y0.45-0.90,8fb54b550875cdf0bc46c240bb5a6868b2f039781ed8de0cfdacdb4493abec81,k-means k=3 seed 0; informational
tall,4.05,486,4g,palette_pebble_k2_share,0.27748132337246534,fraction,x0.55-1.00:y0.45-0.90,8fb54b550875cdf0bc46c240bb5a6868b2f039781ed8de0cfdacdb4493abec81,
tall,4.05,486,4g,palette_pebble_k3_hex,#3B4350,hex,x0.55-1.00:y0.45-0.90,8fb54b550875cdf0bc46c240bb5a6868b2f039781ed8de0cfdacdb4493abec81,k-means k=3 seed 0; informational
tall,4.05,486,4g,palette_pebble_k3_share,0.06136606189967983,fraction,x0.55-1.00:y0.45-0.90,8fb54b550875cdf0bc46c240bb5a6868b2f039781ed8de0cfdacdb4493abec81,
tall,4.05,486,4g,palette_basalt_median_hex,#0A0D12,hex,x0.55-1.00:y0.45-0.90,8fb54b550875cdf0bc46c240bb5a6868b2f039781ed8de0cfdacdb4493abec81,island-local split; +-2 %H boundary
tall,4.05,486,4g,palette_basalt_meanS,0.5248304305691168,S,x0.55-1.00:y0.45-0.90,8fb54b550875cdf0bc46c240bb5a6868b2f039781ed8de0cfdacdb4493abec81,
tall,4.05,486,4g,palette_basalt_meanV,19.250550693934542,levels,x0.55-1.00:y0.45-0.90,8fb54b550875cdf0bc46c240bb5a6868b2f039781ed8de0cfdacdb4493abec81,
tall,4.05,486,4g,palette_basalt_share,0.23069703120964807,fraction,x0.55-1.00:y0.45-0.90,8fb54b550875cdf0bc46c240bb5a6868b2f039781ed8de0cfdacdb4493abec81,
tall,4.05,486,4g,palette_basalt_k1_hex,#0C1119,hex,x0.55-1.00:y0.45-0.90,8fb54b550875cdf0bc46c240bb5a6868b2f039781ed8de0cfdacdb4493abec81,k-means k=3 seed 0; informational
tall,4.05,486,4g,palette_basalt_k1_share,0.47303104348977454,fraction,x0.55-1.00:y0.45-0.90,8fb54b550875cdf0bc46c240bb5a6868b2f039781ed8de0cfdacdb4493abec81,
tall,4.05,486,4g,palette_basalt_k2_hex,#06070C,hex,x0.55-1.00:y0.45-0.90,8fb54b550875cdf0bc46c240bb5a6868b2f039781ed8de0cfdacdb4493abec81,k-means k=3 seed 0; informational
tall,4.05,486,4g,palette_basalt_k2_share,0.3578086193130068,fraction,x0.55-1.00:y0.45-0.90,8fb54b550875cdf0bc46c240bb5a6868b2f039781ed8de0cfdacdb4493abec81,
tall,4.05,486,4g,palette_basalt_k3_hex,#110F0B,hex,x0.55-1.00:y0.45-0.90,8fb54b550875cdf0bc46c240bb5a6868b2f039781ed8de0cfdacdb4493abec81,k-means k=3 seed 0; informational
tall,4.05,486,4g,palette_basalt_k3_share,0.16916033719721865,fraction,x0.55-1.00:y0.45-0.90,8fb54b550875cdf0bc46c240bb5a6868b2f039781ed8de0cfdacdb4493abec81,
tall,4.05,486,4g,palette_turf_vs_517046_deltaE,29.835437484487603,dE76,x0.55-1.00:y0.45-0.90,8fb54b550875cdf0bc46c240bb5a6868b2f039781ed8de0cfdacdb4493abec81,"informational: #517046 is a reference-reel value, not a hero target"
tall,4.05,486,4g,palette_basalt_vs_474B59_deltaE,29.11056265678101,dE76,x0.55-1.00:y0.45-0.90,8fb54b550875cdf0bc46c240bb5a6868b2f039781ed8de0cfdacdb4493abec81,"informational: #474B59 is a reference-reel value, not a hero target"
tall,4.05,486,4h,conifer_dark_area_pct,30.200960861243438,%,x0.62-0.95:y0.44-0.62,8fb54b550875cdf0bc46c240bb5a6868b2f039781ed8de0cfdacdb4493abec81,
tall,4.05,486,4h,conifer_edge_density,0.4182385022418066,fraction,x0.62-0.95:y0.44-0.62,8fb54b550875cdf0bc46c240bb5a6868b2f039781ed8de0cfdacdb4493abec81,Sobel mag > 12 levels
tall,8.10,972,4a,sky_hex_anchor_0.02,#24384A,hex,x0.02-0.20:y0.02-0.72,8fb54b550875cdf0bc46c240bb5a6868b2f039781ed8de0cfdacdb4493abec81,
tall,8.10,972,4a,sky_anchor_0.02_best_token,sky_top,token,x0.02-0.20:y0.02-0.72,8fb54b550875cdf0bc46c240bb5a6868b2f039781ed8de0cfdacdb4493abec81,
tall,8.10,972,4a,sky_anchor_0.02_deltaE_min,21.74737080944668,dE76,x0.02-0.20:y0.02-0.72,8fb54b550875cdf0bc46c240bb5a6868b2f039781ed8de0cfdacdb4493abec81,nearest of the four settled sky/haze tokens
tall,8.10,972,4a,sky_hex_anchor_0.10,#436482,hex,x0.02-0.20:y0.02-0.72,8fb54b550875cdf0bc46c240bb5a6868b2f039781ed8de0cfdacdb4493abec81,
tall,8.10,972,4a,sky_anchor_0.10_best_token,sky_top,token,x0.02-0.20:y0.02-0.72,8fb54b550875cdf0bc46c240bb5a6868b2f039781ed8de0cfdacdb4493abec81,
tall,8.10,972,4a,sky_anchor_0.10_deltaE_min,6.429327319895769,dE76,x0.02-0.20:y0.02-0.72,8fb54b550875cdf0bc46c240bb5a6868b2f039781ed8de0cfdacdb4493abec81,nearest of the four settled sky/haze tokens
tall,8.10,972,4a,sky_hex_anchor_0.25,#587A98,hex,x0.02-0.20:y0.02-0.72,8fb54b550875cdf0bc46c240bb5a6868b2f039781ed8de0cfdacdb4493abec81,
tall,8.10,972,4a,sky_anchor_0.25_best_token,sky_top,token,x0.02-0.20:y0.02-0.72,8fb54b550875cdf0bc46c240bb5a6868b2f039781ed8de0cfdacdb4493abec81,
tall,8.10,972,4a,sky_anchor_0.25_deltaE_min,7.8254418985570755,dE76,x0.02-0.20:y0.02-0.72,8fb54b550875cdf0bc46c240bb5a6868b2f039781ed8de0cfdacdb4493abec81,nearest of the four settled sky/haze tokens
tall,8.10,972,4a,sky_hex_anchor_0.40,#7896B1,hex,x0.02-0.20:y0.02-0.72,8fb54b550875cdf0bc46c240bb5a6868b2f039781ed8de0cfdacdb4493abec81,
tall,8.10,972,4a,sky_anchor_0.40_best_token,sky_mid,token,x0.02-0.20:y0.02-0.72,8fb54b550875cdf0bc46c240bb5a6868b2f039781ed8de0cfdacdb4493abec81,
tall,8.10,972,4a,sky_anchor_0.40_deltaE_min,4.086057878986963,dE76,x0.02-0.20:y0.02-0.72,8fb54b550875cdf0bc46c240bb5a6868b2f039781ed8de0cfdacdb4493abec81,nearest of the four settled sky/haze tokens
tall,8.10,972,4a,sky_hex_anchor_0.55,#92AAC0,hex,x0.02-0.20:y0.02-0.72,8fb54b550875cdf0bc46c240bb5a6868b2f039781ed8de0cfdacdb4493abec81,
tall,8.10,972,4a,sky_anchor_0.55_best_token,sky_mid,token,x0.02-0.20:y0.02-0.72,8fb54b550875cdf0bc46c240bb5a6868b2f039781ed8de0cfdacdb4493abec81,
tall,8.10,972,4a,sky_anchor_0.55_deltaE_min,7.025632047113437,dE76,x0.02-0.20:y0.02-0.72,8fb54b550875cdf0bc46c240bb5a6868b2f039781ed8de0cfdacdb4493abec81,nearest of the four settled sky/haze tokens
tall,8.10,972,4a,sky_hex_anchor_0.68,#C4CCD5,hex,x0.02-0.20:y0.02-0.72,8fb54b550875cdf0bc46c240bb5a6868b2f039781ed8de0cfdacdb4493abec81,
tall,8.10,972,4a,sky_anchor_0.68_best_token,sky_low,token,x0.02-0.20:y0.02-0.72,8fb54b550875cdf0bc46c240bb5a6868b2f039781ed8de0cfdacdb4493abec81,
tall,8.10,972,4a,sky_anchor_0.68_deltaE_min,7.946768587912479,dE76,x0.02-0.20:y0.02-0.72,8fb54b550875cdf0bc46c240bb5a6868b2f039781ed8de0cfdacdb4493abec81,nearest of the four settled sky/haze tokens
tall,8.10,972,4a,sky_hex_top,#3E5F7D,hex,x0.02-0.20:y0.02-0.72,8fb54b550875cdf0bc46c240bb5a6868b2f039781ed8de0cfdacdb4493abec81,
tall,8.10,972,4a,sky_deltaE_top_vs_sky_top,7.571278060102293,dE76,x0.02-0.20:y0.02-0.72,8fb54b550875cdf0bc46c240bb5a6868b2f039781ed8de0cfdacdb4493abec81,
tall,8.10,972,4a,sky_deltaE_top_vs_sky_mid,23.665057390325778,dE76,x0.02-0.20:y0.02-0.72,8fb54b550875cdf0bc46c240bb5a6868b2f039781ed8de0cfdacdb4493abec81,
tall,8.10,972,4a,sky_deltaE_top_vs_sky_low,37.537610051382075,dE76,x0.02-0.20:y0.02-0.72,8fb54b550875cdf0bc46c240bb5a6868b2f039781ed8de0cfdacdb4493abec81,
tall,8.10,972,4a,sky_deltaE_top_vs_haze,22.752070592948893,dE76,x0.02-0.20:y0.02-0.72,8fb54b550875cdf0bc46c240bb5a6868b2f039781ed8de0cfdacdb4493abec81,
tall,8.10,972,4a,sky_hex_mid,#6D8DA9,hex,x0.02-0.20:y0.02-0.72,8fb54b550875cdf0bc46c240bb5a6868b2f039781ed8de0cfdacdb4493abec81,
tall,8.10,972,4a,sky_deltaE_mid_vs_sky_top,13.918003706023915,dE76,x0.02-0.20:y0.02-0.72,8fb54b550875cdf0bc46c240bb5a6868b2f039781ed8de0cfdacdb4493abec81,
tall,8.10,972,4a,sky_deltaE_mid_vs_sky_mid,6.550539614218044,dE76,x0.02-0.20:y0.02-0.72,8fb54b550875cdf0bc46c240bb5a6868b2f039781ed8de0cfdacdb4493abec81,
tall,8.10,972,4a,sky_deltaE_mid_vs_sky_low,19.91710718389123,dE76,x0.02-0.20:y0.02-0.72,8fb54b550875cdf0bc46c240bb5a6868b2f039781ed8de0cfdacdb4493abec81,
tall,8.10,972,4a,sky_deltaE_mid_vs_haze,12.402691054638996,dE76,x0.02-0.20:y0.02-0.72,8fb54b550875cdf0bc46c240bb5a6868b2f039781ed8de0cfdacdb4493abec81,
tall,8.10,972,4a,sky_hex_horizon,#B5BFCF,hex,x0.02-0.20:y0.02-0.72,8fb54b550875cdf0bc46c240bb5a6868b2f039781ed8de0cfdacdb4493abec81,
tall,8.10,972,4a,sky_deltaE_horizon_vs_sky_top,34.47214581148708,dE76,x0.02-0.20:y0.02-0.72,8fb54b550875cdf0bc46c240bb5a6868b2f039781ed8de0cfdacdb4493abec81,
tall,8.10,972,4a,sky_deltaE_horizon_vs_sky_mid,16.82932669891709,dE76,x0.02-0.20:y0.02-0.72,8fb54b550875cdf0bc46c240bb5a6868b2f039781ed8de0cfdacdb4493abec81,
tall,8.10,972,4a,sky_deltaE_horizon_vs_sky_low,3.154788756273292,dE76,x0.02-0.20:y0.02-0.72,8fb54b550875cdf0bc46c240bb5a6868b2f039781ed8de0cfdacdb4493abec81,
tall,8.10,972,4a,sky_deltaE_horizon_vs_haze,21.31265022258854,dE76,x0.02-0.20:y0.02-0.72,8fb54b550875cdf0bc46c240bb5a6868b2f039781ed8de0cfdacdb4493abec81,
tall,8.10,972,4a,haze_hex,#B9C3D0,hex,x0.02-0.35:y0.62-0.72,8fb54b550875cdf0bc46c240bb5a6868b2f039781ed8de0cfdacdb4493abec81,
tall,8.10,972,4a,haze_deltaE_vs_haze_token,22.32469315862993,dE76,x0.02-0.35:y0.62-0.72,8fb54b550875cdf0bc46c240bb5a6868b2f039781ed8de0cfdacdb4493abec81,
tall,8.10,972,4a,sky_slope_R,1.9330571228714342,levels/%H,x0.02-0.20:y0.02-0.72,8fb54b550875cdf0bc46c240bb5a6868b2f039781ed8de0cfdacdb4493abec81,
tall,8.10,972,4a,sky_r2_R,0.9790180943458792,1,x0.02-0.20:y0.02-0.72,8fb54b550875cdf0bc46c240bb5a6868b2f039781ed8de0cfdacdb4493abec81,
tall,8.10,972,4a,sky_slope_G,1.613803280899001,levels/%H,x0.02-0.20:y0.02-0.72,8fb54b550875cdf0bc46c240bb5a6868b2f039781ed8de0cfdacdb4493abec81,
tall,8.10,972,4a,sky_r2_G,0.9915584014198349,1,x0.02-0.20:y0.02-0.72,8fb54b550875cdf0bc46c240bb5a6868b2f039781ed8de0cfdacdb4493abec81,
tall,8.10,972,4a,sky_slope_B,1.3821063786003074,levels/%H,x0.02-0.20:y0.02-0.72,8fb54b550875cdf0bc46c240bb5a6868b2f039781ed8de0cfdacdb4493abec81,
tall,8.10,972,4a,sky_r2_B,0.9918112898002809,1,x0.02-0.20:y0.02-0.72,8fb54b550875cdf0bc46c240bb5a6868b2f039781ed8de0cfdacdb4493abec81,
tall,8.10,972,4b,contrast_rms_D1,10.747387745858319,levels,x0.70-0.98:y0.55-0.80,8fb54b550875cdf0bc46c240bb5a6868b2f039781ed8de0cfdacdb4493abec81,
tall,8.10,972,4b,sat_S_D1,0.3978764315262788,S,x0.70-0.98:y0.55-0.80,8fb54b550875cdf0bc46c240bb5a6868b2f039781ed8de0cfdacdb4493abec81,
tall,8.10,972,4b,value_V_D1,53.77321453168044,levels,x0.70-0.98:y0.55-0.80,8fb54b550875cdf0bc46c240bb5a6868b2f039781ed8de0cfdacdb4493abec81,
tall,8.10,972,4b,contrast_rms_D2,0.5548686123785059,levels,x0.02-0.35:y0.72-0.85,8fb54b550875cdf0bc46c240bb5a6868b2f039781ed8de0cfdacdb4493abec81,
tall,8.10,972,4b,sat_S_D2,0.18501836545138609,S,x0.02-0.35:y0.72-0.85,8fb54b550875cdf0bc46c240bb5a6868b2f039781ed8de0cfdacdb4493abec81,
tall,8.10,972,4b,value_V_D2,191.8723758878205,levels,x0.02-0.35:y0.72-0.85,8fb54b550875cdf0bc46c240bb5a6868b2f039781ed8de0cfdacdb4493abec81,
tall,8.10,972,4b,contrast_rms_D3,0.4259123054506691,levels,x0.02-0.35:y0.62-0.72,8fb54b550875cdf0bc46c240bb5a6868b2f039781ed8de0cfdacdb4493abec81,
tall,8.10,972,4b,sat_S_D3,0.11502887588157892,S,x0.02-0.35:y0.62-0.72,8fb54b550875cdf0bc46c240bb5a6868b2f039781ed8de0cfdacdb4493abec81,
tall,8.10,972,4b,value_V_D3,208.49142414679756,levels,x0.02-0.35:y0.62-0.72,8fb54b550875cdf0bc46c240bb5a6868b2f039781ed8de0cfdacdb4493abec81,
tall,8.10,972,4b,falloff_rms_D2_D1,0.05162823055233432,ratio,x0.02-0.35:y0.72-0.85,8fb54b550875cdf0bc46c240bb5a6868b2f039781ed8de0cfdacdb4493abec81,
tall,8.10,972,4b,falloff_rms_D3_D1,0.039629379298685985,ratio,x0.02-0.35:y0.62-0.72,8fb54b550875cdf0bc46c240bb5a6868b2f039781ed8de0cfdacdb4493abec81,
tall,8.10,972,4b,falloff_sat_D2_D1,0.4650146397001806,ratio,x0.02-0.35:y0.72-0.85,8fb54b550875cdf0bc46c240bb5a6868b2f039781ed8de0cfdacdb4493abec81,
tall,8.10,972,4b,falloff_sat_D3_D1,0.28910703617281625,ratio,x0.02-0.35:y0.62-0.72,8fb54b550875cdf0bc46c240bb5a6868b2f039781ed8de0cfdacdb4493abec81,
tall,8.10,972,4c,bloom_peak_L,198.35379999999998,levels,x0.50-0.75:y0.30-0.55,8fb54b550875cdf0bc46c240bb5a6868b2f039781ed8de0cfdacdb4493abec81,
tall,8.10,972,4c,bloom_bg_L,141.2184,levels,x0.50-0.75:y0.30-0.55,8fb54b550875cdf0bc46c240bb5a6868b2f039781ed8de0cfdacdb4493abec81,
tall,8.10,972,4c,bloom_peak_bg_ratio,1.4045889204239672,ratio,x0.50-0.75:y0.30-0.55,8fb54b550875cdf0bc46c240bb5a6868b2f039781ed8de0cfdacdb4493abec81,
tall,8.10,972,4c,bloom_r50_px,0.41603053140771407,px,x0.50-0.75:y0.30-0.55,8fb54b550875cdf0bc46c240bb5a6868b2f039781ed8de0cfdacdb4493abec81,"edge-limited: peak sits on the island silhouette, not sky; TOOL (ESRGAN/HEVC) — not a resolvable sky-side halo"
tall,8.10,972,4c,bloom_r50_pctH,0.010834128422075887,%H,x0.50-0.75:y0.30-0.55,8fb54b550875cdf0bc46c240bb5a6868b2f039781ed8de0cfdacdb4493abec81,
tall,8.10,972,4c,bloom_falloff_10_90_px,0.6656488502523423,px,x0.50-0.75:y0.30-0.55,8fb54b550875cdf0bc46c240bb5a6868b2f039781ed8de0cfdacdb4493abec81,
tall,8.10,972,4d,shadow_p0_1,1.5736,levels,x0.55-1.00:y0.72-0.90,8fb54b550875cdf0bc46c240bb5a6868b2f039781ed8de0cfdacdb4493abec81,
tall,8.10,972,4d,shadow_p1,3.1444,levels,x0.55-1.00:y0.72-0.90,8fb54b550875cdf0bc46c240bb5a6868b2f039781ed8de0cfdacdb4493abec81,black floor = p1; HEVC crush is the limit
tall,8.10,972,4d,shadow_p5,7.795399999999999,levels,x0.55-1.00:y0.72-0.90,8fb54b550875cdf0bc46c240bb5a6868b2f039781ed8de0cfdacdb4493abec81,
tall,8.10,972,4d,shadow_p50,30.514599999999998,levels,x0.55-1.00:y0.72-0.90,8fb54b550875cdf0bc46c240bb5a6868b2f039781ed8de0cfdacdb4493abec81,
tall,8.10,972,4d,shadow_min,0.21660000000000001,levels,x0.55-1.00:y0.72-0.90,8fb54b550875cdf0bc46c240bb5a6868b2f039781ed8de0cfdacdb4493abec81,
tall,8.10,972,4d,shadow_floor_lifted,0,bool,x0.55-1.00:y0.72-0.90,8fb54b550875cdf0bc46c240bb5a6868b2f039781ed8de0cfdacdb4493abec81,"1 = p1 >= 8 levels, i.e. clearly above the codec floor"
tall,8.10,972,4e,dof_lapvar_D1,374.630696650725,levels2,x0.70-0.98:y0.55-0.80,8fb54b550875cdf0bc46c240bb5a6868b2f039781ed8de0cfdacdb4493abec81,
tall,8.10,972,4e,dof_lapvar_D2,1.0248942087401514,levels2,x0.02-0.35:y0.72-0.85,8fb54b550875cdf0bc46c240bb5a6868b2f039781ed8de0cfdacdb4493abec81,
tall,8.10,972,4e,dof_lapvar_D3,0.8495721085757306,levels2,x0.02-0.35:y0.62-0.72,8fb54b550875cdf0bc46c240bb5a6868b2f039781ed8de0cfdacdb4493abec81,
tall,8.10,972,4e,dof_ratio_D1_D2,365.53108940993906,ratio,x0.02-0.35:y0.72-0.85,8fb54b550875cdf0bc46c240bb5a6868b2f039781ed8de0cfdacdb4493abec81,
tall,8.10,972,4e,dof_sigma_D2_px,2.42462158203125,px,x0.02-0.35:y0.72-0.85,8fb54b550875cdf0bc46c240bb5a6868b2f039781ed8de0cfdacdb4493abec81,D1 blurred to match band; sharp end is TOOL
tall,8.10,972,4e,dof_sigma_D2_pctH,0.06314118703206381,%H,x0.02-0.35:y0.72-0.85,8fb54b550875cdf0bc46c240bb5a6868b2f039781ed8de0cfdacdb4493abec81,
tall,8.10,972,4e,dof_sigma_D3_px,2.56500244140625,px,x0.02-0.35:y0.62-0.72,8fb54b550875cdf0bc46c240bb5a6868b2f039781ed8de0cfdacdb4493abec81,D1 blurred to match band; sharp end is TOOL
tall,8.10,972,4e,dof_sigma_D3_pctH,0.06679693857828775,%H,x0.02-0.35:y0.62-0.72,8fb54b550875cdf0bc46c240bb5a6868b2f039781ed8de0cfdacdb4493abec81,
tall,8.10,972,4f,grain_sigma_R,0.2816592346278841,levels,x0.02-0.35:y0.02-0.45,8fb54b550875cdf0bc46c240bb5a6868b2f039781ed8de0cfdacdb4493abec81,TOOL (ESRGAN/RIFE); native 4K
tall,8.10,972,4f,grain_sigma_G,0.26479251020326555,levels,x0.02-0.35:y0.02-0.45,8fb54b550875cdf0bc46c240bb5a6868b2f039781ed8de0cfdacdb4493abec81,TOOL (ESRGAN/RIFE); native 4K
tall,8.10,972,4f,grain_sigma_B,0.3219097609024451,levels,x0.02-0.35:y0.02-0.45,8fb54b550875cdf0bc46c240bb5a6868b2f039781ed8de0cfdacdb4493abec81,TOOL (ESRGAN/RIFE); native 4K
tall,8.10,972,4f,grain_acf_halfmax_x,2,px,x0.02-0.35:y0.02-0.45,8fb54b550875cdf0bc46c240bb5a6868b2f039781ed8de0cfdacdb4493abec81,
tall,8.10,972,4f,grain_acf_zerocross_x,-1,px,x0.02-0.35:y0.02-0.45,8fb54b550875cdf0bc46c240bb5a6868b2f039781ed8de0cfdacdb4493abec81,
tall,8.10,972,4f,grain_acf_halfmax_y,2,px,x0.02-0.35:y0.02-0.45,8fb54b550875cdf0bc46c240bb5a6868b2f039781ed8de0cfdacdb4493abec81,
tall,8.10,972,4f,grain_acf_zerocross_y,4,px,x0.02-0.35:y0.02-0.45,8fb54b550875cdf0bc46c240bb5a6868b2f039781ed8de0cfdacdb4493abec81,
tall,8.10,972,4g,palette_turf_median_hex,#282F18,hex,x0.55-1.00:y0.45-0.90,8fb54b550875cdf0bc46c240bb5a6868b2f039781ed8de0cfdacdb4493abec81,island-local split; +-2 %H boundary
tall,8.10,972,4g,palette_turf_meanS,0.4563995720301268,S,x0.55-1.00:y0.45-0.90,8fb54b550875cdf0bc46c240bb5a6868b2f039781ed8de0cfdacdb4493abec81,
tall,8.10,972,4g,palette_turf_meanV,57.54842207681281,levels,x0.55-1.00:y0.45-0.90,8fb54b550875cdf0bc46c240bb5a6868b2f039781ed8de0cfdacdb4493abec81,
tall,8.10,972,4g,palette_turf_share,0.12472602498615071,fraction,x0.55-1.00:y0.45-0.90,8fb54b550875cdf0bc46c240bb5a6868b2f039781ed8de0cfdacdb4493abec81,
tall,8.10,972,4g,palette_turf_k1_hex,#1C2413,hex,x0.55-1.00:y0.45-0.90,8fb54b550875cdf0bc46c240bb5a6868b2f039781ed8de0cfdacdb4493abec81,k-means k=3 seed 0; informational
tall,8.10,972,4g,palette_turf_k1_share,0.5761703518297075,fraction,x0.55-1.00:y0.45-0.90,8fb54b550875cdf0bc46c240bb5a6868b2f039781ed8de0cfdacdb4493abec81,
tall,8.10,972,4g,palette_turf_k2_hex,#3F4926,hex,x0.55-1.00:y0.45-0.90,8fb54b550875cdf0bc46c240bb5a6868b2f039781ed8de0cfdacdb4493abec81,k-means k=3 seed 0; informational
tall,8.10,972,4g,palette_turf_k2_share,0.32450478687453116,fraction,x0.55-1.00:y0.45-0.90,8fb54b550875cdf0bc46c240bb5a6868b2f039781ed8de0cfdacdb4493abec81,
tall,8.10,972,4g,palette_turf_k3_hex,#7D8667,hex,x0.55-1.00:y0.45-0.90,8fb54b550875cdf0bc46c240bb5a6868b2f039781ed8de0cfdacdb4493abec81,k-means k=3 seed 0; informational
tall,8.10,972,4g,palette_turf_k3_share,0.09932486129576126,fraction,x0.55-1.00:y0.45-0.90,8fb54b550875cdf0bc46c240bb5a6868b2f039781ed8de0cfdacdb4493abec81,
tall,8.10,972,4g,palette_moss_median_hex,#313918,hex,x0.55-1.00:y0.45-0.90,8fb54b550875cdf0bc46c240bb5a6868b2f039781ed8de0cfdacdb4493abec81,island-local split; +-2 %H boundary
tall,8.10,972,4g,palette_moss_meanS,0.5865783248955712,S,x0.55-1.00:y0.45-0.90,8fb54b550875cdf0bc46c240bb5a6868b2f039781ed8de0cfdacdb4493abec81,
tall,8.10,972,4g,palette_moss_meanV,62.598199660481875,levels,x0.55-1.00:y0.45-0.90,8fb54b550875cdf0bc46c240bb5a6868b2f039781ed8de0cfdacdb4493abec81,
tall,8.10,972,4g,palette_moss_share,0.12441939530032108,fraction,x0.55-1.00:y0.45-0.90,8fb54b550875cdf0bc46c240bb5a6868b2f039781ed8de0cfdacdb4493abec81,
tall,8.10,972,4g,palette_moss_k1_hex,#20270F,hex,x0.55-1.00:y0.45-0.90,8fb54b550875cdf0bc46c240bb5a6868b2f039781ed8de0cfdacdb4493abec81,k-means k=3 seed 0; informational
tall,8.10,972,4g,palette_moss_k1_share,0.44578133841617773,fraction,x0.55-1.00:y0.45-0.90,8fb54b550875cdf0bc46c240bb5a6868b2f039781ed8de0cfdacdb4493abec81,
tall,8.10,972,4g,palette_moss_k2_hex,#3D461E,hex,x0.55-1.00:y0.45-0.90,8fb54b550875cdf0bc46c240bb5a6868b2f039781ed8de0cfdacdb4493abec81,k-means k=3 seed 0; informational
tall,8.10,972,4g,palette_moss_k2_share,0.39536736456502963,fraction,x0.55-1.00:y0.45-0.90,8fb54b550875cdf0bc46c240bb5a6868b2f039781ed8de0cfdacdb4493abec81,
tall,8.10,972,4g,palette_moss_k3_hex,#656D31,hex,x0.55-1.00:y0.45-0.90,8fb54b550875cdf0bc46c240bb5a6868b2f039781ed8de0cfdacdb4493abec81,k-means k=3 seed 0; informational
tall,8.10,972,4g,palette_moss_k3_share,0.15885129701879264,fraction,x0.55-1.00:y0.45-0.90,8fb54b550875cdf0bc46c240bb5a6868b2f039781ed8de0cfdacdb4493abec81,
tall,8.10,972,4g,palette_soil_median_hex,#1D1F25,hex,x0.55-1.00:y0.45-0.90,8fb54b550875cdf0bc46c240bb5a6868b2f039781ed8de0cfdacdb4493abec81,island-local split; +-2 %H boundary
tall,8.10,972,4g,palette_soil_meanS,0.3347927125587239,S,x0.55-1.00:y0.45-0.90,8fb54b550875cdf0bc46c240bb5a6868b2f039781ed8de0cfdacdb4493abec81,
tall,8.10,972,4g,palette_soil_meanV,44.55580736118276,levels,x0.55-1.00:y0.45-0.90,8fb54b550875cdf0bc46c240bb5a6868b2f039781ed8de0cfdacdb4493abec81,
tall,8.10,972,4g,palette_soil_share,0.36993620990886333,fraction,x0.55-1.00:y0.45-0.90,8fb54b550875cdf0bc46c240bb5a6868b2f039781ed8de0cfdacdb4493abec81,
tall,8.10,972,4g,palette_soil_k1_hex,#181A1D,hex,x0.55-1.00:y0.45-0.90,8fb54b550875cdf0bc46c240bb5a6868b2f039781ed8de0cfdacdb4493abec81,k-means k=3 seed 0; informational
tall,8.10,972,4g,palette_soil_k1_share,0.5766769002699468,fraction,x0.55-1.00:y0.45-0.90,8fb54b550875cdf0bc46c240bb5a6868b2f039781ed8de0cfdacdb4493abec81,
tall,8.10,972,4g,palette_soil_k2_hex,#282B31,hex,x0.55-1.00:y0.45-0.90,8fb54b550875cdf0bc46c240bb5a6868b2f039781ed8de0cfdacdb4493abec81,k-means k=3 seed 0; informational
tall,8.10,972,4g,palette_soil_k2_share,0.32246868567479176,fraction,x0.55-1.00:y0.45-0.90,8fb54b550875cdf0bc46c240bb5a6868b2f039781ed8de0cfdacdb4493abec81,
tall,8.10,972,4g,palette_soil_k3_hex,#4E4F53,hex,x0.55-1.00:y0.45-0.90,8fb54b550875cdf0bc46c240bb5a6868b2f039781ed8de0cfdacdb4493abec81,k-means k=3 seed 0; informational
tall,8.10,972,4g,palette_soil_k3_share,0.10085441405526145,fraction,x0.55-1.00:y0.45-0.90,8fb54b550875cdf0bc46c240bb5a6868b2f039781ed8de0cfdacdb4493abec81,
tall,8.10,972,4g,palette_pebble_median_hex,#2B2A14,hex,x0.55-1.00:y0.45-0.90,8fb54b550875cdf0bc46c240bb5a6868b2f039781ed8de0cfdacdb4493abec81,island-local split; +-2 %H boundary
tall,8.10,972,4g,palette_pebble_meanS,0.5163887787272261,S,x0.55-1.00:y0.45-0.90,8fb54b550875cdf0bc46c240bb5a6868b2f039781ed8de0cfdacdb4493abec81,
tall,8.10,972,4g,palette_pebble_meanV,51.14895549500454,levels,x0.55-1.00:y0.45-0.90,8fb54b550875cdf0bc46c240bb5a6868b2f039781ed8de0cfdacdb4493abec81,
tall,8.10,972,4g,palette_pebble_share,0.04079749656778554,fraction,x0.55-1.00:y0.45-0.90,8fb54b550875cdf0bc46c240bb5a6868b2f039781ed8de0cfdacdb4493abec81,
tall,8.10,972,4g,palette_pebble_k1_hex,#18170D,hex,x0.55-1.00:y0.45-0.90,8fb54b550875cdf0bc46c240bb5a6868b2f039781ed8de0cfdacdb4493abec81,k-means k=3 seed 0; informational
tall,8.10,972,4g,palette_pebble_k1_share,0.501566757493188,fraction,x0.55-1.00:y0.45-0.90,8fb54b550875cdf0bc46c240bb5a6868b2f039781ed8de0cfdacdb4493abec81,
tall,8.10,972,4g,palette_pebble_k2_hex,#3E3E1E,hex,x0.55-1.00:y0.45-0.90,8fb54b550875cdf0bc46c240bb5a6868b2f039781ed8de0cfdacdb4493abec81,k-means k=3 seed 0; informational
tall,8.10,972,4g,palette_pebble_k2_share,0.35354223433242504,fraction,x0.55-1.00:y0.45-0.90,8fb54b550875cdf0bc46c240bb5a6868b2f039781ed8de0cfdacdb4493abec81,
tall,8.10,972,4g,palette_pebble_k3_hex,#6B6C3B,hex,x0.55-1.00:y0.45-0.90,8fb54b550875cdf0bc46c240bb5a6868b2f039781ed8de0cfdacdb4493abec81,k-means k=3 seed 0; informational
tall,8.10,972,4g,palette_pebble_k3_share,0.1448910081743869,fraction,x0.55-1.00:y0.45-0.90,8fb54b550875cdf0bc46c240bb5a6868b2f039781ed8de0cfdacdb4493abec81,
tall,8.10,972,4g,palette_basalt_median_hex,#0A0D12,hex,x0.55-1.00:y0.45-0.90,8fb54b550875cdf0bc46c240bb5a6868b2f039781ed8de0cfdacdb4493abec81,island-local split; +-2 %H boundary
tall,8.10,972,4g,palette_basalt_meanS,0.4991104122847819,S,x0.55-1.00:y0.45-0.90,8fb54b550875cdf0bc46c240bb5a6868b2f039781ed8de0cfdacdb4493abec81,
tall,8.10,972,4g,palette_basalt_meanV,18.725471875117265,levels,x0.55-1.00:y0.45-0.90,8fb54b550875cdf0bc46c240bb5a6868b2f039781ed8de0cfdacdb4493abec81,
tall,8.10,972,4g,palette_basalt_share,0.2468693201714162,fraction,x0.55-1.00:y0.45-0.90,8fb54b550875cdf0bc46c240bb5a6868b2f039781ed8de0cfdacdb4493abec81,
tall,8.10,972,4g,palette_basalt_k1_hex,#0C1018,hex,x0.55-1.00:y0.45-0.90,8fb54b550875cdf0bc46c240bb5a6868b2f039781ed8de0cfdacdb4493abec81,k-means k=3 seed 0; informational
tall,8.10,972,4g,palette_basalt_k1_share,0.47146234380276936,fraction,x0.55-1.00:y0.45-0.90,8fb54b550875cdf0bc46c240bb5a6868b2f039781ed8de0cfdacdb4493abec81,
tall,8.10,972,4g,palette_basalt_k2_hex,#06070C,hex,x0.55-1.00:y0.45-0.90,8fb54b550875cdf0bc46c240bb5a6868b2f039781ed8de0cfdacdb4493abec81,k-means k=3 seed 0; informational
tall,8.10,972,4g,palette_basalt_k2_share,0.3713610266801756,fraction,x0.55-1.00:y0.45-0.90,8fb54b550875cdf0bc46c240bb5a6868b2f039781ed8de0cfdacdb4493abec81,
tall,8.10,972,4g,palette_basalt_k3_hex,#100F0C,hex,x0.55-1.00:y0.45-0.90,8fb54b550875cdf0bc46c240bb5a6868b2f039781ed8de0cfdacdb4493abec81,k-means k=3 seed 0; informational
tall,8.10,972,4g,palette_basalt_k3_share,0.15717662951705505,fraction,x0.55-1.00:y0.45-0.90,8fb54b550875cdf0bc46c240bb5a6868b2f039781ed8de0cfdacdb4493abec81,
tall,8.10,972,4g,palette_turf_vs_517046_deltaE,29.10489136169316,dE76,x0.55-1.00:y0.45-0.90,8fb54b550875cdf0bc46c240bb5a6868b2f039781ed8de0cfdacdb4493abec81,"informational: #517046 is a reference-reel value, not a hero target"
tall,8.10,972,4g,palette_basalt_vs_474B59_deltaE,29.11056265678101,dE76,x0.55-1.00:y0.45-0.90,8fb54b550875cdf0bc46c240bb5a6868b2f039781ed8de0cfdacdb4493abec81,"informational: #474B59 is a reference-reel value, not a hero target"
tall,8.10,972,4h,conifer_dark_area_pct,28.606223474323244,%,x0.62-0.95:y0.44-0.62,8fb54b550875cdf0bc46c240bb5a6868b2f039781ed8de0cfdacdb4493abec81,
tall,8.10,972,4h,conifer_edge_density,0.3503611855899229,fraction,x0.62-0.95:y0.44-0.62,8fb54b550875cdf0bc46c240bb5a6868b2f039781ed8de0cfdacdb4493abec81,Sobel mag > 12 levels
tall,12.15,1458,4a,sky_hex_anchor_0.02,#24384A,hex,x0.02-0.20:y0.02-0.72,8fb54b550875cdf0bc46c240bb5a6868b2f039781ed8de0cfdacdb4493abec81,
tall,12.15,1458,4a,sky_anchor_0.02_best_token,sky_top,token,x0.02-0.20:y0.02-0.72,8fb54b550875cdf0bc46c240bb5a6868b2f039781ed8de0cfdacdb4493abec81,
tall,12.15,1458,4a,sky_anchor_0.02_deltaE_min,21.721621005089467,dE76,x0.02-0.20:y0.02-0.72,8fb54b550875cdf0bc46c240bb5a6868b2f039781ed8de0cfdacdb4493abec81,nearest of the four settled sky/haze tokens
tall,12.15,1458,4a,sky_hex_anchor_0.10,#436481,hex,x0.02-0.20:y0.02-0.72,8fb54b550875cdf0bc46c240bb5a6868b2f039781ed8de0cfdacdb4493abec81,
tall,12.15,1458,4a,sky_anchor_0.10_best_token,sky_top,token,x0.02-0.20:y0.02-0.72,8fb54b550875cdf0bc46c240bb5a6868b2f039781ed8de0cfdacdb4493abec81,
tall,12.15,1458,4a,sky_anchor_0.10_deltaE_min,6.120069758102952,dE76,x0.02-0.20:y0.02-0.72,8fb54b550875cdf0bc46c240bb5a6868b2f039781ed8de0cfdacdb4493abec81,nearest of the four settled sky/haze tokens
tall,12.15,1458,4a,sky_hex_anchor_0.25,#597A98,hex,x0.02-0.20:y0.02-0.72,8fb54b550875cdf0bc46c240bb5a6868b2f039781ed8de0cfdacdb4493abec81,
tall,12.15,1458,4a,sky_anchor_0.25_best_token,sky_top,token,x0.02-0.20:y0.02-0.72,8fb54b550875cdf0bc46c240bb5a6868b2f039781ed8de0cfdacdb4493abec81,
tall,12.15,1458,4a,sky_anchor_0.25_deltaE_min,7.929251556797364,dE76,x0.02-0.20:y0.02-0.72,8fb54b550875cdf0bc46c240bb5a6868b2f039781ed8de0cfdacdb4493abec81,nearest of the four settled sky/haze tokens
tall,12.15,1458,4a,sky_hex_anchor_0.40,#7896B1,hex,x0.02-0.20:y0.02-0.72,8fb54b550875cdf0bc46c240bb5a6868b2f039781ed8de0cfdacdb4493abec81,
tall,12.15,1458,4a,sky_anchor_0.40_best_token,sky_mid,token,x0.02-0.20:y0.02-0.72,8fb54b550875cdf0bc46c240bb5a6868b2f039781ed8de0cfdacdb4493abec81,
tall,12.15,1458,4a,sky_anchor_0.40_deltaE_min,4.1938793671762165,dE76,x0.02-0.20:y0.02-0.72,8fb54b550875cdf0bc46c240bb5a6868b2f039781ed8de0cfdacdb4493abec81,nearest of the four settled sky/haze tokens
tall,12.15,1458,4a,sky_hex_anchor_0.55,#93AAC1,hex,x0.02-0.20:y0.02-0.72,8fb54b550875cdf0bc46c240bb5a6868b2f039781ed8de0cfdacdb4493abec81,
tall,12.15,1458,4a,sky_anchor_0.55_best_token,sky_mid,token,x0.02-0.20:y0.02-0.72,8fb54b550875cdf0bc46c240bb5a6868b2f039781ed8de0cfdacdb4493abec81,
tall,12.15,1458,4a,sky_anchor_0.55_deltaE_min,7.263919454295073,dE76,x0.02-0.20:y0.02-0.72,8fb54b550875cdf0bc46c240bb5a6868b2f039781ed8de0cfdacdb4493abec81,nearest of the four settled sky/haze tokens
tall,12.15,1458,4a,sky_hex_anchor_0.68,#C4CCD5,hex,x0.02-0.20:y0.02-0.72,8fb54b550875cdf0bc46c240bb5a6868b2f039781ed8de0cfdacdb4493abec81,
tall,12.15,1458,4a,sky_anchor_0.68_best_token,sky_low,token,x0.02-0.20:y0.02-0.72,8fb54b550875cdf0bc46c240bb5a6868b2f039781ed8de0cfdacdb4493abec81,
tall,12.15,1458,4a,sky_anchor_0.68_deltaE_min,7.972805081931358,dE76,x0.02-0.20:y0.02-0.72,8fb54b550875cdf0bc46c240bb5a6868b2f039781ed8de0cfdacdb4493abec81,nearest of the four settled sky/haze tokens
tall,12.15,1458,4a,sky_hex_top,#3E5F7D,hex,x0.02-0.20:y0.02-0.72,8fb54b550875cdf0bc46c240bb5a6868b2f039781ed8de0cfdacdb4493abec81,
tall,12.15,1458,4a,sky_deltaE_top_vs_sky_top,7.614188720530117,dE76,x0.02-0.20:y0.02-0.72,8fb54b550875cdf0bc46c240bb5a6868b2f039781ed8de0cfdacdb4493abec81,
tall,12.15,1458,4a,sky_deltaE_top_vs_sky_mid,23.679971864137833,dE76,x0.02-0.20:y0.02-0.72,8fb54b550875cdf0bc46c240bb5a6868b2f039781ed8de0cfdacdb4493abec81,
tall,12.15,1458,4a,sky_deltaE_top_vs_sky_low,37.55194616280482,dE76,x0.02-0.20:y0.02-0.72,8fb54b550875cdf0bc46c240bb5a6868b2f039781ed8de0cfdacdb4493abec81,
tall,12.15,1458,4a,sky_deltaE_top_vs_haze,22.790071060635373,dE76,x0.02-0.20:y0.02-0.72,8fb54b550875cdf0bc46c240bb5a6868b2f039781ed8de0cfdacdb4493abec81,
tall,12.15,1458,4a,sky_hex_mid,#6D8DA9,hex,x0.02-0.20:y0.02-0.72,8fb54b550875cdf0bc46c240bb5a6868b2f039781ed8de0cfdacdb4493abec81,
tall,12.15,1458,4a,sky_deltaE_mid_vs_sky_top,14.021581644733795,dE76,x0.02-0.20:y0.02-0.72,8fb54b550875cdf0bc46c240bb5a6868b2f039781ed8de0cfdacdb4493abec81,
tall,12.15,1458,4a,sky_deltaE_mid_vs_sky_mid,6.4784891677813565,dE76,x0.02-0.20:y0.02-0.72,8fb54b550875cdf0bc46c240bb5a6868b2f039781ed8de0cfdacdb4493abec81,
tall,12.15,1458,4a,sky_deltaE_mid_vs_sky_low,19.820406262641505,dE76,x0.02-0.20:y0.02-0.72,8fb54b550875cdf0bc46c240bb5a6868b2f039781ed8de0cfdacdb4493abec81,
tall,12.15,1458,4a,sky_deltaE_mid_vs_haze,12.40683355945026,dE76,x0.02-0.20:y0.02-0.72,8fb54b550875cdf0bc46c240bb5a6868b2f039781ed8de0cfdacdb4493abec81,
tall,12.15,1458,4a,sky_hex_horizon,#B5C0CF,hex,x0.02-0.20:y0.02-0.72,8fb54b550875cdf0bc46c240bb5a6868b2f039781ed8de0cfdacdb4493abec81,
tall,12.15,1458,4a,sky_deltaE_horizon_vs_sky_top,34.63986207983485,dE76,x0.02-0.20:y0.02-0.72,8fb54b550875cdf0bc46c240bb5a6868b2f039781ed8de0cfdacdb4493abec81,
tall,12.15,1458,4a,sky_deltaE_horizon_vs_sky_mid,16.954644645929932,dE76,x0.02-0.20:y0.02-0.72,8fb54b550875cdf0bc46c240bb5a6868b2f039781ed8de0cfdacdb4493abec81,
tall,12.15,1458,4a,sky_deltaE_horizon_vs_sky_low,3.0481069585829594,dE76,x0.02-0.20:y0.02-0.72,8fb54b550875cdf0bc46c240bb5a6868b2f039781ed8de0cfdacdb4493abec81,
tall,12.15,1458,4a,sky_deltaE_horizon_vs_haze,21.412929884353442,dE76,x0.02-0.20:y0.02-0.72,8fb54b550875cdf0bc46c240bb5a6868b2f039781ed8de0cfdacdb4493abec81,
tall,12.15,1458,4a,haze_hex,#B9C4D1,hex,x0.02-0.35:y0.62-0.72,8fb54b550875cdf0bc46c240bb5a6868b2f039781ed8de0cfdacdb4493abec81,
tall,12.15,1458,4a,haze_deltaE_vs_haze_token,22.43645655297472,dE76,x0.02-0.35:y0.62-0.72,8fb54b550875cdf0bc46c240bb5a6868b2f039781ed8de0cfdacdb4493abec81,
tall,12.15,1458,4a,sky_slope_R,1.9397539809923166,levels/%H,x0.02-0.20:y0.02-0.72,8fb54b550875cdf0bc46c240bb5a6868b2f039781ed8de0cfdacdb4493abec81,
tall,12.15,1458,4a,sky_r2_R,0.9792659183410884,1,x0.02-0.20:y0.02-0.72,8fb54b550875cdf0bc46c240bb5a6868b2f039781ed8de0cfdacdb4493abec81,
tall,12.15,1458,4a,sky_slope_G,1.6227613512758832,levels/%H,x0.02-0.20:y0.02-0.72,8fb54b550875cdf0bc46c240bb5a6868b2f039781ed8de0cfdacdb4493abec81,
tall,12.15,1458,4a,sky_r2_G,0.991703400249952,1,x0.02-0.20:y0.02-0.72,8fb54b550875cdf0bc46c240bb5a6868b2f039781ed8de0cfdacdb4493abec81,
tall,12.15,1458,4a,sky_slope_B,1.3893845640128923,levels/%H,x0.02-0.20:y0.02-0.72,8fb54b550875cdf0bc46c240bb5a6868b2f039781ed8de0cfdacdb4493abec81,
tall,12.15,1458,4a,sky_r2_B,0.991955592139692,1,x0.02-0.20:y0.02-0.72,8fb54b550875cdf0bc46c240bb5a6868b2f039781ed8de0cfdacdb4493abec81,
tall,12.15,1458,4b,contrast_rms_D1,7.095313409896277,levels,x0.70-0.98:y0.55-0.80,8fb54b550875cdf0bc46c240bb5a6868b2f039781ed8de0cfdacdb4493abec81,
tall,12.15,1458,4b,sat_S_D1,0.4171579092765901,S,x0.70-0.98:y0.55-0.80,8fb54b550875cdf0bc46c240bb5a6868b2f039781ed8de0cfdacdb4493abec81,
tall,12.15,1458,4b,value_V_D1,51.92192837465565,levels,x0.70-0.98:y0.55-0.80,8fb54b550875cdf0bc46c240bb5a6868b2f039781ed8de0cfdacdb4493abec81,
tall,12.15,1458,4b,contrast_rms_D2,0.5674375842928048,levels,x0.02-0.35:y0.72-0.85,8fb54b550875cdf0bc46c240bb5a6868b2f039781ed8de0cfdacdb4493abec81,
tall,12.15,1458,4b,sat_S_D2,0.18592942513685246,S,x0.02-0.35:y0.72-0.85,8fb54b550875cdf0bc46c240bb5a6868b2f039781ed8de0cfdacdb4493abec81,
tall,12.15,1458,4b,value_V_D2,192.11196024587744,levels,x0.02-0.35:y0.72-0.85,8fb54b550875cdf0bc46c240bb5a6868b2f039781ed8de0cfdacdb4493abec81,
tall,12.15,1458,4b,contrast_rms_D3,0.43541837269308903,levels,x0.02-0.35:y0.62-0.72,8fb54b550875cdf0bc46c240bb5a6868b2f039781ed8de0cfdacdb4493abec81,
tall,12.15,1458,4b,sat_S_D3,0.11470597449216911,S,x0.02-0.35:y0.62-0.72,8fb54b550875cdf0bc46c240bb5a6868b2f039781ed8de0cfdacdb4493abec81,
tall,12.15,1458,4b,value_V_D3,208.75457646680692,levels,x0.02-0.35:y0.62-0.72,8fb54b550875cdf0bc46c240bb5a6868b2f039781ed8de0cfdacdb4493abec81,
tall,12.15,1458,4b,falloff_rms_D2_D1,0.07997357572695296,ratio,x0.02-0.35:y0.72-0.85,8fb54b550875cdf0bc46c240bb5a6868b2f039781ed8de0cfdacdb4493abec81,
tall,12.15,1458,4b,falloff_rms_D3_D1,0.06136703871118418,ratio,x0.02-0.35:y0.62-0.72,8fb54b550875cdf0bc46c240bb5a6868b2f039781ed8de0cfdacdb4493abec81,
tall,12.15,1458,4b,falloff_sat_D2_D1,0.44570514187128796,ratio,x0.02-0.35:y0.72-0.85,8fb54b550875cdf0bc46c240bb5a6868b2f039781ed8de0cfdacdb4493abec81,
tall,12.15,1458,4b,falloff_sat_D3_D1,0.2749701538467418,ratio,x0.02-0.35:y0.62-0.72,8fb54b550875cdf0bc46c240bb5a6868b2f039781ed8de0cfdacdb4493abec81,
tall,12.15,1458,4c,bloom_peak_L,179.22019999999998,levels,x0.50-0.75:y0.30-0.55,8fb54b550875cdf0bc46c240bb5a6868b2f039781ed8de0cfdacdb4493abec81,
tall,12.15,1458,4c,bloom_bg_L,141.784,levels,x0.50-0.75:y0.30-0.55,8fb54b550875cdf0bc46c240bb5a6868b2f039781ed8de0cfdacdb4493abec81,
tall,12.15,1458,4c,bloom_peak_bg_ratio,1.264036844777972,ratio,x0.50-0.75:y0.30-0.55,8fb54b550875cdf0bc46c240bb5a6868b2f039781ed8de0cfdacdb4493abec81,
tall,12.15,1458,4c,bloom_r50_px,0.4583013335982666,px,x0.50-0.75:y0.30-0.55,8fb54b550875cdf0bc46c240bb5a6868b2f039781ed8de0cfdacdb4493abec81,"edge-limited: peak sits on the island silhouette, not sky; TOOL (ESRGAN/HEVC) — not a resolvable sky-side halo"
tall,12.15,1458,4c,bloom_r50_pctH,0.011934930562454859,%H,x0.50-0.75:y0.30-0.55,8fb54b550875cdf0bc46c240bb5a6868b2f039781ed8de0cfdacdb4493abec81,
tall,12.15,1458,4c,bloom_falloff_10_90_px,0.7332821337572267,px,x0.50-0.75:y0.30-0.55,8fb54b550875cdf0bc46c240bb5a6868b2f039781ed8de0cfdacdb4493abec81,
tall,12.15,1458,4d,shadow_p0_1,1.8636,levels,x0.55-1.00:y0.72-0.90,8fb54b550875cdf0bc46c240bb5a6868b2f039781ed8de0cfdacdb4493abec81,
tall,12.15,1458,4d,shadow_p1,2.8636,levels,x0.55-1.00:y0.72-0.90,8fb54b550875cdf0bc46c240bb5a6868b2f039781ed8de0cfdacdb4493abec81,black floor = p1; HEVC crush is the limit
tall,12.15,1458,4d,shadow_p5,6.1484000000000005,levels,x0.55-1.00:y0.72-0.90,8fb54b550875cdf0bc46c240bb5a6868b2f039781ed8de0cfdacdb4493abec81,
tall,12.15,1458,4d,shadow_p50,23.2676,levels,x0.55-1.00:y0.72-0.90,8fb54b550875cdf0bc46c240bb5a6868b2f039781ed8de0cfdacdb4493abec81,
tall,12.15,1458,4d,shadow_min,0.722,levels,x0.55-1.00:y0.72-0.90,8fb54b550875cdf0bc46c240bb5a6868b2f039781ed8de0cfdacdb4493abec81,
tall,12.15,1458,4d,shadow_floor_lifted,0,bool,x0.55-1.00:y0.72-0.90,8fb54b550875cdf0bc46c240bb5a6868b2f039781ed8de0cfdacdb4493abec81,"1 = p1 >= 8 levels, i.e. clearly above the codec floor"
tall,12.15,1458,4e,dof_lapvar_D1,120.55449010176305,levels2,x0.70-0.98:y0.55-0.80,8fb54b550875cdf0bc46c240bb5a6868b2f039781ed8de0cfdacdb4493abec81,
tall,12.15,1458,4e,dof_lapvar_D2,1.0465055056045107,levels2,x0.02-0.35:y0.72-0.85,8fb54b550875cdf0bc46c240bb5a6868b2f039781ed8de0cfdacdb4493abec81,
tall,12.15,1458,4e,dof_lapvar_D3,0.8277590262742472,levels2,x0.02-0.35:y0.62-0.72,8fb54b550875cdf0bc46c240bb5a6868b2f039781ed8de0cfdacdb4493abec81,
tall,12.15,1458,4e,dof_ratio_D1_D2,115.19718669050395,ratio,x0.02-0.35:y0.72-0.85,8fb54b550875cdf0bc46c240bb5a6868b2f039781ed8de0cfdacdb4493abec81,
tall,12.15,1458,4e,dof_sigma_D2_px,1.92474365234375,px,x0.02-0.35:y0.72-0.85,8fb54b550875cdf0bc46c240bb5a6868b2f039781ed8de0cfdacdb4493abec81,D1 blurred to match band; sharp end is TOOL
tall,12.15,1458,4e,dof_sigma_D2_pctH,0.05012353261311849,%H,x0.02-0.35:y0.72-0.85,8fb54b550875cdf0bc46c240bb5a6868b2f039781ed8de0cfdacdb4493abec81,
tall,12.15,1458,4e,dof_sigma_D3_px,2.06329345703125,px,x0.02-0.35:y0.62-0.72,8fb54b550875cdf0bc46c240bb5a6868b2f039781ed8de0cfdacdb4493abec81,D1 blurred to match band; sharp end is TOOL
tall,12.15,1458,4e,dof_sigma_D3_pctH,0.05373160044352213,%H,x0.02-0.35:y0.62-0.72,8fb54b550875cdf0bc46c240bb5a6868b2f039781ed8de0cfdacdb4493abec81,
tall,12.15,1458,4f,grain_sigma_R,0.296322561772855,levels,x0.02-0.35:y0.02-0.45,8fb54b550875cdf0bc46c240bb5a6868b2f039781ed8de0cfdacdb4493abec81,TOOL (ESRGAN/RIFE); native 4K
tall,12.15,1458,4f,grain_sigma_G,0.26921853703163906,levels,x0.02-0.35:y0.02-0.45,8fb54b550875cdf0bc46c240bb5a6868b2f039781ed8de0cfdacdb4493abec81,TOOL (ESRGAN/RIFE); native 4K
tall,12.15,1458,4f,grain_sigma_B,0.31739564787516333,levels,x0.02-0.35:y0.02-0.45,8fb54b550875cdf0bc46c240bb5a6868b2f039781ed8de0cfdacdb4493abec81,TOOL (ESRGAN/RIFE); native 4K
tall,12.15,1458,4f,grain_acf_halfmax_x,2,px,x0.02-0.35:y0.02-0.45,8fb54b550875cdf0bc46c240bb5a6868b2f039781ed8de0cfdacdb4493abec81,
tall,12.15,1458,4f,grain_acf_zerocross_x,-1,px,x0.02-0.35:y0.02-0.45,8fb54b550875cdf0bc46c240bb5a6868b2f039781ed8de0cfdacdb4493abec81,
tall,12.15,1458,4f,grain_acf_halfmax_y,2,px,x0.02-0.35:y0.02-0.45,8fb54b550875cdf0bc46c240bb5a6868b2f039781ed8de0cfdacdb4493abec81,
tall,12.15,1458,4f,grain_acf_zerocross_y,4,px,x0.02-0.35:y0.02-0.45,8fb54b550875cdf0bc46c240bb5a6868b2f039781ed8de0cfdacdb4493abec81,
tall,12.15,1458,4g,palette_turf_median_hex,#29321A,hex,x0.55-1.00:y0.45-0.90,8fb54b550875cdf0bc46c240bb5a6868b2f039781ed8de0cfdacdb4493abec81,island-local split; +-2 %H boundary
tall,12.15,1458,4g,palette_turf_meanS,0.44155170877841177,S,x0.55-1.00:y0.45-0.90,8fb54b550875cdf0bc46c240bb5a6868b2f039781ed8de0cfdacdb4493abec81,
tall,12.15,1458,4g,palette_turf_meanV,62.92612749085944,levels,x0.55-1.00:y0.45-0.90,8fb54b550875cdf0bc46c240bb5a6868b2f039781ed8de0cfdacdb4493abec81,
tall,12.15,1458,4g,palette_turf_share,0.10205248200690523,fraction,x0.55-1.00:y0.45-0.90,8fb54b550875cdf0bc46c240bb5a6868b2f039781ed8de0cfdacdb4493abec81,
tall,12.15,1458,4g,palette_turf_k1_hex,#1D2514,hex,x0.55-1.00:y0.45-0.90,8fb54b550875cdf0bc46c240bb5a6868b2f039781ed8de0cfdacdb4493abec81,k-means k=3 seed 0; informational
tall,12.15,1458,4g,palette_turf_k1_share,0.5671445002384492,fraction,x0.55-1.00:y0.45-0.90,8fb54b550875cdf0bc46c240bb5a6868b2f039781ed8de0cfdacdb4493abec81,
tall,12.15,1458,4g,palette_turf_k2_hex,#434D29,hex,x0.55-1.00:y0.45-0.90,8fb54b550875cdf0bc46c240bb5a6868b2f039781ed8de0cfdacdb4493abec81,k-means k=3 seed 0; informational
tall,12.15,1458,4g,palette_turf_k2_share,0.2888602126406149,fraction,x0.55-1.00:y0.45-0.90,8fb54b550875cdf0bc46c240bb5a6868b2f039781ed8de0cfdacdb4493abec81,
tall,12.15,1458,4g,palette_turf_k3_hex,#828A5B,hex,x0.55-1.00:y0.45-0.90,8fb54b550875cdf0bc46c240bb5a6868b2f039781ed8de0cfdacdb4493abec81,k-means k=3 seed 0; informational
tall,12.15,1458,4g,palette_turf_k3_share,0.14399528712093584,fraction,x0.55-1.00:y0.45-0.90,8fb54b550875cdf0bc46c240bb5a6868b2f039781ed8de0cfdacdb4493abec81,
tall,12.15,1458,4g,palette_moss_median_hex,#333C17,hex,x0.55-1.00:y0.45-0.90,8fb54b550875cdf0bc46c240bb5a6868b2f039781ed8de0cfdacdb4493abec81,island-local split; +-2 %H boundary
tall,12.15,1458,4g,palette_moss_meanS,0.6096731610508865,S,x0.55-1.00:y0.45-0.90,8fb54b550875cdf0bc46c240bb5a6868b2f039781ed8de0cfdacdb4493abec81,
tall,12.15,1458,4g,palette_moss_meanV,62.19022849360672,levels,x0.55-1.00:y0.45-0.90,8fb54b550875cdf0bc46c240bb5a6868b2f039781ed8de0cfdacdb4493abec81,
tall,12.15,1458,4g,palette_moss_share,0.10090256531622231,fraction,x0.55-1.00:y0.45-0.90,8fb54b550875cdf0bc46c240bb5a6868b2f039781ed8de0cfdacdb4493abec81,
tall,12.15,1458,4g,palette_moss_k1_hex,#39411B,hex,x0.55-1.00:y0.45-0.90,8fb54b550875cdf0bc46c240bb5a6868b2f039781ed8de0cfdacdb4493abec81,k-means k=3 seed 0; informational
tall,12.15,1458,4g,palette_moss_k1_share,0.43450669592191876,fraction,x0.55-1.00:y0.45-0.90,8fb54b550875cdf0bc46c240bb5a6868b2f039781ed8de0cfdacdb4493abec81,
tall,12.15,1458,4g,palette_moss_k2_hex,#1E250C,hex,x0.55-1.00:y0.45-0.90,8fb54b550875cdf0bc46c240bb5a6868b2f039781ed8de0cfdacdb4493abec81,k-means k=3 seed 0; informational
tall,12.15,1458,4g,palette_moss_k2_share,0.36207157448740257,fraction,x0.55-1.00:y0.45-0.90,8fb54b550875cdf0bc46c240bb5a6868b2f039781ed8de0cfdacdb4493abec81,
tall,12.15,1458,4g,palette_moss_k3_hex,#5C642B,hex,x0.55-1.00:y0.45-0.90,8fb54b550875cdf0bc46c240bb5a6868b2f039781ed8de0cfdacdb4493abec81,k-means k=3 seed 0; informational
tall,12.15,1458,4g,palette_moss_k3_share,0.20342172959067867,fraction,x0.55-1.00:y0.45-0.90,8fb54b550875cdf0bc46c240bb5a6868b2f039781ed8de0cfdacdb4493abec81,
tall,12.15,1458,4g,palette_soil_median_hex,#181B23,hex,x0.55-1.00:y0.45-0.90,8fb54b550875cdf0bc46c240bb5a6868b2f039781ed8de0cfdacdb4493abec81,island-local split; +-2 %H boundary
tall,12.15,1458,4g,palette_soil_meanS,0.35757049929072066,S,x0.55-1.00:y0.45-0.90,8fb54b550875cdf0bc46c240bb5a6868b2f039781ed8de0cfdacdb4493abec81,
tall,12.15,1458,4g,palette_soil_meanV,41.73097382137856,levels,x0.55-1.00:y0.45-0.90,8fb54b550875cdf0bc46c240bb5a6868b2f039781ed8de0cfdacdb4493abec81,
tall,12.15,1458,4g,palette_soil_share,0.3925252552242481,fraction,x0.55-1.00:y0.45-0.90,8fb54b550875cdf0bc46c240bb5a6868b2f039781ed8de0cfdacdb4493abec81,
tall,12.15,1458,4g,palette_soil_k1_hex,#15181E,hex,x0.55-1.00:y0.45-0.90,8fb54b550875cdf0bc46c240bb5a6868b2f039781ed8de0cfdacdb4493abec81,k-means k=3 seed 0; informational
tall,12.15,1458,4g,palette_soil_k1_share,0.6824286214407966,fraction,x0.55-1.00:y0.45-0.90,8fb54b550875cdf0bc46c240bb5a6868b2f039781ed8de0cfdacdb4493abec81,
tall,12.15,1458,4g,palette_soil_k2_hex,#2A2D35,hex,x0.55-1.00:y0.45-0.90,8fb54b550875cdf0bc46c240bb5a6868b2f039781ed8de0cfdacdb4493abec81,k-means k=3 seed 0; informational
tall,12.15,1458,4g,palette_soil_k2_share,0.24943840438773923,fraction,x0.55-1.00:y0.45-0.90,8fb54b550875cdf0bc46c240bb5a6868b2f039781ed8de0cfdacdb4493abec81,
tall,12.15,1458,4g,palette_soil_k3_hex,#51555D,hex,x0.55-1.00:y0.45-0.90,8fb54b550875cdf0bc46c240bb5a6868b2f039781ed8de0cfdacdb4493abec81,k-means k=3 seed 0; informational
tall,12.15,1458,4g,palette_soil_k3_share,0.06813297417146413,fraction,x0.55-1.00:y0.45-0.90,8fb54b550875cdf0bc46c240bb5a6868b2f039781ed8de0cfdacdb4493abec81,
tall,12.15,1458,4g,palette_pebble_median_hex,#232313,hex,x0.55-1.00:y0.45-0.90,8fb54b550875cdf0bc46c240bb5a6868b2f039781ed8de0cfdacdb4493abec81,island-local split; +-2 %H boundary
tall,12.15,1458,4g,palette_pebble_meanS,0.4807882623739068,S,x0.55-1.00:y0.45-0.90,8fb54b550875cdf0bc46c240bb5a6868b2f039781ed8de0cfdacdb4493abec81,
tall,12.15,1458,4g,palette_pebble_meanV,43.11848356343462,levels,x0.55-1.00:y0.45-0.90,8fb54b550875cdf0bc46c240bb5a6868b2f039781ed8de0cfdacdb4493abec81,
tall,12.15,1458,4g,palette_pebble_share,0.05985865090437846,fraction,x0.55-1.00:y0.45-0.90,8fb54b550875cdf0bc46c240bb5a6868b2f039781ed8de0cfdacdb4493abec81,
tall,12.15,1458,4g,palette_pebble_k1_hex,#2A2A19,hex,x0.55-1.00:y0.45-0.90,8fb54b550875cdf0bc46c240bb5a6868b2f039781ed8de0cfdacdb4493abec81,k-means k=3 seed 0; informational
tall,12.15,1458,4g,palette_pebble_k1_share,0.44165099002008734,fraction,x0.55-1.00:y0.45-0.90,8fb54b550875cdf0bc46c240bb5a6868b2f039781ed8de0cfdacdb4493abec81,
tall,12.15,1458,4g,palette_pebble_k2_hex,#14130C,hex,x0.55-1.00:y0.45-0.90,8fb54b550875cdf0bc46c240bb5a6868b2f039781ed8de0cfdacdb4493abec81,k-means k=3 seed 0; informational
tall,12.15,1458,4g,palette_pebble_k2_share,0.3782801390173134,fraction,x0.55-1.00:y0.45-0.90,8fb54b550875cdf0bc46c240bb5a6868b2f039781ed8de0cfdacdb4493abec81,
tall,12.15,1458,4g,palette_pebble_k3_hex,#545325,hex,x0.55-1.00:y0.45-0.90,8fb54b550875cdf0bc46c240bb5a6868b2f039781ed8de0cfdacdb4493abec81,k-means k=3 seed 0; informational
tall,12.15,1458,4g,palette_pebble_k3_share,0.18006887096259924,fraction,x0.55-1.00:y0.45-0.90,8fb54b550875cdf0bc46c240bb5a6868b2f039781ed8de0cfdacdb4493abec81,
tall,12.15,1458,4g,palette_basalt_median_hex,#080B11,hex,x0.55-1.00:y0.45-0.90,8fb54b550875cdf0bc46c240bb5a6868b2f039781ed8de0cfdacdb4493abec81,island-local split; +-2 %H boundary
tall,12.15,1458,4g,palette_basalt_meanS,0.5383537398677564,S,x0.55-1.00:y0.45-0.90,8fb54b550875cdf0bc46c240bb5a6868b2f039781ed8de0cfdacdb4493abec81,
tall,12.15,1458,4g,palette_basalt_meanV,17.142544209594824,levels,x0.55-1.00:y0.45-0.90,8fb54b550875cdf0bc46c240bb5a6868b2f039781ed8de0cfdacdb4493abec81,
tall,12.15,1458,4g,palette_basalt_share,0.2631276588841323,fraction,x0.55-1.00:y0.45-0.90,8fb54b550875cdf0bc46c240bb5a6868b2f039781ed8de0cfdacdb4493abec81,
tall,12.15,1458,4g,palette_basalt_k1_hex,#080A10,hex,x0.55-1.00:y0.45-0.90,8fb54b550875cdf0bc46c240bb5a6868b2f039781ed8de0cfdacdb4493abec81,k-means k=3 seed 0; informational
tall,12.15,1458,4g,palette_basalt_k1_share,0.39338560631337677,fraction,x0.55-1.00:y0.45-0.90,8fb54b550875cdf0bc46c240bb5a6868b2f039781ed8de0cfdacdb4493abec81,
tall,12.15,1458,4g,palette_basalt_k2_hex,#0B0F17,hex,x0.55-1.00:y0.45-0.90,8fb54b550875cdf0bc46c240bb5a6868b2f039781ed8de0cfdacdb4493abec81,k-means k=3 seed 0; informational
tall,12.15,1458,4g,palette_basalt_k2_share,0.33499920212380135,fraction,x0.55-1.00:y0.45-0.90,8fb54b550875cdf0bc46c240bb5a6868b2f039781ed8de0cfdacdb4493abec81,
tall,12.15,1458,4g,palette_basalt_k3_hex,#060608,hex,x0.55-1.00:y0.45-0.90,8fb54b550875cdf0bc46c240bb5a6868b2f039781ed8de0cfdacdb4493abec81,k-means k=3 seed 0; informational
tall,12.15,1458,4g,palette_basalt_k3_share,0.2716151915628219,fraction,x0.55-1.00:y0.45-0.90,8fb54b550875cdf0bc46c240bb5a6868b2f039781ed8de0cfdacdb4493abec81,
tall,12.15,1458,4g,palette_turf_vs_517046_deltaE,27.54837819296207,dE76,x0.55-1.00:y0.45-0.90,8fb54b550875cdf0bc46c240bb5a6868b2f039781ed8de0cfdacdb4493abec81,"informational: #517046 is a reference-reel value, not a hero target"
tall,12.15,1458,4g,palette_basalt_vs_474B59_deltaE,29.618421574876077,dE76,x0.55-1.00:y0.45-0.90,8fb54b550875cdf0bc46c240bb5a6868b2f039781ed8de0cfdacdb4493abec81,"informational: #474B59 is a reference-reel value, not a hero target"
tall,12.15,1458,4h,conifer_dark_area_pct,24.965139856662397,%,x0.62-0.95:y0.44-0.62,8fb54b550875cdf0bc46c240bb5a6868b2f039781ed8de0cfdacdb4493abec81,
tall,12.15,1458,4h,conifer_edge_density,0.2460263496000471,fraction,x0.62-0.95:y0.44-0.62,8fb54b550875cdf0bc46c240bb5a6868b2f039781ed8de0cfdacdb4493abec81,Sobel mag > 12 levels
tall,16.20,1944,4a,sky_hex_anchor_0.02,#24384A,hex,x0.02-0.20:y0.02-0.72,8fb54b550875cdf0bc46c240bb5a6868b2f039781ed8de0cfdacdb4493abec81,
tall,16.20,1944,4a,sky_anchor_0.02_best_token,sky_top,token,x0.02-0.20:y0.02-0.72,8fb54b550875cdf0bc46c240bb5a6868b2f039781ed8de0cfdacdb4493abec81,
tall,16.20,1944,4a,sky_anchor_0.02_deltaE_min,21.621903594748908,dE76,x0.02-0.20:y0.02-0.72,8fb54b550875cdf0bc46c240bb5a6868b2f039781ed8de0cfdacdb4493abec81,nearest of the four settled sky/haze tokens
tall,16.20,1944,4a,sky_hex_anchor_0.10,#436482,hex,x0.02-0.20:y0.02-0.72,8fb54b550875cdf0bc46c240bb5a6868b2f039781ed8de0cfdacdb4493abec81,
tall,16.20,1944,4a,sky_anchor_0.10_best_token,sky_top,token,x0.02-0.20:y0.02-0.72,8fb54b550875cdf0bc46c240bb5a6868b2f039781ed8de0cfdacdb4493abec81,
tall,16.20,1944,4a,sky_anchor_0.10_deltaE_min,6.486182910310151,dE76,x0.02-0.20:y0.02-0.72,8fb54b550875cdf0bc46c240bb5a6868b2f039781ed8de0cfdacdb4493abec81,nearest of the four settled sky/haze tokens
tall,16.20,1944,4a,sky_hex_anchor_0.25,#597A98,hex,x0.02-0.20:y0.02-0.72,8fb54b550875cdf0bc46c240bb5a6868b2f039781ed8de0cfdacdb4493abec81,
tall,16.20,1944,4a,sky_anchor_0.25_best_token,sky_top,token,x0.02-0.20:y0.02-0.72,8fb54b550875cdf0bc46c240bb5a6868b2f039781ed8de0cfdacdb4493abec81,
tall,16.20,1944,4a,sky_anchor_0.25_deltaE_min,7.96723125287224,dE76,x0.02-0.20:y0.02-0.72,8fb54b550875cdf0bc46c240bb5a6868b2f039781ed8de0cfdacdb4493abec81,nearest of the four settled sky/haze tokens
tall,16.20,1944,4a,sky_hex_anchor_0.40,#7897B2,hex,x0.02-0.20:y0.02-0.72,8fb54b550875cdf0bc46c240bb5a6868b2f039781ed8de0cfdacdb4493abec81,
tall,16.20,1944,4a,sky_anchor_0.40_best_token,sky_mid,token,x0.02-0.20:y0.02-0.72,8fb54b550875cdf0bc46c240bb5a6868b2f039781ed8de0cfdacdb4493abec81,
tall,16.20,1944,4a,sky_anchor_0.40_deltaE_min,4.1284602718781205,dE76,x0.02-0.20:y0.02-0.72,8fb54b550875cdf0bc46c240bb5a6868b2f039781ed8de0cfdacdb4493abec81,nearest of the four settled sky/haze tokens
tall,16.20,1944,4a,sky_hex_anchor_0.55,#93AAC1,hex,x0.02-0.20:y0.02-0.72,8fb54b550875cdf0bc46c240bb5a6868b2f039781ed8de0cfdacdb4493abec81,
tall,16.20,1944,4a,sky_anchor_0.55_best_token,sky_mid,token,x0.02-0.20:y0.02-0.72,8fb54b550875cdf0bc46c240bb5a6868b2f039781ed8de0cfdacdb4493abec81,
tall,16.20,1944,4a,sky_anchor_0.55_deltaE_min,7.275043700844787,dE76,x0.02-0.20:y0.02-0.72,8fb54b550875cdf0bc46c240bb5a6868b2f039781ed8de0cfdacdb4493abec81,nearest of the four settled sky/haze tokens
tall,16.20,1944,4a,sky_hex_anchor_0.68,#C4CDD6,hex,x0.02-0.20:y0.02-0.72,8fb54b550875cdf0bc46c240bb5a6868b2f039781ed8de0cfdacdb4493abec81,
tall,16.20,1944,4a,sky_anchor_0.68_best_token,sky_low,token,x0.02-0.20:y0.02-0.72,8fb54b550875cdf0bc46c240bb5a6868b2f039781ed8de0cfdacdb4493abec81,
tall,16.20,1944,4a,sky_anchor_0.68_deltaE_min,8.106632529574751,dE76,x0.02-0.20:y0.02-0.72,8fb54b550875cdf0bc46c240bb5a6868b2f039781ed8de0cfdacdb4493abec81,nearest of the four settled sky/haze tokens
tall,16.20,1944,4a,sky_hex_top,#3E5F7D,hex,x0.02-0.20:y0.02-0.72,8fb54b550875cdf0bc46c240bb5a6868b2f039781ed8de0cfdacdb4493abec81,
tall,16.20,1944,4a,sky_deltaE_top_vs_sky_top,7.67217273782163,dE76,x0.02-0.20:y0.02-0.72,8fb54b550875cdf0bc46c240bb5a6868b2f039781ed8de0cfdacdb4493abec81,
tall,16.20,1944,4a,sky_deltaE_top_vs_sky_mid,23.684309479227004,dE76,x0.02-0.20:y0.02-0.72,8fb54b550875cdf0bc46c240bb5a6868b2f039781ed8de0cfdacdb4493abec81,
tall,16.20,1944,4a,sky_deltaE_top_vs_sky_low,37.552591670175474,dE76,x0.02-0.20:y0.02-0.72,8fb54b550875cdf0bc46c240bb5a6868b2f039781ed8de0cfdacdb4493abec81,
tall,16.20,1944,4a,sky_deltaE_top_vs_haze,22.82881206066974,dE76,x0.02-0.20:y0.02-0.72,8fb54b550875cdf0bc46c240bb5a6868b2f039781ed8de0cfdacdb4493abec81,
tall,16.20,1944,4a,sky_hex_mid,#6D8EAA,hex,x0.02-0.20:y0.02-0.72,8fb54b550875cdf0bc46c240bb5a6868b2f039781ed8de0cfdacdb4493abec81,
tall,16.20,1944,4a,sky_deltaE_mid_vs_sky_top,14.13747868063944,dE76,x0.02-0.20:y0.02-0.72,8fb54b550875cdf0bc46c240bb5a6868b2f039781ed8de0cfdacdb4493abec81,
tall,16.20,1944,4a,sky_deltaE_mid_vs_sky_mid,6.300604186337517,dE76,x0.02-0.20:y0.02-0.72,8fb54b550875cdf0bc46c240bb5a6868b2f039781ed8de0cfdacdb4493abec81,
tall,16.20,1944,4a,sky_deltaE_mid_vs_sky_low,19.66261491104831,dE76,x0.02-0.20:y0.02-0.72,8fb54b550875cdf0bc46c240bb5a6868b2f039781ed8de0cfdacdb4493abec81,
tall,16.20,1944,4a,sky_deltaE_mid_vs_haze,12.343749850996307,dE76,x0.02-0.20:y0.02-0.72,8fb54b550875cdf0bc46c240bb5a6868b2f039781ed8de0cfdacdb4493abec81,
tall,16.20,1944,4a,sky_hex_horizon,#B5C0D0,hex,x0.02-0.20:y0.02-0.72,8fb54b550875cdf0bc46c240bb5a6868b2f039781ed8de0cfdacdb4493abec81,
tall,16.20,1944,4a,sky_deltaE_horizon_vs_sky_top,34.7216053169533,dE76,x0.02-0.20:y0.02-0.72,8fb54b550875cdf0bc46c240bb5a6868b2f039781ed8de0cfdacdb4493abec81,
tall,16.20,1944,4a,sky_deltaE_horizon_vs_sky_mid,17.037507220086002,dE76,x0.02-0.20:y0.02-0.72,8fb54b550875cdf0bc46c240bb5a6868b2f039781ed8de0cfdacdb4493abec81,
tall,16.20,1944,4a,sky_deltaE_horizon_vs_sky_low,3.123501294939723,dE76,x0.02-0.20:y0.02-0.72,8fb54b550875cdf0bc46c240bb5a6868b2f039781ed8de0cfdacdb4493abec81,
tall,16.20,1944,4a,sky_deltaE_horizon_vs_haze,21.48668280472611,dE76,x0.02-0.20:y0.02-0.72,8fb54b550875cdf0bc46c240bb5a6868b2f039781ed8de0cfdacdb4493abec81,
tall,16.20,1944,4a,haze_hex,#B9C4D1,hex,x0.02-0.35:y0.62-0.72,8fb54b550875cdf0bc46c240bb5a6868b2f039781ed8de0cfdacdb4493abec81,
tall,16.20,1944,4a,haze_deltaE_vs_haze_token,22.50312213504555,dE76,x0.02-0.35:y0.62-0.72,8fb54b550875cdf0bc46c240bb5a6868b2f039781ed8de0cfdacdb4493abec81,
tall,16.20,1944,4a,sky_slope_R,1.9382320162317412,levels/%H,x0.02-0.20:y0.02-0.72,8fb54b550875cdf0bc46c240bb5a6868b2f039781ed8de0cfdacdb4493abec81,
tall,16.20,1944,4a,sky_r2_R,0.9792842314489619,1,x0.02-0.20:y0.02-0.72,8fb54b550875cdf0bc46c240bb5a6868b2f039781ed8de0cfdacdb4493abec81,
tall,16.20,1944,4a,sky_slope_G,1.6245744568336735,levels/%H,x0.02-0.20:y0.02-0.72,8fb54b550875cdf0bc46c240bb5a6868b2f039781ed8de0cfdacdb4493abec81,
tall,16.20,1944,4a,sky_r2_G,0.9916830479678022,1,x0.02-0.20:y0.02-0.72,8fb54b550875cdf0bc46c240bb5a6868b2f039781ed8de0cfdacdb4493abec81,
tall,16.20,1944,4a,sky_slope_B,1.3867192406187683,levels/%H,x0.02-0.20:y0.02-0.72,8fb54b550875cdf0bc46c240bb5a6868b2f039781ed8de0cfdacdb4493abec81,
tall,16.20,1944,4a,sky_r2_B,0.991280592459839,1,x0.02-0.20:y0.02-0.72,8fb54b550875cdf0bc46c240bb5a6868b2f039781ed8de0cfdacdb4493abec81,
tall,16.20,1944,4b,contrast_rms_D1,8.35610598547874,levels,x0.70-0.98:y0.55-0.80,8fb54b550875cdf0bc46c240bb5a6868b2f039781ed8de0cfdacdb4493abec81,
tall,16.20,1944,4b,sat_S_D1,0.44638069575702166,S,x0.70-0.98:y0.55-0.80,8fb54b550875cdf0bc46c240bb5a6868b2f039781ed8de0cfdacdb4493abec81,
tall,16.20,1944,4b,value_V_D1,48.320118801652896,levels,x0.70-0.98:y0.55-0.80,8fb54b550875cdf0bc46c240bb5a6868b2f039781ed8de0cfdacdb4493abec81,
tall,16.20,1944,4b,contrast_rms_D2,0.558652296917044,levels,x0.02-0.35:y0.72-0.85,8fb54b550875cdf0bc46c240bb5a6868b2f039781ed8de0cfdacdb4493abec81,
tall,16.20,1944,4b,sat_S_D2,0.18460444515226251,S,x0.02-0.35:y0.72-0.85,8fb54b550875cdf0bc46c240bb5a6868b2f039781ed8de0cfdacdb4493abec81,
tall,16.20,1944,4b,value_V_D2,192.2142321107854,levels,x0.02-0.35:y0.72-0.85,8fb54b550875cdf0bc46c240bb5a6868b2f039781ed8de0cfdacdb4493abec81,
tall,16.20,1944,4b,contrast_rms_D3,0.4248729050068394,levels,x0.02-0.35:y0.62-0.72,8fb54b550875cdf0bc46c240bb5a6868b2f039781ed8de0cfdacdb4493abec81,
tall,16.20,1944,4b,sat_S_D3,0.11450116448089294,S,x0.02-0.35:y0.62-0.72,8fb54b550875cdf0bc46c240bb5a6868b2f039781ed8de0cfdacdb4493abec81,
tall,16.20,1944,4b,value_V_D3,208.8942591456288,levels,x0.02-0.35:y0.62-0.72,8fb54b550875cdf0bc46c240bb5a6868b2f039781ed8de0cfdacdb4493abec81,
tall,16.20,1944,4b,falloff_rms_D2_D1,0.06685557817096519,ratio,x0.02-0.35:y0.72-0.85,8fb54b550875cdf0bc46c240bb5a6868b2f039781ed8de0cfdacdb4493abec81,
tall,16.20,1944,4b,falloff_rms_D3_D1,0.05084580135115382,ratio,x0.02-0.35:y0.62-0.72,8fb54b550875cdf0bc46c240bb5a6868b2f039781ed8de0cfdacdb4493abec81,
tall,16.20,1944,4b,falloff_sat_D2_D1,0.41355830775609576,ratio,x0.02-0.35:y0.72-0.85,8fb54b550875cdf0bc46c240bb5a6868b2f039781ed8de0cfdacdb4493abec81,
tall,16.20,1944,4b,falloff_sat_D3_D1,0.2565101169680047,ratio,x0.02-0.35:y0.62-0.72,8fb54b550875cdf0bc46c240bb5a6868b2f039781ed8de0cfdacdb4493abec81,
tall,16.20,1944,4c,bloom_peak_L,209.29600000000002,levels,x0.50-0.75:y0.30-0.55,8fb54b550875cdf0bc46c240bb5a6868b2f039781ed8de0cfdacdb4493abec81,
tall,16.20,1944,4c,bloom_bg_L,141.784,levels,x0.50-0.75:y0.30-0.55,8fb54b550875cdf0bc46c240bb5a6868b2f039781ed8de0cfdacdb4493abec81,
tall,16.20,1944,4c,bloom_peak_bg_ratio,1.4761609208373303,ratio,x0.50-0.75:y0.30-0.55,8fb54b550875cdf0bc46c240bb5a6868b2f039781ed8de0cfdacdb4493abec81,
tall,16.20,1944,4c,bloom_r50_px,0.5884084647021012,px,x0.50-0.75:y0.30-0.55,8fb54b550875cdf0bc46c240bb5a6868b2f039781ed8de0cfdacdb4493abec81,"edge-limited: peak sits on the island silhouette, not sky; TOOL (ESRGAN/HEVC) — not a resolvable sky-side halo"
tall,16.20,1944,4c,bloom_r50_pctH,0.015323137101617217,%H,x0.50-0.75:y0.30-0.55,8fb54b550875cdf0bc46c240bb5a6868b2f039781ed8de0cfdacdb4493abec81,
tall,16.20,1944,4c,bloom_falloff_10_90_px,0.9414535435233621,px,x0.50-0.75:y0.30-0.55,8fb54b550875cdf0bc46c240bb5a6868b2f039781ed8de0cfdacdb4493abec81,
tall,16.20,1944,4d,shadow_p0_1,2.5736,levels,x0.55-1.00:y0.72-0.90,8fb54b550875cdf0bc46c240bb5a6868b2f039781ed8de0cfdacdb4493abec81,
tall,16.20,1944,4d,shadow_p1,4.5828,levels,x0.55-1.00:y0.72-0.90,8fb54b550875cdf0bc46c240bb5a6868b2f039781ed8de0cfdacdb4493abec81,black floor = p1; HEVC crush is the limit
tall,16.20,1944,4d,shadow_p5,7.795399999999999,levels,x0.55-1.00:y0.72-0.90,8fb54b550875cdf0bc46c240bb5a6868b2f039781ed8de0cfdacdb4493abec81,
tall,16.20,1944,4d,shadow_p50,22.1616,levels,x0.55-1.00:y0.72-0.90,8fb54b550875cdf0bc46c240bb5a6868b2f039781ed8de0cfdacdb4493abec81,
tall,16.20,1944,4d,shadow_min,0.43320000000000003,levels,x0.55-1.00:y0.72-0.90,8fb54b550875cdf0bc46c240bb5a6868b2f039781ed8de0cfdacdb4493abec81,
tall,16.20,1944,4d,shadow_floor_lifted,0,bool,x0.55-1.00:y0.72-0.90,8fb54b550875cdf0bc46c240bb5a6868b2f039781ed8de0cfdacdb4493abec81,"1 = p1 >= 8 levels, i.e. clearly above the codec floor"
tall,16.20,1944,4e,dof_lapvar_D1,224.10317965535796,levels2,x0.70-0.98:y0.55-0.80,8fb54b550875cdf0bc46c240bb5a6868b2f039781ed8de0cfdacdb4493abec81,
tall,16.20,1944,4e,dof_lapvar_D2,1.0623736687818217,levels2,x0.02-0.35:y0.72-0.85,8fb54b550875cdf0bc46c240bb5a6868b2f039781ed8de0cfdacdb4493abec81,
tall,16.20,1944,4e,dof_lapvar_D3,0.8137708474416189,levels2,x0.02-0.35:y0.62-0.72,8fb54b550875cdf0bc46c240bb5a6868b2f039781ed8de0cfdacdb4493abec81,
tall,16.20,1944,4e,dof_ratio_D1_D2,210.94572111555388,ratio,x0.02-0.35:y0.72-0.85,8fb54b550875cdf0bc46c240bb5a6868b2f039781ed8de0cfdacdb4493abec81,
tall,16.20,1944,4e,dof_sigma_D2_px,2.05230712890625,px,x0.02-0.35:y0.72-0.85,8fb54b550875cdf0bc46c240bb5a6868b2f039781ed8de0cfdacdb4493abec81,D1 blurred to match band; sharp end is TOOL
tall,16.20,1944,4e,dof_sigma_D2_pctH,0.05344549814860026,%H,x0.02-0.35:y0.72-0.85,8fb54b550875cdf0bc46c240bb5a6868b2f039781ed8de0cfdacdb4493abec81,
tall,16.20,1944,4e,dof_sigma_D3_px,2.22625732421875,px,x0.02-0.35:y0.62-0.72,8fb54b550875cdf0bc46c240bb5a6868b2f039781ed8de0cfdacdb4493abec81,D1 blurred to match band; sharp end is TOOL
tall,16.20,1944,4e,dof_sigma_D3_pctH,0.057975451151529946,%H,x0.02-0.35:y0.62-0.72,8fb54b550875cdf0bc46c240bb5a6868b2f039781ed8de0cfdacdb4493abec81,
tall,16.20,1944,4f,grain_sigma_R,0.3058977969638812,levels,x0.02-0.35:y0.02-0.45,8fb54b550875cdf0bc46c240bb5a6868b2f039781ed8de0cfdacdb4493abec81,TOOL (ESRGAN/RIFE); native 4K
tall,16.20,1944,4f,grain_sigma_G,0.2756533408340565,levels,x0.02-0.35:y0.02-0.45,8fb54b550875cdf0bc46c240bb5a6868b2f039781ed8de0cfdacdb4493abec81,TOOL (ESRGAN/RIFE); native 4K
tall,16.20,1944,4f,grain_sigma_B,0.3351207746730523,levels,x0.02-0.35:y0.02-0.45,8fb54b550875cdf0bc46c240bb5a6868b2f039781ed8de0cfdacdb4493abec81,TOOL (ESRGAN/RIFE); native 4K
tall,16.20,1944,4f,grain_acf_halfmax_x,2,px,x0.02-0.35:y0.02-0.45,8fb54b550875cdf0bc46c240bb5a6868b2f039781ed8de0cfdacdb4493abec81,
tall,16.20,1944,4f,grain_acf_zerocross_x,226,px,x0.02-0.35:y0.02-0.45,8fb54b550875cdf0bc46c240bb5a6868b2f039781ed8de0cfdacdb4493abec81,
tall,16.20,1944,4f,grain_acf_halfmax_y,2,px,x0.02-0.35:y0.02-0.45,8fb54b550875cdf0bc46c240bb5a6868b2f039781ed8de0cfdacdb4493abec81,
tall,16.20,1944,4f,grain_acf_zerocross_y,4,px,x0.02-0.35:y0.02-0.45,8fb54b550875cdf0bc46c240bb5a6868b2f039781ed8de0cfdacdb4493abec81,
tall,16.20,1944,4g,palette_turf_median_hex,#242D19,hex,x0.55-1.00:y0.45-0.90,8fb54b550875cdf0bc46c240bb5a6868b2f039781ed8de0cfdacdb4493abec81,island-local split; +-2 %H boundary
tall,16.20,1944,4g,palette_turf_meanS,0.41700001319993224,S,x0.55-1.00:y0.45-0.90,8fb54b550875cdf0bc46c240bb5a6868b2f039781ed8de0cfdacdb4493abec81,
tall,16.20,1944,4g,palette_turf_meanV,57.60907305577376,levels,x0.55-1.00:y0.45-0.90,8fb54b550875cdf0bc46c240bb5a6868b2f039781ed8de0cfdacdb4493abec81,
tall,16.20,1944,4g,palette_turf_share,0.09173592951538675,fraction,x0.55-1.00:y0.45-0.90,8fb54b550875cdf0bc46c240bb5a6868b2f039781ed8de0cfdacdb4493abec81,
tall,16.20,1944,4g,palette_turf_k1_hex,#1A2313,hex,x0.55-1.00:y0.45-0.90,8fb54b550875cdf0bc46c240bb5a6868b2f039781ed8de0cfdacdb4493abec81,k-means k=3 seed 0; informational
tall,16.20,1944,4g,palette_turf_k1_share,0.5913295365278869,fraction,x0.55-1.00:y0.45-0.90,8fb54b550875cdf0bc46c240bb5a6868b2f039781ed8de0cfdacdb4493abec81,
tall,16.20,1944,4g,palette_turf_k2_hex,#3E482C,hex,x0.55-1.00:y0.45-0.90,8fb54b550875cdf0bc46c240bb5a6868b2f039781ed8de0cfdacdb4493abec81,k-means k=3 seed 0; informational
tall,16.20,1944,4g,palette_turf_k2_share,0.26497446975648076,fraction,x0.55-1.00:y0.45-0.90,8fb54b550875cdf0bc46c240bb5a6868b2f039781ed8de0cfdacdb4493abec81,
tall,16.20,1944,4g,palette_turf_k3_hex,#747E5C,hex,x0.55-1.00:y0.45-0.90,8fb54b550875cdf0bc46c240bb5a6868b2f039781ed8de0cfdacdb4493abec81,k-means k=3 seed 0; informational
tall,16.20,1944,4g,palette_turf_k3_share,0.14369599371563235,fraction,x0.55-1.00:y0.45-0.90,8fb54b550875cdf0bc46c240bb5a6868b2f039781ed8de0cfdacdb4493abec81,
tall,16.20,1944,4g,palette_moss_median_hex,#343C17,hex,x0.55-1.00:y0.45-0.90,8fb54b550875cdf0bc46c240bb5a6868b2f039781ed8de0cfdacdb4493abec81,island-local split; +-2 %H boundary
tall,16.20,1944,4g,palette_moss_meanS,0.6321928909997062,S,x0.55-1.00:y0.45-0.90,8fb54b550875cdf0bc46c240bb5a6868b2f039781ed8de0cfdacdb4493abec81,
tall,16.20,1944,4g,palette_moss_meanV,66.42884976757986,levels,x0.55-1.00:y0.45-0.90,8fb54b550875cdf0bc46c240bb5a6868b2f039781ed8de0cfdacdb4493abec81,
tall,16.20,1944,4g,palette_moss_share,0.09107835657208126,fraction,x0.55-1.00:y0.45-0.90,8fb54b550875cdf0bc46c240bb5a6868b2f039781ed8de0cfdacdb4493abec81,
tall,16.20,1944,4g,palette_moss_k1_hex,#232B0D,hex,x0.55-1.00:y0.45-0.90,8fb54b550875cdf0bc46c240bb5a6868b2f039781ed8de0cfdacdb4493abec81,k-means k=3 seed 0; informational
tall,16.20,1944,4g,palette_moss_k1_share,0.514004549500544,fraction,x0.55-1.00:y0.45-0.90,8fb54b550875cdf0bc46c240bb5a6868b2f039781ed8de0cfdacdb4493abec81,
tall,16.20,1944,4g,palette_moss_k2_hex,#474F21,hex,x0.55-1.00:y0.45-0.90,8fb54b550875cdf0bc46c240bb5a6868b2f039781ed8de0cfdacdb4493abec81,k-means k=3 seed 0; informational
tall,16.20,1944,4g,palette_moss_k2_share,0.36296113144100484,fraction,x0.55-1.00:y0.45-0.90,8fb54b550875cdf0bc46c240bb5a6868b2f039781ed8de0cfdacdb4493abec81,
tall,16.20,1944,4g,palette_moss_k3_hex,#777F44,hex,x0.55-1.00:y0.45-0.90,8fb54b550875cdf0bc46c240bb5a6868b2f039781ed8de0cfdacdb4493abec81,k-means k=3 seed 0; informational
tall,16.20,1944,4g,palette_moss_k3_share,0.12303431905845119,fraction,x0.55-1.00:y0.45-0.90,8fb54b550875cdf0bc46c240bb5a6868b2f039781ed8de0cfdacdb4493abec81,
tall,16.20,1944,4g,palette_soil_median_hex,#181B23,hex,x0.55-1.00:y0.45-0.90,8fb54b550875cdf0bc46c240bb5a6868b2f039781ed8de0cfdacdb4493abec81,island-local split; +-2 %H boundary
tall,16.20,1944,4g,palette_soil_meanS,0.36900951687790606,S,x0.55-1.00:y0.45-0.90,8fb54b550875cdf0bc46c240bb5a6868b2f039781ed8de0cfdacdb4493abec81,
tall,16.20,1944,4g,palette_soil_meanV,41.637823809147086,levels,x0.55-1.00:y0.45-0.90,8fb54b550875cdf0bc46c240bb5a6868b2f039781ed8de0cfdacdb4493abec81,
tall,16.20,1944,4g,palette_soil_share,0.4099039493110347,fraction,x0.55-1.00:y0.45-0.90,8fb54b550875cdf0bc46c240bb5a6868b2f039781ed8de0cfdacdb4493abec81,
tall,16.20,1944,4g,palette_soil_k1_hex,#14181D,hex,x0.55-1.00:y0.45-0.90,8fb54b550875cdf0bc46c240bb5a6868b2f039781ed8de0cfdacdb4493abec81,k-means k=3 seed 0; informational
tall,16.20,1944,4g,palette_soil_k1_share,0.6341297258335311,fraction,x0.55-1.00:y0.45-0.90,8fb54b550875cdf0bc46c240bb5a6868b2f039781ed8de0cfdacdb4493abec81,
tall,16.20,1944,4g,palette_soil_k2_hex,#242931,hex,x0.55-1.00:y0.45-0.90,8fb54b550875cdf0bc46c240bb5a6868b2f039781ed8de0cfdacdb4493abec81,k-means k=3 seed 0; informational
tall,16.20,1944,4g,palette_soil_k2_share,0.24772773221521935,fraction,x0.55-1.00:y0.45-0.90,8fb54b550875cdf0bc46c240bb5a6868b2f039781ed8de0cfdacdb4493abec81,
tall,16.20,1944,4g,palette_soil_k3_hex,#46464C,hex,x0.55-1.00:y0.45-0.90,8fb54b550875cdf0bc46c240bb5a6868b2f039781ed8de0cfdacdb4493abec81,k-means k=3 seed 0; informational
tall,16.20,1944,4g,palette_soil_k3_share,0.11814254195124953,fraction,x0.55-1.00:y0.45-0.90,8fb54b550875cdf0bc46c240bb5a6868b2f039781ed8de0cfdacdb4493abec81,
tall,16.20,1944,4g,palette_pebble_median_hex,#1F200C,hex,x0.55-1.00:y0.45-0.90,8fb54b550875cdf0bc46c240bb5a6868b2f039781ed8de0cfdacdb4493abec81,island-local split; +-2 %H boundary
tall,16.20,1944,4g,palette_pebble_meanS,0.5781245660721397,S,x0.55-1.00:y0.45-0.90,8fb54b550875cdf0bc46c240bb5a6868b2f039781ed8de0cfdacdb4493abec81,
tall,16.20,1944,4g,palette_pebble_meanV,37.209917868728,levels,x0.55-1.00:y0.45-0.90,8fb54b550875cdf0bc46c240bb5a6868b2f039781ed8de0cfdacdb4493abec81,
tall,16.20,1944,4g,palette_pebble_share,0.05220588698933381,fraction,x0.55-1.00:y0.45-0.90,8fb54b550875cdf0bc46c240bb5a6868b2f039781ed8de0cfdacdb4493abec81,
tall,16.20,1944,4g,palette_pebble_k1_hex,#101008,hex,x0.55-1.00:y0.45-0.90,8fb54b550875cdf0bc46c240bb5a6868b2f039781ed8de0cfdacdb4493abec81,k-means k=3 seed 0; informational
tall,16.20,1944,4g,palette_pebble_k1_share,0.45536268893643456,fraction,x0.55-1.00:y0.45-0.90,8fb54b550875cdf0bc46c240bb5a6868b2f039781ed8de0cfdacdb4493abec81,
tall,16.20,1944,4g,palette_pebble_k2_hex,#2A2A12,hex,x0.55-1.00:y0.45-0.90,8fb54b550875cdf0bc46c240bb5a6868b2f039781ed8de0cfdacdb4493abec81,k-means k=3 seed 0; informational
tall,16.20,1944,4g,palette_pebble_k2_share,0.4229415418593416,fraction,x0.55-1.00:y0.45-0.90,8fb54b550875cdf0bc46c240bb5a6868b2f039781ed8de0cfdacdb4493abec81,
tall,16.20,1944,4g,palette_pebble_k3_hex,#565522,hex,x0.55-1.00:y0.45-0.90,8fb54b550875cdf0bc46c240bb5a6868b2f039781ed8de0cfdacdb4493abec81,k-means k=3 seed 0; informational
tall,16.20,1944,4g,palette_pebble_k3_share,0.1216957692042239,fraction,x0.55-1.00:y0.45-0.90,8fb54b550875cdf0bc46c240bb5a6868b2f039781ed8de0cfdacdb4493abec81,
tall,16.20,1944,4g,palette_basalt_median_hex,#090C12,hex,x0.55-1.00:y0.45-0.90,8fb54b550875cdf0bc46c240bb5a6868b2f039781ed8de0cfdacdb4493abec81,island-local split; +-2 %H boundary
tall,16.20,1944,4g,palette_basalt_meanS,0.5346556250156268,S,x0.55-1.00:y0.45-0.90,8fb54b550875cdf0bc46c240bb5a6868b2f039781ed8de0cfdacdb4493abec81,
tall,16.20,1944,4g,palette_basalt_meanV,18.129563552858304,levels,x0.55-1.00:y0.45-0.90,8fb54b550875cdf0bc46c240bb5a6868b2f039781ed8de0cfdacdb4493abec81,
tall,16.20,1944,4g,palette_basalt_share,0.2734053180536201,fraction,x0.55-1.00:y0.45-0.90,8fb54b550875cdf0bc46c240bb5a6868b2f039781ed8de0cfdacdb4493abec81,
tall,16.20,1944,4g,palette_basalt_k1_hex,#090B11,hex,x0.55-1.00:y0.45-0.90,8fb54b550875cdf0bc46c240bb5a6868b2f039781ed8de0cfdacdb4493abec81,k-means k=3 seed 0; informational
tall,16.20,1944,4g,palette_basalt_k1_share,0.38796253282331583,fraction,x0.55-1.00:y0.45-0.90,8fb54b550875cdf0bc46c240bb5a6868b2f039781ed8de0cfdacdb4493abec81,
tall,16.20,1944,4g,palette_basalt_k2_hex,#0B0F18,hex,x0.55-1.00:y0.45-0.90,8fb54b550875cdf0bc46c240bb5a6868b2f039781ed8de0cfdacdb4493abec81,k-means k=3 seed 0; informational
tall,16.20,1944,4g,palette_basalt_k2_share,0.3410923204148669,fraction,x0.55-1.00:y0.45-0.90,8fb54b550875cdf0bc46c240bb5a6868b2f039781ed8de0cfdacdb4493abec81,
tall,16.20,1944,4g,palette_basalt_k3_hex,#070709,hex,x0.55-1.00:y0.45-0.90,8fb54b550875cdf0bc46c240bb5a6868b2f039781ed8de0cfdacdb4493abec81,k-means k=3 seed 0; informational
tall,16.20,1944,4g,palette_basalt_k3_share,0.2709451467618172,fraction,x0.55-1.00:y0.45-0.90,8fb54b550875cdf0bc46c240bb5a6868b2f039781ed8de0cfdacdb4493abec81,
tall,16.20,1944,4g,palette_turf_vs_517046_deltaE,30.329055315438673,dE76,x0.55-1.00:y0.45-0.90,8fb54b550875cdf0bc46c240bb5a6868b2f039781ed8de0cfdacdb4493abec81,"informational: #517046 is a reference-reel value, not a hero target"
tall,16.20,1944,4g,palette_basalt_vs_474B59_deltaE,29.293889428104386,dE76,x0.55-1.00:y0.45-0.90,8fb54b550875cdf0bc46c240bb5a6868b2f039781ed8de0cfdacdb4493abec81,"informational: #474B59 is a reference-reel value, not a hero target"
tall,16.20,1944,4h,conifer_dark_area_pct,28.173896805856906,%,x0.62-0.95:y0.44-0.62,8fb54b550875cdf0bc46c240bb5a6868b2f039781ed8de0cfdacdb4493abec81,
tall,16.20,1944,4h,conifer_edge_density,0.348104156222155,fraction,x0.62-0.95:y0.44-0.62,8fb54b550875cdf0bc46c240bb5a6868b2f039781ed8de0cfdacdb4493abec81,Sobel mag > 12 levels
tall,20.25,2430,4a,sky_hex_anchor_0.02,#24384A,hex,x0.02-0.20:y0.02-0.72,8fb54b550875cdf0bc46c240bb5a6868b2f039781ed8de0cfdacdb4493abec81,
tall,20.25,2430,4a,sky_anchor_0.02_best_token,sky_top,token,x0.02-0.20:y0.02-0.72,8fb54b550875cdf0bc46c240bb5a6868b2f039781ed8de0cfdacdb4493abec81,
tall,20.25,2430,4a,sky_anchor_0.02_deltaE_min,21.609426951811635,dE76,x0.02-0.20:y0.02-0.72,8fb54b550875cdf0bc46c240bb5a6868b2f039781ed8de0cfdacdb4493abec81,nearest of the four settled sky/haze tokens
tall,20.25,2430,4a,sky_hex_anchor_0.10,#436482,hex,x0.02-0.20:y0.02-0.72,8fb54b550875cdf0bc46c240bb5a6868b2f039781ed8de0cfdacdb4493abec81,
tall,20.25,2430,4a,sky_anchor_0.10_best_token,sky_top,token,x0.02-0.20:y0.02-0.72,8fb54b550875cdf0bc46c240bb5a6868b2f039781ed8de0cfdacdb4493abec81,
tall,20.25,2430,4a,sky_anchor_0.10_deltaE_min,6.457720650001776,dE76,x0.02-0.20:y0.02-0.72,8fb54b550875cdf0bc46c240bb5a6868b2f039781ed8de0cfdacdb4493abec81,nearest of the four settled sky/haze tokens
tall,20.25,2430,4a,sky_hex_anchor_0.25,#597A98,hex,x0.02-0.20:y0.02-0.72,8fb54b550875cdf0bc46c240bb5a6868b2f039781ed8de0cfdacdb4493abec81,
tall,20.25,2430,4a,sky_anchor_0.25_best_token,sky_top,token,x0.02-0.20:y0.02-0.72,8fb54b550875cdf0bc46c240bb5a6868b2f039781ed8de0cfdacdb4493abec81,
tall,20.25,2430,4a,sky_anchor_0.25_deltaE_min,7.981890862953766,dE76,x0.02-0.20:y0.02-0.72,8fb54b550875cdf0bc46c240bb5a6868b2f039781ed8de0cfdacdb4493abec81,nearest of the four settled sky/haze tokens
tall,20.25,2430,4a,sky_hex_anchor_0.40,#7897B2,hex,x0.02-0.20:y0.02-0.72,8fb54b550875cdf0bc46c240bb5a6868b2f039781ed8de0cfdacdb4493abec81,
tall,20.25,2430,4a,sky_anchor_0.40_best_token,sky_mid,token,x0.02-0.20:y0.02-0.72,8fb54b550875cdf0bc46c240bb5a6868b2f039781ed8de0cfdacdb4493abec81,
tall,20.25,2430,4a,sky_anchor_0.40_deltaE_min,4.396074747005668,dE76,x0.02-0.20:y0.02-0.72,8fb54b550875cdf0bc46c240bb5a6868b2f039781ed8de0cfdacdb4493abec81,nearest of the four settled sky/haze tokens
tall,20.25,2430,4a,sky_hex_anchor_0.55,#93AAC1,hex,x0.02-0.20:y0.02-0.72,8fb54b550875cdf0bc46c240bb5a6868b2f039781ed8de0cfdacdb4493abec81,
tall,20.25,2430,4a,sky_anchor_0.55_best_token,sky_mid,token,x0.02-0.20:y0.02-0.72,8fb54b550875cdf0bc46c240bb5a6868b2f039781ed8de0cfdacdb4493abec81,
tall,20.25,2430,4a,sky_anchor_0.55_deltaE_min,7.302841228150001,dE76,x0.02-0.20:y0.02-0.72,8fb54b550875cdf0bc46c240bb5a6868b2f039781ed8de0cfdacdb4493abec81,nearest of the four settled sky/haze tokens
tall,20.25,2430,4a,sky_hex_anchor_0.68,#C4CCD6,hex,x0.02-0.20:y0.02-0.72,8fb54b550875cdf0bc46c240bb5a6868b2f039781ed8de0cfdacdb4493abec81,
tall,20.25,2430,4a,sky_anchor_0.68_best_token,sky_low,token,x0.02-0.20:y0.02-0.72,8fb54b550875cdf0bc46c240bb5a6868b2f039781ed8de0cfdacdb4493abec81,
tall,20.25,2430,4a,sky_anchor_0.68_deltaE_min,7.990010748222127,dE76,x0.02-0.20:y0.02-0.72,8fb54b550875cdf0bc46c240bb5a6868b2f039781ed8de0cfdacdb4493abec81,nearest of the four settled sky/haze tokens
tall,20.25,2430,4a,sky_hex_top,#3E5F7D,hex,x0.02-0.20:y0.02-0.72,8fb54b550875cdf0bc46c240bb5a6868b2f039781ed8de0cfdacdb4493abec81,
tall,20.25,2430,4a,sky_deltaE_top_vs_sky_top,7.6017329514801375,dE76,x0.02-0.20:y0.02-0.72,8fb54b550875cdf0bc46c240bb5a6868b2f039781ed8de0cfdacdb4493abec81,
tall,20.25,2430,4a,sky_deltaE_top_vs_sky_mid,23.641398415737854,dE76,x0.02-0.20:y0.02-0.72,8fb54b550875cdf0bc46c240bb5a6868b2f039781ed8de0cfdacdb4493abec81,
tall,20.25,2430,4a,sky_deltaE_top_vs_sky_low,37.51455272227546,dE76,x0.02-0.20:y0.02-0.72,8fb54b550875cdf0bc46c240bb5a6868b2f039781ed8de0cfdacdb4493abec81,
tall,20.25,2430,4a,sky_deltaE_top_vs_haze,22.77317922702228,dE76,x0.02-0.20:y0.02-0.72,8fb54b550875cdf0bc46c240bb5a6868b2f039781ed8de0cfdacdb4493abec81,
tall,20.25,2430,4a,sky_hex_mid,#6D8DA9,hex,x0.02-0.20:y0.02-0.72,8fb54b550875cdf0bc46c240bb5a6868b2f039781ed8de0cfdacdb4493abec81,
tall,20.25,2430,4a,sky_deltaE_mid_vs_sky_top,13.9859891630172,dE76,x0.02-0.20:y0.02-0.72,8fb54b550875cdf0bc46c240bb5a6868b2f039781ed8de0cfdacdb4493abec81,
tall,20.25,2430,4a,sky_deltaE_mid_vs_sky_mid,6.441560554761804,dE76,x0.02-0.20:y0.02-0.72,8fb54b550875cdf0bc46c240bb5a6868b2f039781ed8de0cfdacdb4493abec81,
tall,20.25,2430,4a,sky_deltaE_mid_vs_sky_low,19.815151040637456,dE76,x0.02-0.20:y0.02-0.72,8fb54b550875cdf0bc46c240bb5a6868b2f039781ed8de0cfdacdb4493abec81,
tall,20.25,2430,4a,sky_deltaE_mid_vs_haze,12.348176112000145,dE76,x0.02-0.20:y0.02-0.72,8fb54b550875cdf0bc46c240bb5a6868b2f039781ed8de0cfdacdb4493abec81,
tall,20.25,2430,4a,sky_hex_horizon,#B6C0D0,hex,x0.02-0.20:y0.02-0.72,8fb54b550875cdf0bc46c240bb5a6868b2f039781ed8de0cfdacdb4493abec81,
tall,20.25,2430,4a,sky_deltaE_horizon_vs_sky_top,34.737545436090755,dE76,x0.02-0.20:y0.02-0.72,8fb54b550875cdf0bc46c240bb5a6868b2f039781ed8de0cfdacdb4493abec81,
tall,20.25,2430,4a,sky_deltaE_horizon_vs_sky_mid,17.07353621915584,dE76,x0.02-0.20:y0.02-0.72,8fb54b550875cdf0bc46c240bb5a6868b2f039781ed8de0cfdacdb4493abec81,
tall,20.25,2430,4a,sky_deltaE_horizon_vs_sky_low,3.2814626712171924,dE76,x0.02-0.20:y0.02-0.72,8fb54b550875cdf0bc46c240bb5a6868b2f039781ed8de0cfdacdb4493abec81,
tall,20.25,2430,4a,sky_deltaE_horizon_vs_haze,21.553210442026213,dE76,x0.02-0.20:y0.02-0.72,8fb54b550875cdf0bc46c240bb5a6868b2f039781ed8de0cfdacdb4493abec81,
tall,20.25,2430,4a,haze_hex,#B9C4D1,hex,x0.02-0.35:y0.62-0.72,8fb54b550875cdf0bc46c240bb5a6868b2f039781ed8de0cfdacdb4493abec81,
tall,20.25,2430,4a,haze_deltaE_vs_haze_token,22.46277772775173,dE76,x0.02-0.35:y0.62-0.72,8fb54b550875cdf0bc46c240bb5a6868b2f039781ed8de0cfdacdb4493abec81,
tall,20.25,2430,4a,sky_slope_R,1.9355942928854364,levels/%H,x0.02-0.20:y0.02-0.72,8fb54b550875cdf0bc46c240bb5a6868b2f039781ed8de0cfdacdb4493abec81,
tall,20.25,2430,4a,sky_r2_R,0.979169447906087,1,x0.02-0.20:y0.02-0.72,8fb54b550875cdf0bc46c240bb5a6868b2f039781ed8de0cfdacdb4493abec81,
tall,20.25,2430,4a,sky_slope_G,1.620606586166353,levels/%H,x0.02-0.20:y0.02-0.72,8fb54b550875cdf0bc46c240bb5a6868b2f039781ed8de0cfdacdb4493abec81,
tall,20.25,2430,4a,sky_r2_G,0.9918077788972853,1,x0.02-0.20:y0.02-0.72,8fb54b550875cdf0bc46c240bb5a6868b2f039781ed8de0cfdacdb4493abec81,
tall,20.25,2430,4a,sky_slope_B,1.3837361400592312,levels/%H,x0.02-0.20:y0.02-0.72,8fb54b550875cdf0bc46c240bb5a6868b2f039781ed8de0cfdacdb4493abec81,
tall,20.25,2430,4a,sky_r2_B,0.9916238171135768,1,x0.02-0.20:y0.02-0.72,8fb54b550875cdf0bc46c240bb5a6868b2f039781ed8de0cfdacdb4493abec81,
tall,20.25,2430,4b,contrast_rms_D1,7.700016162523863,levels,x0.70-0.98:y0.55-0.80,8fb54b550875cdf0bc46c240bb5a6868b2f039781ed8de0cfdacdb4493abec81,
tall,20.25,2430,4b,sat_S_D1,0.44522271167127225,S,x0.70-0.98:y0.55-0.80,8fb54b550875cdf0bc46c240bb5a6868b2f039781ed8de0cfdacdb4493abec81,
tall,20.25,2430,4b,value_V_D1,47.85541494490358,levels,x0.70-0.98:y0.55-0.80,8fb54b550875cdf0bc46c240bb5a6868b2f039781ed8de0cfdacdb4493abec81,
tall,20.25,2430,4b,contrast_rms_D2,0.5628033500158269,levels,x0.02-0.35:y0.72-0.85,8fb54b550875cdf0bc46c240bb5a6868b2f039781ed8de0cfdacdb4493abec81,
tall,20.25,2430,4b,sat_S_D2,0.18518722081126904,S,x0.02-0.35:y0.72-0.85,8fb54b550875cdf0bc46c240bb5a6868b2f039781ed8de0cfdacdb4493abec81,
tall,20.25,2430,4b,value_V_D2,192.2254129577528,levels,x0.02-0.35:y0.72-0.85,8fb54b550875cdf0bc46c240bb5a6868b2f039781ed8de0cfdacdb4493abec81,
tall,20.25,2430,4b,contrast_rms_D3,0.42128111884758446,levels,x0.02-0.35:y0.62-0.72,8fb54b550875cdf0bc46c240bb5a6868b2f039781ed8de0cfdacdb4493abec81,
tall,20.25,2430,4b,sat_S_D3,0.11451799389349586,S,x0.02-0.35:y0.62-0.72,8fb54b550875cdf0bc46c240bb5a6868b2f039781ed8de0cfdacdb4493abec81,
tall,20.25,2430,4b,value_V_D3,208.82316137798037,levels,x0.02-0.35:y0.62-0.72,8fb54b550875cdf0bc46c240bb5a6868b2f039781ed8de0cfdacdb4493abec81,
tall,20.25,2430,4b,falloff_rms_D2_D1,0.07309119073736525,ratio,x0.02-0.35:y0.72-0.85,8fb54b550875cdf0bc46c240bb5a6868b2f039781ed8de0cfdacdb4493abec81,
tall,20.25,2430,4b,falloff_rms_D3_D1,0.05471171877508106,ratio,x0.02-0.35:y0.62-0.72,8fb54b550875cdf0bc46c240bb5a6868b2f039781ed8de0cfdacdb4493abec81,
tall,20.25,2430,4b,falloff_sat_D2_D1,0.41594288870869867,ratio,x0.02-0.35:y0.72-0.85,8fb54b550875cdf0bc46c240bb5a6868b2f039781ed8de0cfdacdb4493abec81,
tall,20.25,2430,4b,falloff_sat_D3_D1,0.25721507661552,ratio,x0.02-0.35:y0.62-0.72,8fb54b550875cdf0bc46c240bb5a6868b2f039781ed8de0cfdacdb4493abec81,
tall,20.25,2430,4c,bloom_peak_L,176.9646,levels,x0.50-0.75:y0.30-0.55,8fb54b550875cdf0bc46c240bb5a6868b2f039781ed8de0cfdacdb4493abec81,
tall,20.25,2430,4c,bloom_bg_L,142.21839999999997,levels,x0.50-0.75:y0.30-0.55,8fb54b550875cdf0bc46c240bb5a6868b2f039781ed8de0cfdacdb4493abec81,
tall,20.25,2430,4c,bloom_peak_bg_ratio,1.244315784736715,ratio,x0.50-0.75:y0.30-0.55,8fb54b550875cdf0bc46c240bb5a6868b2f039781ed8de0cfdacdb4493abec81,
tall,20.25,2430,4c,bloom_r50_px,1.5216677616833065,px,x0.50-0.75:y0.30-0.55,8fb54b550875cdf0bc46c240bb5a6868b2f039781ed8de0cfdacdb4493abec81,"edge-limited: peak sits on the island silhouette, not sky; TOOL (ESRGAN/HEVC) — not a resolvable sky-side halo"
tall,20.25,2430,4c,bloom_r50_pctH,0.03962676462716944,%H,x0.50-0.75:y0.30-0.55,8fb54b550875cdf0bc46c240bb5a6868b2f039781ed8de0cfdacdb4493abec81,
tall,20.25,2430,4c,bloom_falloff_10_90_px,2.070970614602267,px,x0.50-0.75:y0.30-0.55,8fb54b550875cdf0bc46c240bb5a6868b2f039781ed8de0cfdacdb4493abec81,
tall,20.25,2430,4d,shadow_p0_1,1.8636,levels,x0.55-1.00:y0.72-0.90,8fb54b550875cdf0bc46c240bb5a6868b2f039781ed8de0cfdacdb4493abec81,
tall,20.25,2430,4d,shadow_p1,2.718,levels,x0.55-1.00:y0.72-0.90,8fb54b550875cdf0bc46c240bb5a6868b2f039781ed8de0cfdacdb4493abec81,black floor = p1; HEVC crush is the limit
tall,20.25,2430,4d,shadow_p5,6.1564000000000005,levels,x0.55-1.00:y0.72-0.90,8fb54b550875cdf0bc46c240bb5a6868b2f039781ed8de0cfdacdb4493abec81,
tall,20.25,2430,4d,shadow_p50,19.514599999999998,levels,x0.55-1.00:y0.72-0.90,8fb54b550875cdf0bc46c240bb5a6868b2f039781ed8de0cfdacdb4493abec81,
tall,20.25,2430,4d,shadow_min,0.722,levels,x0.55-1.00:y0.72-0.90,8fb54b550875cdf0bc46c240bb5a6868b2f039781ed8de0cfdacdb4493abec81,
tall,20.25,2430,4d,shadow_floor_lifted,0,bool,x0.55-1.00:y0.72-0.90,8fb54b550875cdf0bc46c240bb5a6868b2f039781ed8de0cfdacdb4493abec81,"1 = p1 >= 8 levels, i.e. clearly above the codec floor"
tall,20.25,2430,4e,dof_lapvar_D1,110.17844590633828,levels2,x0.70-0.98:y0.55-0.80,8fb54b550875cdf0bc46c240bb5a6868b2f039781ed8de0cfdacdb4493abec81,
tall,20.25,2430,4e,dof_lapvar_D2,1.0364784150889315,levels2,x0.02-0.35:y0.72-0.85,8fb54b550875cdf0bc46c240bb5a6868b2f039781ed8de0cfdacdb4493abec81,
tall,20.25,2430,4e,dof_lapvar_D3,0.866856072335683,levels2,x0.02-0.35:y0.62-0.72,8fb54b550875cdf0bc46c240bb5a6868b2f039781ed8de0cfdacdb4493abec81,
tall,20.25,2430,4e,dof_ratio_D1_D2,106.30076256521444,ratio,x0.02-0.35:y0.72-0.85,8fb54b550875cdf0bc46c240bb5a6868b2f039781ed8de0cfdacdb4493abec81,
tall,20.25,2430,4e,dof_sigma_D2_px,2.07733154296875,px,x0.02-0.35:y0.72-0.85,8fb54b550875cdf0bc46c240bb5a6868b2f039781ed8de0cfdacdb4493abec81,D1 blurred to match band; sharp end is TOOL
tall,20.25,2430,4e,dof_sigma_D2_pctH,0.05409717559814453,%H,x0.02-0.35:y0.72-0.85,8fb54b550875cdf0bc46c240bb5a6868b2f039781ed8de0cfdacdb4493abec81,
tall,20.25,2430,4e,dof_sigma_D3_px,2.19757080078125,px,x0.02-0.35:y0.62-0.72,8fb54b550875cdf0bc46c240bb5a6868b2f039781ed8de0cfdacdb4493abec81,D1 blurred to match band; sharp end is TOOL
tall,20.25,2430,4e,dof_sigma_D3_pctH,0.057228406270345054,%H,x0.02-0.35:y0.62-0.72,8fb54b550875cdf0bc46c240bb5a6868b2f039781ed8de0cfdacdb4493abec81,
tall,20.25,2430,4f,grain_sigma_R,0.30385062424111475,levels,x0.02-0.35:y0.02-0.45,8fb54b550875cdf0bc46c240bb5a6868b2f039781ed8de0cfdacdb4493abec81,TOOL (ESRGAN/RIFE); native 4K
tall,20.25,2430,4f,grain_sigma_G,0.276413691466734,levels,x0.02-0.35:y0.02-0.45,8fb54b550875cdf0bc46c240bb5a6868b2f039781ed8de0cfdacdb4493abec81,TOOL (ESRGAN/RIFE); native 4K
tall,20.25,2430,4f,grain_sigma_B,0.3388876654260697,levels,x0.02-0.35:y0.02-0.45,8fb54b550875cdf0bc46c240bb5a6868b2f039781ed8de0cfdacdb4493abec81,TOOL (ESRGAN/RIFE); native 4K
tall,20.25,2430,4f,grain_acf_halfmax_x,2,px,x0.02-0.35:y0.02-0.45,8fb54b550875cdf0bc46c240bb5a6868b2f039781ed8de0cfdacdb4493abec81,
tall,20.25,2430,4f,grain_acf_zerocross_x,-1,px,x0.02-0.35:y0.02-0.45,8fb54b550875cdf0bc46c240bb5a6868b2f039781ed8de0cfdacdb4493abec81,
tall,20.25,2430,4f,grain_acf_halfmax_y,2,px,x0.02-0.35:y0.02-0.45,8fb54b550875cdf0bc46c240bb5a6868b2f039781ed8de0cfdacdb4493abec81,
tall,20.25,2430,4f,grain_acf_zerocross_y,4,px,x0.02-0.35:y0.02-0.45,8fb54b550875cdf0bc46c240bb5a6868b2f039781ed8de0cfdacdb4493abec81,
tall,20.25,2430,4g,palette_turf_median_hex,#2A321C,hex,x0.55-1.00:y0.45-0.90,8fb54b550875cdf0bc46c240bb5a6868b2f039781ed8de0cfdacdb4493abec81,island-local split; +-2 %H boundary
tall,20.25,2430,4g,palette_turf_meanS,0.39246122126922883,S,x0.55-1.00:y0.45-0.90,8fb54b550875cdf0bc46c240bb5a6868b2f039781ed8de0cfdacdb4493abec81,
tall,20.25,2430,4g,palette_turf_meanV,57.83908304303854,levels,x0.55-1.00:y0.45-0.90,8fb54b550875cdf0bc46c240bb5a6868b2f039781ed8de0cfdacdb4493abec81,
tall,20.25,2430,4g,palette_turf_share,0.0897566852863184,fraction,x0.55-1.00:y0.45-0.90,8fb54b550875cdf0bc46c240bb5a6868b2f039781ed8de0cfdacdb4493abec81,
tall,20.25,2430,4g,palette_turf_k1_hex,#1D2516,hex,x0.55-1.00:y0.45-0.90,8fb54b550875cdf0bc46c240bb5a6868b2f039781ed8de0cfdacdb4493abec81,k-means k=3 seed 0; informational
tall,20.25,2430,4g,palette_turf_k1_share,0.5540356934895647,fraction,x0.55-1.00:y0.45-0.90,8fb54b550875cdf0bc46c240bb5a6868b2f039781ed8de0cfdacdb4493abec81,
tall,20.25,2430,4g,palette_turf_k2_hex,#424B2B,hex,x0.55-1.00:y0.45-0.90,8fb54b550875cdf0bc46c240bb5a6868b2f039781ed8de0cfdacdb4493abec81,k-means k=3 seed 0; informational
tall,20.25,2430,4g,palette_turf_k2_share,0.35051946592569133,fraction,x0.55-1.00:y0.45-0.90,8fb54b550875cdf0bc46c240bb5a6868b2f039781ed8de0cfdacdb4493abec81,
tall,20.25,2430,4g,palette_turf_k3_hex,#6A755E,hex,x0.55-1.00:y0.45-0.90,8fb54b550875cdf0bc46c240bb5a6868b2f039781ed8de0cfdacdb4493abec81,k-means k=3 seed 0; informational
tall,20.25,2430,4g,palette_turf_k3_share,0.09544484058474395,fraction,x0.55-1.00:y0.45-0.90,8fb54b550875cdf0bc46c240bb5a6868b2f039781ed8de0cfdacdb4493abec81,
tall,20.25,2430,4g,palette_moss_median_hex,#4C5421,hex,x0.55-1.00:y0.45-0.90,8fb54b550875cdf0bc46c240bb5a6868b2f039781ed8de0cfdacdb4493abec81,island-local split; +-2 %H boundary
tall,20.25,2430,4g,palette_moss_meanS,0.6110126479889317,S,x0.55-1.00:y0.45-0.90,8fb54b550875cdf0bc46c240bb5a6868b2f039781ed8de0cfdacdb4493abec81,
tall,20.25,2430,4g,palette_moss_meanV,82.2966655349445,levels,x0.55-1.00:y0.45-0.90,8fb54b550875cdf0bc46c240bb5a6868b2f039781ed8de0cfdacdb4493abec81,
tall,20.25,2430,4g,palette_moss_share,0.0891221745014689,fraction,x0.55-1.00:y0.45-0.90,8fb54b550875cdf0bc46c240bb5a6868b2f039781ed8de0cfdacdb4493abec81,
tall,20.25,2430,4g,palette_moss_k1_hex,#525924,hex,x0.55-1.00:y0.45-0.90,8fb54b550875cdf0bc46c240bb5a6868b2f039781ed8de0cfdacdb4493abec81,k-means k=3 seed 0; informational
tall,20.25,2430,4g,palette_moss_k1_share,0.4978754488307252,fraction,x0.55-1.00:y0.45-0.90,8fb54b550875cdf0bc46c240bb5a6868b2f039781ed8de0cfdacdb4493abec81,
tall,20.25,2430,4g,palette_moss_k2_hex,#252C0F,hex,x0.55-1.00:y0.45-0.90,8fb54b550875cdf0bc46c240bb5a6868b2f039781ed8de0cfdacdb4493abec81,k-means k=3 seed 0; informational
tall,20.25,2430,4g,palette_moss_k2_share,0.3319855551097256,fraction,x0.55-1.00:y0.45-0.90,8fb54b550875cdf0bc46c240bb5a6868b2f039781ed8de0cfdacdb4493abec81,
tall,20.25,2430,4g,palette_moss_k3_hex,#808847,hex,x0.55-1.00:y0.45-0.90,8fb54b550875cdf0bc46c240bb5a6868b2f039781ed8de0cfdacdb4493abec81,k-means k=3 seed 0; informational
tall,20.25,2430,4g,palette_moss_k3_share,0.17013899605954916,fraction,x0.55-1.00:y0.45-0.90,8fb54b550875cdf0bc46c240bb5a6868b2f039781ed8de0cfdacdb4493abec81,
tall,20.25,2430,4g,palette_soil_median_hex,#171A22,hex,x0.55-1.00:y0.45-0.90,8fb54b550875cdf0bc46c240bb5a6868b2f039781ed8de0cfdacdb4493abec81,island-local split; +-2 %H boundary
tall,20.25,2430,4g,palette_soil_meanS,0.37870634925898866,S,x0.55-1.00:y0.45-0.90,8fb54b550875cdf0bc46c240bb5a6868b2f039781ed8de0cfdacdb4493abec81,
tall,20.25,2430,4g,palette_soil_meanV,42.2670458536666,levels,x0.55-1.00:y0.45-0.90,8fb54b550875cdf0bc46c240bb5a6868b2f039781ed8de0cfdacdb4493abec81,
tall,20.25,2430,4g,palette_soil_share,0.44380728477064085,fraction,x0.55-1.00:y0.45-0.90,8fb54b550875cdf0bc46c240bb5a6868b2f039781ed8de0cfdacdb4493abec81,
tall,20.25,2430,4g,palette_soil_k1_hex,#14171D,hex,x0.55-1.00:y0.45-0.90,8fb54b550875cdf0bc46c240bb5a6868b2f039781ed8de0cfdacdb4493abec81,k-means k=3 seed 0; informational
tall,20.25,2430,4g,palette_soil_k1_share,0.6632811176443851,fraction,x0.55-1.00:y0.45-0.90,8fb54b550875cdf0bc46c240bb5a6868b2f039781ed8de0cfdacdb4493abec81,
tall,20.25,2430,4g,palette_soil_k2_hex,#292D33,hex,x0.55-1.00:y0.45-0.90,8fb54b550875cdf0bc46c240bb5a6868b2f039781ed8de0cfdacdb4493abec81,k-means k=3 seed 0; informational
tall,20.25,2430,4g,palette_soil_k2_share,0.21599403327975406,fraction,x0.55-1.00:y0.45-0.90,8fb54b550875cdf0bc46c240bb5a6868b2f039781ed8de0cfdacdb4493abec81,
tall,20.25,2430,4g,palette_soil_k3_hex,#4B4D49,hex,x0.55-1.00:y0.45-0.90,8fb54b550875cdf0bc46c240bb5a6868b2f039781ed8de0cfdacdb4493abec81,k-means k=3 seed 0; informational
tall,20.25,2430,4g,palette_soil_k3_share,0.12072484907586081,fraction,x0.55-1.00:y0.45-0.90,8fb54b550875cdf0bc46c240bb5a6868b2f039781ed8de0cfdacdb4493abec81,
tall,20.25,2430,4g,palette_pebble_median_hex,#1F1F0F,hex,x0.55-1.00:y0.45-0.90,8fb54b550875cdf0bc46c240bb5a6868b2f039781ed8de0cfdacdb4493abec81,island-local split; +-2 %H boundary
tall,20.25,2430,4g,palette_pebble_meanS,0.5419642372628103,S,x0.55-1.00:y0.45-0.90,8fb54b550875cdf0bc46c240bb5a6868b2f039781ed8de0cfdacdb4493abec81,
tall,20.25,2430,4g,palette_pebble_meanV,39.913485640621644,levels,x0.55-1.00:y0.45-0.90,8fb54b550875cdf0bc46c240bb5a6868b2f039781ed8de0cfdacdb4493abec81,
tall,20.25,2430,4g,palette_pebble_share,0.02560599447645525,fraction,x0.55-1.00:y0.45-0.90,8fb54b550875cdf0bc46c240bb5a6868b2f039781ed8de0cfdacdb4493abec81,
tall,20.25,2430,4g,palette_pebble_k1_hex,#121308,hex,x0.55-1.00:y0.45-0.90,8fb54b550875cdf0bc46c240bb5a6868b2f039781ed8de0cfdacdb4493abec81,k-means k=3 seed 0; informational
tall,20.25,2430,4g,palette_pebble_k1_share,0.5532478693690468,fraction,x0.55-1.00:y0.45-0.90,8fb54b550875cdf0bc46c240bb5a6868b2f039781ed8de0cfdacdb4493abec81,
tall,20.25,2430,4g,palette_pebble_k2_hex,#31311B,hex,x0.55-1.00:y0.45-0.90,8fb54b550875cdf0bc46c240bb5a6868b2f039781ed8de0cfdacdb4493abec81,k-means k=3 seed 0; informational
tall,20.25,2430,4g,palette_pebble_k2_share,0.32102699992838213,fraction,x0.55-1.00:y0.45-0.90,8fb54b550875cdf0bc46c240bb5a6868b2f039781ed8de0cfdacdb4493abec81,
tall,20.25,2430,4g,palette_pebble_k3_hex,#646533,hex,x0.55-1.00:y0.45-0.90,8fb54b550875cdf0bc46c240bb5a6868b2f039781ed8de0cfdacdb4493abec81,k-means k=3 seed 0; informational
tall,20.25,2430,4g,palette_pebble_k3_share,0.12572513070257108,fraction,x0.55-1.00:y0.45-0.90,8fb54b550875cdf0bc46c240bb5a6868b2f039781ed8de0cfdacdb4493abec81,
tall,20.25,2430,4g,palette_basalt_median_hex,#080A11,hex,x0.55-1.00:y0.45-0.90,8fb54b550875cdf0bc46c240bb5a6868b2f039781ed8de0cfdacdb4493abec81,island-local split; +-2 %H boundary
tall,20.25,2430,4g,palette_basalt_meanS,0.5646412907544455,S,x0.55-1.00:y0.45-0.90,8fb54b550875cdf0bc46c240bb5a6868b2f039781ed8de0cfdacdb4493abec81,
tall,20.25,2430,4g,palette_basalt_meanV,16.939107814750013,levels,x0.55-1.00:y0.45-0.90,8fb54b550875cdf0bc46c240bb5a6868b2f039781ed8de0cfdacdb4493abec81,
tall,20.25,2430,4g,palette_basalt_share,0.2960882226729409,fraction,x0.55-1.00:y0.45-0.90,8fb54b550875cdf0bc46c240bb5a6868b2f039781ed8de0cfdacdb4493abec81,
tall,20.25,2430,4g,palette_basalt_k1_hex,#08090F,hex,x0.55-1.00:y0.45-0.90,8fb54b550875cdf0bc46c240bb5a6868b2f039781ed8de0cfdacdb4493abec81,k-means k=3 seed 0; informational
tall,20.25,2430,4g,palette_basalt_k1_share,0.4191939055169317,fraction,x0.55-1.00:y0.45-0.90,8fb54b550875cdf0bc46c240bb5a6868b2f039781ed8de0cfdacdb4493abec81,
tall,20.25,2430,4g,palette_basalt_k2_hex,#0A0E16,hex,x0.55-1.00:y0.45-0.90,8fb54b550875cdf0bc46c240bb5a6868b2f039781ed8de0cfdacdb4493abec81,k-means k=3 seed 0; informational
tall,20.25,2430,4g,palette_basalt_k2_share,0.3776473685025471,fraction,x0.55-1.00:y0.45-0.90,8fb54b550875cdf0bc46c240bb5a6868b2f039781ed8de0cfdacdb4493abec81,
tall,20.25,2430,4g,palette_basalt_k3_hex,#060606,hex,x0.55-1.00:y0.45-0.90,8fb54b550875cdf0bc46c240bb5a6868b2f039781ed8de0cfdacdb4493abec81,k-means k=3 seed 0; informational
tall,20.25,2430,4g,palette_basalt_k3_share,0.20315872598052118,fraction,x0.55-1.00:y0.45-0.90,8fb54b550875cdf0bc46c240bb5a6868b2f039781ed8de0cfdacdb4493abec81,
tall,20.25,2430,4g,palette_turf_vs_517046_deltaE,28.02630960787311,dE76,x0.55-1.00:y0.45-0.90,8fb54b550875cdf0bc46c240bb5a6868b2f039781ed8de0cfdacdb4493abec81,"informational: #517046 is a reference-reel value, not a hero target"
tall,20.25,2430,4g,palette_basalt_vs_474B59_deltaE,29.742305555023435,dE76,x0.55-1.00:y0.45-0.90,8fb54b550875cdf0bc46c240bb5a6868b2f039781ed8de0cfdacdb4493abec81,"informational: #474B59 is a reference-reel value, not a hero target"
tall,20.25,2430,4h,conifer_dark_area_pct,28.772862063436328,%,x0.62-0.95:y0.44-0.62,8fb54b550875cdf0bc46c240bb5a6868b2f039781ed8de0cfdacdb4493abec81,
tall,20.25,2430,4h,conifer_edge_density,0.2791267407237514,fraction,x0.62-0.95:y0.44-0.62,8fb54b550875cdf0bc46c240bb5a6868b2f039781ed8de0cfdacdb4493abec81,Sobel mag > 12 levels
tall,24.30,2916,4a,sky_hex_anchor_0.02,#24384A,hex,x0.02-0.20:y0.02-0.72,8fb54b550875cdf0bc46c240bb5a6868b2f039781ed8de0cfdacdb4493abec81,
tall,24.30,2916,4a,sky_anchor_0.02_best_token,sky_top,token,x0.02-0.20:y0.02-0.72,8fb54b550875cdf0bc46c240bb5a6868b2f039781ed8de0cfdacdb4493abec81,
tall,24.30,2916,4a,sky_anchor_0.02_deltaE_min,21.572824145466463,dE76,x0.02-0.20:y0.02-0.72,8fb54b550875cdf0bc46c240bb5a6868b2f039781ed8de0cfdacdb4493abec81,nearest of the four settled sky/haze tokens
tall,24.30,2916,4a,sky_hex_anchor_0.10,#436482,hex,x0.02-0.20:y0.02-0.72,8fb54b550875cdf0bc46c240bb5a6868b2f039781ed8de0cfdacdb4493abec81,
tall,24.30,2916,4a,sky_anchor_0.10_best_token,sky_top,token,x0.02-0.20:y0.02-0.72,8fb54b550875cdf0bc46c240bb5a6868b2f039781ed8de0cfdacdb4493abec81,
tall,24.30,2916,4a,sky_anchor_0.10_deltaE_min,6.118394268204383,dE76,x0.02-0.20:y0.02-0.72,8fb54b550875cdf0bc46c240bb5a6868b2f039781ed8de0cfdacdb4493abec81,nearest of the four settled sky/haze tokens
tall,24.30,2916,4a,sky_hex_anchor_0.25,#597A98,hex,x0.02-0.20:y0.02-0.72,8fb54b550875cdf0bc46c240bb5a6868b2f039781ed8de0cfdacdb4493abec81,
tall,24.30,2916,4a,sky_anchor_0.25_best_token,sky_top,token,x0.02-0.20:y0.02-0.72,8fb54b550875cdf0bc46c240bb5a6868b2f039781ed8de0cfdacdb4493abec81,
tall,24.30,2916,4a,sky_anchor_0.25_deltaE_min,7.98950558929974,dE76,x0.02-0.20:y0.02-0.72,8fb54b550875cdf0bc46c240bb5a6868b2f039781ed8de0cfdacdb4493abec81,nearest of the four settled sky/haze tokens
tall,24.30,2916,4a,sky_hex_anchor_0.40,#7897B2,hex,x0.02-0.20:y0.02-0.72,8fb54b550875cdf0bc46c240bb5a6868b2f039781ed8de0cfdacdb4493abec81,
tall,24.30,2916,4a,sky_anchor_0.40_best_token,sky_mid,token,x0.02-0.20:y0.02-0.72,8fb54b550875cdf0bc46c240bb5a6868b2f039781ed8de0cfdacdb4493abec81,
tall,24.30,2916,4a,sky_anchor_0.40_deltaE_min,4.037560727130557,dE76,x0.02-0.20:y0.02-0.72,8fb54b550875cdf0bc46c240bb5a6868b2f039781ed8de0cfdacdb4493abec81,nearest of the four settled sky/haze tokens
tall,24.30,2916,4a,sky_hex_anchor_0.55,#93AAC1,hex,x0.02-0.20:y0.02-0.72,8fb54b550875cdf0bc46c240bb5a6868b2f039781ed8de0cfdacdb4493abec81,
tall,24.30,2916,4a,sky_anchor_0.55_best_token,sky_mid,token,x0.02-0.20:y0.02-0.72,8fb54b550875cdf0bc46c240bb5a6868b2f039781ed8de0cfdacdb4493abec81,
tall,24.30,2916,4a,sky_anchor_0.55_deltaE_min,7.25831474685987,dE76,x0.02-0.20:y0.02-0.72,8fb54b550875cdf0bc46c240bb5a6868b2f039781ed8de0cfdacdb4493abec81,nearest of the four settled sky/haze tokens
tall,24.30,2916,4a,sky_hex_anchor_0.68,#C4CCD6,hex,x0.02-0.20:y0.02-0.72,8fb54b550875cdf0bc46c240bb5a6868b2f039781ed8de0cfdacdb4493abec81,
tall,24.30,2916,4a,sky_anchor_0.68_best_token,sky_low,token,x0.02-0.20:y0.02-0.72,8fb54b550875cdf0bc46c240bb5a6868b2f039781ed8de0cfdacdb4493abec81,
tall,24.30,2916,4a,sky_anchor_0.68_deltaE_min,7.94575409771813,dE76,x0.02-0.20:y0.02-0.72,8fb54b550875cdf0bc46c240bb5a6868b2f039781ed8de0cfdacdb4493abec81,nearest of the four settled sky/haze tokens
tall,24.30,2916,4a,sky_hex_top,#3E607E,hex,x0.02-0.20:y0.02-0.72,8fb54b550875cdf0bc46c240bb5a6868b2f039781ed8de0cfdacdb4493abec81,
tall,24.30,2916,4a,sky_deltaE_top_vs_sky_top,7.594431816398658,dE76,x0.02-0.20:y0.02-0.72,8fb54b550875cdf0bc46c240bb5a6868b2f039781ed8de0cfdacdb4493abec81,
tall,24.30,2916,4a,sky_deltaE_top_vs_sky_mid,23.58205207571512,dE76,x0.02-0.20:y0.02-0.72,8fb54b550875cdf0bc46c240bb5a6868b2f039781ed8de0cfdacdb4493abec81,
tall,24.30,2916,4a,sky_deltaE_top_vs_sky_low,37.45378117998761,dE76,x0.02-0.20:y0.02-0.72,8fb54b550875cdf0bc46c240bb5a6868b2f039781ed8de0cfdacdb4493abec81,
tall,24.30,2916,4a,sky_deltaE_top_vs_haze,22.747227437851965,dE76,x0.02-0.20:y0.02-0.72,8fb54b550875cdf0bc46c240bb5a6868b2f039781ed8de0cfdacdb4493abec81,
tall,24.30,2916,4a,sky_hex_mid,#6D8DA9,hex,x0.02-0.20:y0.02-0.72,8fb54b550875cdf0bc46c240bb5a6868b2f039781ed8de0cfdacdb4493abec81,
tall,24.30,2916,4a,sky_deltaE_mid_vs_sky_top,14.01848224587484,dE76,x0.02-0.20:y0.02-0.72,8fb54b550875cdf0bc46c240bb5a6868b2f039781ed8de0cfdacdb4493abec81,
tall,24.30,2916,4a,sky_deltaE_mid_vs_sky_mid,6.488828501641358,dE76,x0.02-0.20:y0.02-0.72,8fb54b550875cdf0bc46c240bb5a6868b2f039781ed8de0cfdacdb4493abec81,
tall,24.30,2916,4a,sky_deltaE_mid_vs_sky_low,19.834032073996912,dE76,x0.02-0.20:y0.02-0.72,8fb54b550875cdf0bc46c240bb5a6868b2f039781ed8de0cfdacdb4493abec81,
tall,24.30,2916,4a,sky_deltaE_mid_vs_haze,12.425486007885706,dE76,x0.02-0.20:y0.02-0.72,8fb54b550875cdf0bc46c240bb5a6868b2f039781ed8de0cfdacdb4493abec81,
tall,24.30,2916,4a,sky_hex_horizon,#B5C0D0,hex,x0.02-0.20:y0.02-0.72,8fb54b550875cdf0bc46c240bb5a6868b2f039781ed8de0cfdacdb4493abec81,
tall,24.30,2916,4a,sky_deltaE_horizon_vs_sky_top,34.64877778638871,dE76,x0.02-0.20:y0.02-0.72,8fb54b550875cdf0bc46c240bb5a6868b2f039781ed8de0cfdacdb4493abec81,
tall,24.30,2916,4a,sky_deltaE_horizon_vs_sky_mid,16.966072667350552,dE76,x0.02-0.20:y0.02-0.72,8fb54b550875cdf0bc46c240bb5a6868b2f039781ed8de0cfdacdb4493abec81,
tall,24.30,2916,4a,sky_deltaE_horizon_vs_sky_low,3.1065420805336905,dE76,x0.02-0.20:y0.02-0.72,8fb54b550875cdf0bc46c240bb5a6868b2f039781ed8de0cfdacdb4493abec81,
tall,24.30,2916,4a,sky_deltaE_horizon_vs_haze,21.45492762975362,dE76,x0.02-0.20:y0.02-0.72,8fb54b550875cdf0bc46c240bb5a6868b2f039781ed8de0cfdacdb4493abec81,
tall,24.30,2916,4a,haze_hex,#B9C4D1,hex,x0.02-0.35:y0.62-0.72,8fb54b550875cdf0bc46c240bb5a6868b2f039781ed8de0cfdacdb4493abec81,
tall,24.30,2916,4a,haze_deltaE_vs_haze_token,22.49353423456485,dE76,x0.02-0.35:y0.62-0.72,8fb54b550875cdf0bc46c240bb5a6868b2f039781ed8de0cfdacdb4493abec81,
tall,24.30,2916,4a,sky_slope_R,1.933687098700688,levels/%H,x0.02-0.20:y0.02-0.72,8fb54b550875cdf0bc46c240bb5a6868b2f039781ed8de0cfdacdb4493abec81,
tall,24.30,2916,4a,sky_r2_R,0.9792968369833261,1,x0.02-0.20:y0.02-0.72,8fb54b550875cdf0bc46c240bb5a6868b2f039781ed8de0cfdacdb4493abec81,
tall,24.30,2916,4a,sky_slope_G,1.6186468323331753,levels/%H,x0.02-0.20:y0.02-0.72,8fb54b550875cdf0bc46c240bb5a6868b2f039781ed8de0cfdacdb4493abec81,
tall,24.30,2916,4a,sky_r2_G,0.991796135413632,1,x0.02-0.20:y0.02-0.72,8fb54b550875cdf0bc46c240bb5a6868b2f039781ed8de0cfdacdb4493abec81,
tall,24.30,2916,4a,sky_slope_B,1.383657130182667,levels/%H,x0.02-0.20:y0.02-0.72,8fb54b550875cdf0bc46c240bb5a6868b2f039781ed8de0cfdacdb4493abec81,
tall,24.30,2916,4a,sky_r2_B,0.9916652711346751,1,x0.02-0.20:y0.02-0.72,8fb54b550875cdf0bc46c240bb5a6868b2f039781ed8de0cfdacdb4493abec81,
tall,24.30,2916,4b,contrast_rms_D1,8.23412932594315,levels,x0.70-0.98:y0.55-0.80,8fb54b550875cdf0bc46c240bb5a6868b2f039781ed8de0cfdacdb4493abec81,
tall,24.30,2916,4b,sat_S_D1,0.4372285855418839,S,x0.70-0.98:y0.55-0.80,8fb54b550875cdf0bc46c240bb5a6868b2f039781ed8de0cfdacdb4493abec81,
tall,24.30,2916,4b,value_V_D1,53.90632231404959,levels,x0.70-0.98:y0.55-0.80,8fb54b550875cdf0bc46c240bb5a6868b2f039781ed8de0cfdacdb4493abec81,
tall,24.30,2916,4b,contrast_rms_D2,0.5550137276452466,levels,x0.02-0.35:y0.72-0.85,8fb54b550875cdf0bc46c240bb5a6868b2f039781ed8de0cfdacdb4493abec81,
tall,24.30,2916,4b,sat_S_D2,0.18568163738033205,S,x0.02-0.35:y0.72-0.85,8fb54b550875cdf0bc46c240bb5a6868b2f039781ed8de0cfdacdb4493abec81,
tall,24.30,2916,4b,value_V_D2,192.49789621318374,levels,x0.02-0.35:y0.72-0.85,8fb54b550875cdf0bc46c240bb5a6868b2f039781ed8de0cfdacdb4493abec81,
tall,24.30,2916,4b,contrast_rms_D3,0.4267069708724039,levels,x0.02-0.35:y0.62-0.72,8fb54b550875cdf0bc46c240bb5a6868b2f039781ed8de0cfdacdb4493abec81,
tall,24.30,2916,4b,sat_S_D3,0.11525096281748479,S,x0.02-0.35:y0.62-0.72,8fb54b550875cdf0bc46c240bb5a6868b2f039781ed8de0cfdacdb4493abec81,
tall,24.30,2916,4b,value_V_D3,209.00207456755493,levels,x0.02-0.35:y0.62-0.72,8fb54b550875cdf0bc46c240bb5a6868b2f039781ed8de0cfdacdb4493abec81,
tall,24.30,2916,4b,falloff_rms_D2_D1,0.0674040576332185,ratio,x0.02-0.35:y0.72-0.85,8fb54b550875cdf0bc46c240bb5a6868b2f039781ed8de0cfdacdb4493abec81,
tall,24.30,2916,4b,falloff_rms_D3_D1,0.051821747507412176,ratio,x0.02-0.35:y0.62-0.72,8fb54b550875cdf0bc46c240bb5a6868b2f039781ed8de0cfdacdb4493abec81,
tall,24.30,2916,4b,falloff_sat_D2_D1,0.4246786315451117,ratio,x0.02-0.35:y0.72-0.85,8fb54b550875cdf0bc46c240bb5a6868b2f039781ed8de0cfdacdb4493abec81,
tall,24.30,2916,4b,falloff_sat_D3_D1,0.26359429970629045,ratio,x0.02-0.35:y0.62-0.72,8fb54b550875cdf0bc46c240bb5a6868b2f039781ed8de0cfdacdb4493abec81,
tall,24.30,2916,4c,bloom_peak_L,184.2562,levels,x0.50-0.75:y0.30-0.55,8fb54b550875cdf0bc46c240bb5a6868b2f039781ed8de0cfdacdb4493abec81,
tall,24.30,2916,4c,bloom_bg_L,142.21839999999997,levels,x0.50-0.75:y0.30-0.55,8fb54b550875cdf0bc46c240bb5a6868b2f039781ed8de0cfdacdb4493abec81,
tall,24.30,2916,4c,bloom_peak_bg_ratio,1.2955862251298007,ratio,x0.50-0.75:y0.30-0.55,8fb54b550875cdf0bc46c240bb5a6868b2f039781ed8de0cfdacdb4493abec81,
tall,24.30,2916,4c,bloom_r50_px,1.4830595235561141,px,x0.50-0.75:y0.30-0.55,8fb54b550875cdf0bc46c240bb5a6868b2f039781ed8de0cfdacdb4493abec81,"edge-limited: peak sits on the island silhouette, not sky; TOOL (ESRGAN/HEVC) — not a resolvable sky-side halo"
tall,24.30,2916,4c,bloom_r50_pctH,0.03862134175927381,%H,x0.50-0.75:y0.30-0.55,8fb54b550875cdf0bc46c240bb5a6868b2f039781ed8de0cfdacdb4493abec81,
tall,24.30,2916,4c,bloom_falloff_10_90_px,1.6992833141062842,px,x0.50-0.75:y0.30-0.55,8fb54b550875cdf0bc46c240bb5a6868b2f039781ed8de0cfdacdb4493abec81,
tall,24.30,2916,4d,shadow_p0_1,1.5736,levels,x0.55-1.00:y0.72-0.90,8fb54b550875cdf0bc46c240bb5a6868b2f039781ed8de0cfdacdb4493abec81,
tall,24.30,2916,4d,shadow_p1,2.5736,levels,x0.55-1.00:y0.72-0.90,8fb54b550875cdf0bc46c240bb5a6868b2f039781ed8de0cfdacdb4493abec81,black floor = p1; HEVC crush is the limit
tall,24.30,2916,4d,shadow_p5,5.573599999999999,levels,x0.55-1.00:y0.72-0.90,8fb54b550875cdf0bc46c240bb5a6868b2f039781ed8de0cfdacdb4493abec81,
tall,24.30,2916,4d,shadow_p50,25.522599999999997,levels,x0.55-1.00:y0.72-0.90,8fb54b550875cdf0bc46c240bb5a6868b2f039781ed8de0cfdacdb4493abec81,
tall,24.30,2916,4d,shadow_min,0,levels,x0.55-1.00:y0.72-0.90,8fb54b550875cdf0bc46c240bb5a6868b2f039781ed8de0cfdacdb4493abec81,
tall,24.30,2916,4d,shadow_floor_lifted,0,bool,x0.55-1.00:y0.72-0.90,8fb54b550875cdf0bc46c240bb5a6868b2f039781ed8de0cfdacdb4493abec81,"1 = p1 >= 8 levels, i.e. clearly above the codec floor"
tall,24.30,2916,4e,dof_lapvar_D1,186.03763524353738,levels2,x0.70-0.98:y0.55-0.80,8fb54b550875cdf0bc46c240bb5a6868b2f039781ed8de0cfdacdb4493abec81,
tall,24.30,2916,4e,dof_lapvar_D2,0.9896832086258721,levels2,x0.02-0.35:y0.72-0.85,8fb54b550875cdf0bc46c240bb5a6868b2f039781ed8de0cfdacdb4493abec81,
tall,24.30,2916,4e,dof_lapvar_D3,0.7921166346071721,levels2,x0.02-0.35:y0.62-0.72,8fb54b550875cdf0bc46c240bb5a6868b2f039781ed8de0cfdacdb4493abec81,
tall,24.30,2916,4e,dof_ratio_D1_D2,187.9769542638212,ratio,x0.02-0.35:y0.72-0.85,8fb54b550875cdf0bc46c240bb5a6868b2f039781ed8de0cfdacdb4493abec81,
tall,24.30,2916,4e,dof_sigma_D2_px,2.11883544921875,px,x0.02-0.35:y0.72-0.85,8fb54b550875cdf0bc46c240bb5a6868b2f039781ed8de0cfdacdb4493abec81,D1 blurred to match band; sharp end is TOOL
tall,24.30,2916,4e,dof_sigma_D2_pctH,0.05517800649007162,%H,x0.02-0.35:y0.72-0.85,8fb54b550875cdf0bc46c240bb5a6868b2f039781ed8de0cfdacdb4493abec81,
tall,24.30,2916,4e,dof_sigma_D3_px,2.26470947265625,px,x0.02-0.35:y0.62-0.72,8fb54b550875cdf0bc46c240bb5a6868b2f039781ed8de0cfdacdb4493abec81,D1 blurred to match band; sharp end is TOOL
tall,24.30,2916,4e,dof_sigma_D3_pctH,0.05897680918375651,%H,x0.02-0.35:y0.62-0.72,8fb54b550875cdf0bc46c240bb5a6868b2f039781ed8de0cfdacdb4493abec81,
tall,24.30,2916,4f,grain_sigma_R,0.30537178421273936,levels,x0.02-0.35:y0.02-0.45,8fb54b550875cdf0bc46c240bb5a6868b2f039781ed8de0cfdacdb4493abec81,TOOL (ESRGAN/RIFE); native 4K
tall,24.30,2916,4f,grain_sigma_G,0.2758919215713217,levels,x0.02-0.35:y0.02-0.45,8fb54b550875cdf0bc46c240bb5a6868b2f039781ed8de0cfdacdb4493abec81,TOOL (ESRGAN/RIFE); native 4K
tall,24.30,2916,4f,grain_sigma_B,0.3372020561938086,levels,x0.02-0.35:y0.02-0.45,8fb54b550875cdf0bc46c240bb5a6868b2f039781ed8de0cfdacdb4493abec81,TOOL (ESRGAN/RIFE); native 4K
tall,24.30,2916,4f,grain_acf_halfmax_x,2,px,x0.02-0.35:y0.02-0.45,8fb54b550875cdf0bc46c240bb5a6868b2f039781ed8de0cfdacdb4493abec81,
tall,24.30,2916,4f,grain_acf_zerocross_x,-1,px,x0.02-0.35:y0.02-0.45,8fb54b550875cdf0bc46c240bb5a6868b2f039781ed8de0cfdacdb4493abec81,
tall,24.30,2916,4f,grain_acf_halfmax_y,2,px,x0.02-0.35:y0.02-0.45,8fb54b550875cdf0bc46c240bb5a6868b2f039781ed8de0cfdacdb4493abec81,
tall,24.30,2916,4f,grain_acf_zerocross_y,4,px,x0.02-0.35:y0.02-0.45,8fb54b550875cdf0bc46c240bb5a6868b2f039781ed8de0cfdacdb4493abec81,
tall,24.30,2916,4g,palette_turf_median_hex,#30381B,hex,x0.55-1.00:y0.45-0.90,8fb54b550875cdf0bc46c240bb5a6868b2f039781ed8de0cfdacdb4493abec81,island-local split; +-2 %H boundary
tall,24.30,2916,4g,palette_turf_meanS,0.47078382751920606,S,x0.55-1.00:y0.45-0.90,8fb54b550875cdf0bc46c240bb5a6868b2f039781ed8de0cfdacdb4493abec81,
tall,24.30,2916,4g,palette_turf_meanV,63.566298170494356,levels,x0.55-1.00:y0.45-0.90,8fb54b550875cdf0bc46c240bb5a6868b2f039781ed8de0cfdacdb4493abec81,
tall,24.30,2916,4g,palette_turf_share,0.12073900353898286,fraction,x0.55-1.00:y0.45-0.90,8fb54b550875cdf0bc46c240bb5a6868b2f039781ed8de0cfdacdb4493abec81,
tall,24.30,2916,4g,palette_turf_k1_hex,#1D2513,hex,x0.55-1.00:y0.45-0.90,8fb54b550875cdf0bc46c240bb5a6868b2f039781ed8de0cfdacdb4493abec81,k-means k=3 seed 0; informational
tall,24.30,2916,4g,palette_turf_k1_share,0.48103542234332425,fraction,x0.55-1.00:y0.45-0.90,8fb54b550875cdf0bc46c240bb5a6868b2f039781ed8de0cfdacdb4493abec81,
tall,24.30,2916,4g,palette_turf_k2_hex,#3F4724,hex,x0.55-1.00:y0.45-0.90,8fb54b550875cdf0bc46c240bb5a6868b2f039781ed8de0cfdacdb4493abec81,k-means k=3 seed 0; informational
tall,24.30,2916,4g,palette_turf_k2_share,0.35550797975866094,fraction,x0.55-1.00:y0.45-0.90,8fb54b550875cdf0bc46c240bb5a6868b2f039781ed8de0cfdacdb4493abec81,
tall,24.30,2916,4g,palette_turf_k3_hex,#747C50,hex,x0.55-1.00:y0.45-0.90,8fb54b550875cdf0bc46c240bb5a6868b2f039781ed8de0cfdacdb4493abec81,k-means k=3 seed 0; informational
tall,24.30,2916,4g,palette_turf_k3_share,0.16345659789801478,fraction,x0.55-1.00:y0.45-0.90,8fb54b550875cdf0bc46c240bb5a6868b2f039781ed8de0cfdacdb4493abec81,
tall,24.30,2916,4g,palette_moss_median_hex,#454D1B,hex,x0.55-1.00:y0.45-0.90,8fb54b550875cdf0bc46c240bb5a6868b2f039781ed8de0cfdacdb4493abec81,island-local split; +-2 %H boundary
tall,24.30,2916,4g,palette_moss_meanS,0.624659076902436,S,x0.55-1.00:y0.45-0.90,8fb54b550875cdf0bc46c240bb5a6868b2f039781ed8de0cfdacdb4493abec81,
tall,24.30,2916,4g,palette_moss_meanV,78.58046680156228,levels,x0.55-1.00:y0.45-0.90,8fb54b550875cdf0bc46c240bb5a6868b2f039781ed8de0cfdacdb4493abec81,
tall,24.30,2916,4g,palette_moss_share,0.11985167290962669,fraction,x0.55-1.00:y0.45-0.90,8fb54b550875cdf0bc46c240bb5a6868b2f039781ed8de0cfdacdb4493abec81,
tall,24.30,2916,4g,palette_moss_k1_hex,#525A22,hex,x0.55-1.00:y0.45-0.90,8fb54b550875cdf0bc46c240bb5a6868b2f039781ed8de0cfdacdb4493abec81,k-means k=3 seed 0; informational
tall,24.30,2916,4g,palette_moss_k1_share,0.44216742741518045,fraction,x0.55-1.00:y0.45-0.90,8fb54b550875cdf0bc46c240bb5a6868b2f039781ed8de0cfdacdb4493abec81,
tall,24.30,2916,4g,palette_moss_k2_hex,#272E0F,hex,x0.55-1.00:y0.45-0.90,8fb54b550875cdf0bc46c240bb5a6868b2f039781ed8de0cfdacdb4493abec81,k-means k=3 seed 0; informational
tall,24.30,2916,4g,palette_moss_k2_share,0.4156902420278261,fraction,x0.55-1.00:y0.45-0.90,8fb54b550875cdf0bc46c240bb5a6868b2f039781ed8de0cfdacdb4493abec81,
tall,24.30,2916,4g,palette_moss_k3_hex,#828A4F,hex,x0.55-1.00:y0.45-0.90,8fb54b550875cdf0bc46c240bb5a6868b2f039781ed8de0cfdacdb4493abec81,k-means k=3 seed 0; informational
tall,24.30,2916,4g,palette_moss_k3_share,0.1421423305569934,fraction,x0.55-1.00:y0.45-0.90,8fb54b550875cdf0bc46c240bb5a6868b2f039781ed8de0cfdacdb4493abec81,
tall,24.30,2916,4g,palette_soil_median_hex,#191B22,hex,x0.55-1.00:y0.45-0.90,8fb54b550875cdf0bc46c240bb5a6868b2f039781ed8de0cfdacdb4493abec81,island-local split; +-2 %H boundary
tall,24.30,2916,4g,palette_soil_meanS,0.34934629645441273,S,x0.55-1.00:y0.45-0.90,8fb54b550875cdf0bc46c240bb5a6868b2f039781ed8de0cfdacdb4493abec81,
tall,24.30,2916,4g,palette_soil_meanV,40.750587877944135,levels,x0.55-1.00:y0.45-0.90,8fb54b550875cdf0bc46c240bb5a6868b2f039781ed8de0cfdacdb4493abec81,
tall,24.30,2916,4g,palette_soil_share,0.37134880835444345,fraction,x0.55-1.00:y0.45-0.90,8fb54b550875cdf0bc46c240bb5a6868b2f039781ed8de0cfdacdb4493abec81,
tall,24.30,2916,4g,palette_soil_k1_hex,#15181C,hex,x0.55-1.00:y0.45-0.90,8fb54b550875cdf0bc46c240bb5a6868b2f039781ed8de0cfdacdb4493abec81,k-means k=3 seed 0; informational
tall,24.30,2916,4g,palette_soil_k1_share,0.6433295786769265,fraction,x0.55-1.00:y0.45-0.90,8fb54b550875cdf0bc46c240bb5a6868b2f039781ed8de0cfdacdb4493abec81,
tall,24.30,2916,4g,palette_soil_k2_hex,#262930,hex,x0.55-1.00:y0.45-0.90,8fb54b550875cdf0bc46c240bb5a6868b2f039781ed8de0cfdacdb4493abec81,k-means k=3 seed 0; informational
tall,24.30,2916,4g,palette_soil_k2_share,0.2146279726121018,fraction,x0.55-1.00:y0.45-0.90,8fb54b550875cdf0bc46c240bb5a6868b2f039781ed8de0cfdacdb4493abec81,
tall,24.30,2916,4g,palette_soil_k3_hex,#3E4046,hex,x0.55-1.00:y0.45-0.90,8fb54b550875cdf0bc46c240bb5a6868b2f039781ed8de0cfdacdb4493abec81,k-means k=3 seed 0; informational
tall,24.30,2916,4g,palette_soil_k3_share,0.1420424487109716,fraction,x0.55-1.00:y0.45-0.90,8fb54b550875cdf0bc46c240bb5a6868b2f039781ed8de0cfdacdb4493abec81,
tall,24.30,2916,4g,palette_pebble_median_hex,#222012,hex,x0.55-1.00:y0.45-0.90,8fb54b550875cdf0bc46c240bb5a6868b2f039781ed8de0cfdacdb4493abec81,island-local split; +-2 %H boundary
tall,24.30,2916,4g,palette_pebble_meanS,0.5617625469292633,S,x0.55-1.00:y0.45-0.90,8fb54b550875cdf0bc46c240bb5a6868b2f039781ed8de0cfdacdb4493abec81,
tall,24.30,2916,4g,palette_pebble_meanV,39.9675881792183,levels,x0.55-1.00:y0.45-0.90,8fb54b550875cdf0bc46c240bb5a6868b2f039781ed8de0cfdacdb4493abec81,
tall,24.30,2916,4g,palette_pebble_share,0.03549698504979485,fraction,x0.55-1.00:y0.45-0.90,8fb54b550875cdf0bc46c240bb5a6868b2f039781ed8de0cfdacdb4493abec81,
tall,24.30,2916,4g,palette_pebble_k1_hex,#11120D,hex,x0.55-1.00:y0.45-0.90,8fb54b550875cdf0bc46c240bb5a6868b2f039781ed8de0cfdacdb4493abec81,k-means k=3 seed 0; informational
tall,24.30,2916,4g,palette_pebble_k1_share,0.482019913144794,fraction,x0.55-1.00:y0.45-0.90,8fb54b550875cdf0bc46c240bb5a6868b2f039781ed8de0cfdacdb4493abec81,
tall,24.30,2916,4g,palette_pebble_k2_hex,#2F2D16,hex,x0.55-1.00:y0.45-0.90,8fb54b550875cdf0bc46c240bb5a6868b2f039781ed8de0cfdacdb4493abec81,k-means k=3 seed 0; informational
tall,24.30,2916,4g,palette_pebble_k2_share,0.38038873000741447,fraction,x0.55-1.00:y0.45-0.90,8fb54b550875cdf0bc46c240bb5a6868b2f039781ed8de0cfdacdb4493abec81,
tall,24.30,2916,4g,palette_pebble_k3_hex,#525020,hex,x0.55-1.00:y0.45-0.90,8fb54b550875cdf0bc46c240bb5a6868b2f039781ed8de0cfdacdb4493abec81,k-means k=3 seed 0; informational
tall,24.30,2916,4g,palette_pebble_k3_share,0.13759135684779156,fraction,x0.55-1.00:y0.45-0.90,8fb54b550875cdf0bc46c240bb5a6868b2f039781ed8de0cfdacdb4493abec81,
tall,24.30,2916,4g,palette_basalt_median_hex,#080B10,hex,x0.55-1.00:y0.45-0.90,8fb54b550875cdf0bc46c240bb5a6868b2f039781ed8de0cfdacdb4493abec81,island-local split; +-2 %H boundary
tall,24.30,2916,4g,palette_basalt_meanS,0.543247399093369,S,x0.55-1.00:y0.45-0.90,8fb54b550875cdf0bc46c240bb5a6868b2f039781ed8de0cfdacdb4493abec81,
tall,24.30,2916,4g,palette_basalt_meanV,16.61826745239575,levels,x0.55-1.00:y0.45-0.90,8fb54b550875cdf0bc46c240bb5a6868b2f039781ed8de0cfdacdb4493abec81,
tall,24.30,2916,4g,palette_basalt_share,0.251063809787896,fraction,x0.55-1.00:y0.45-0.90,8fb54b550875cdf0bc46c240bb5a6868b2f039781ed8de0cfdacdb4493abec81,
tall,24.30,2916,4g,palette_basalt_k1_hex,#090B0F,hex,x0.55-1.00:y0.45-0.90,8fb54b550875cdf0bc46c240bb5a6868b2f039781ed8de0cfdacdb4493abec81,k-means k=3 seed 0; informational
tall,24.30,2916,4g,palette_basalt_k1_share,0.4089847172198968,fraction,x0.55-1.00:y0.45-0.90,8fb54b550875cdf0bc46c240bb5a6868b2f039781ed8de0cfdacdb4493abec81,
tall,24.30,2916,4g,palette_basalt_k2_hex,#0B0F17,hex,x0.55-1.00:y0.45-0.90,8fb54b550875cdf0bc46c240bb5a6868b2f039781ed8de0cfdacdb4493abec81,k-means k=3 seed 0; informational
tall,24.30,2916,4g,palette_basalt_k2_share,0.3157006042725891,fraction,x0.55-1.00:y0.45-0.90,8fb54b550875cdf0bc46c240bb5a6868b2f039781ed8de0cfdacdb4493abec81,
tall,24.30,2916,4g,palette_basalt_k3_hex,#050507,hex,x0.55-1.00:y0.45-0.90,8fb54b550875cdf0bc46c240bb5a6868b2f039781ed8de0cfdacdb4493abec81,k-means k=3 seed 0; informational
tall,24.30,2916,4g,palette_basalt_k3_share,0.2753146785075141,fraction,x0.55-1.00:y0.45-0.90,8fb54b550875cdf0bc46c240bb5a6868b2f039781ed8de0cfdacdb4493abec81,
tall,24.30,2916,4g,palette_turf_vs_517046_deltaE,24.540421986494835,dE76,x0.55-1.00:y0.45-0.90,8fb54b550875cdf0bc46c240bb5a6868b2f039781ed8de0cfdacdb4493abec81,"informational: #517046 is a reference-reel value, not a hero target"
tall,24.30,2916,4g,palette_basalt_vs_474B59_deltaE,29.762371241972332,dE76,x0.55-1.00:y0.45-0.90,8fb54b550875cdf0bc46c240bb5a6868b2f039781ed8de0cfdacdb4493abec81,"informational: #474B59 is a reference-reel value, not a hero target"
tall,24.30,2916,4h,conifer_dark_area_pct,25.467897207738037,%,x0.62-0.95:y0.44-0.62,8fb54b550875cdf0bc46c240bb5a6868b2f039781ed8de0cfdacdb4493abec81,
tall,24.30,2916,4h,conifer_edge_density,0.3176768835133341,fraction,x0.62-0.95:y0.44-0.62,8fb54b550875cdf0bc46c240bb5a6868b2f039781ed8de0cfdacdb4493abec81,Sobel mag > 12 levels
tall,28.35,3402,4a,sky_hex_anchor_0.02,#24384A,hex,x0.02-0.20:y0.02-0.72,8fb54b550875cdf0bc46c240bb5a6868b2f039781ed8de0cfdacdb4493abec81,
tall,28.35,3402,4a,sky_anchor_0.02_best_token,sky_top,token,x0.02-0.20:y0.02-0.72,8fb54b550875cdf0bc46c240bb5a6868b2f039781ed8de0cfdacdb4493abec81,
tall,28.35,3402,4a,sky_anchor_0.02_deltaE_min,21.567618822643354,dE76,x0.02-0.20:y0.02-0.72,8fb54b550875cdf0bc46c240bb5a6868b2f039781ed8de0cfdacdb4493abec81,nearest of the four settled sky/haze tokens
tall,28.35,3402,4a,sky_hex_anchor_0.10,#436482,hex,x0.02-0.20:y0.02-0.72,8fb54b550875cdf0bc46c240bb5a6868b2f039781ed8de0cfdacdb4493abec81,
tall,28.35,3402,4a,sky_anchor_0.10_best_token,sky_top,token,x0.02-0.20:y0.02-0.72,8fb54b550875cdf0bc46c240bb5a6868b2f039781ed8de0cfdacdb4493abec81,
tall,28.35,3402,4a,sky_anchor_0.10_deltaE_min,6.418295547766714,dE76,x0.02-0.20:y0.02-0.72,8fb54b550875cdf0bc46c240bb5a6868b2f039781ed8de0cfdacdb4493abec81,nearest of the four settled sky/haze tokens
tall,28.35,3402,4a,sky_hex_anchor_0.25,#597A98,hex,x0.02-0.20:y0.02-0.72,8fb54b550875cdf0bc46c240bb5a6868b2f039781ed8de0cfdacdb4493abec81,
tall,28.35,3402,4a,sky_anchor_0.25_best_token,sky_top,token,x0.02-0.20:y0.02-0.72,8fb54b550875cdf0bc46c240bb5a6868b2f039781ed8de0cfdacdb4493abec81,
tall,28.35,3402,4a,sky_anchor_0.25_deltaE_min,8.068039210365134,dE76,x0.02-0.20:y0.02-0.72,8fb54b550875cdf0bc46c240bb5a6868b2f039781ed8de0cfdacdb4493abec81,nearest of the four settled sky/haze tokens
tall,28.35,3402,4a,sky_hex_anchor_0.40,#7897B2,hex,x0.02-0.20:y0.02-0.72,8fb54b550875cdf0bc46c240bb5a6868b2f039781ed8de0cfdacdb4493abec81,
tall,28.35,3402,4a,sky_anchor_0.40_best_token,sky_mid,token,x0.02-0.20:y0.02-0.72,8fb54b550875cdf0bc46c240bb5a6868b2f039781ed8de0cfdacdb4493abec81,
tall,28.35,3402,4a,sky_anchor_0.40_deltaE_min,4.284186798916952,dE76,x0.02-0.20:y0.02-0.72,8fb54b550875cdf0bc46c240bb5a6868b2f039781ed8de0cfdacdb4493abec81,nearest of the four settled sky/haze tokens
tall,28.35,3402,4a,sky_hex_anchor_0.55,#93AAC1,hex,x0.02-0.20:y0.02-0.72,8fb54b550875cdf0bc46c240bb5a6868b2f039781ed8de0cfdacdb4493abec81,
tall,28.35,3402,4a,sky_anchor_0.55_best_token,sky_mid,token,x0.02-0.20:y0.02-0.72,8fb54b550875cdf0bc46c240bb5a6868b2f039781ed8de0cfdacdb4493abec81,
tall,28.35,3402,4a,sky_anchor_0.55_deltaE_min,7.2581736113110065,dE76,x0.02-0.20:y0.02-0.72,8fb54b550875cdf0bc46c240bb5a6868b2f039781ed8de0cfdacdb4493abec81,nearest of the four settled sky/haze tokens
tall,28.35,3402,4a,sky_hex_anchor_0.68,#C4CCD6,hex,x0.02-0.20:y0.02-0.72,8fb54b550875cdf0bc46c240bb5a6868b2f039781ed8de0cfdacdb4493abec81,
tall,28.35,3402,4a,sky_anchor_0.68_best_token,sky_low,token,x0.02-0.20:y0.02-0.72,8fb54b550875cdf0bc46c240bb5a6868b2f039781ed8de0cfdacdb4493abec81,
tall,28.35,3402,4a,sky_anchor_0.68_deltaE_min,7.997557741334506,dE76,x0.02-0.20:y0.02-0.72,8fb54b550875cdf0bc46c240bb5a6868b2f039781ed8de0cfdacdb4493abec81,nearest of the four settled sky/haze tokens
tall,28.35,3402,4a,sky_hex_top,#3E607E,hex,x0.02-0.20:y0.02-0.72,8fb54b550875cdf0bc46c240bb5a6868b2f039781ed8de0cfdacdb4493abec81,
tall,28.35,3402,4a,sky_deltaE_top_vs_sky_top,7.571616646368739,dE76,x0.02-0.20:y0.02-0.72,8fb54b550875cdf0bc46c240bb5a6868b2f039781ed8de0cfdacdb4493abec81,
tall,28.35,3402,4a,sky_deltaE_top_vs_sky_mid,23.53880788655216,dE76,x0.02-0.20:y0.02-0.72,8fb54b550875cdf0bc46c240bb5a6868b2f039781ed8de0cfdacdb4493abec81,
tall,28.35,3402,4a,sky_deltaE_top_vs_sky_low,37.409269443956354,dE76,x0.02-0.20:y0.02-0.72,8fb54b550875cdf0bc46c240bb5a6868b2f039781ed8de0cfdacdb4493abec81,
tall,28.35,3402,4a,sky_deltaE_top_vs_haze,22.71295422349144,dE76,x0.02-0.20:y0.02-0.72,8fb54b550875cdf0bc46c240bb5a6868b2f039781ed8de0cfdacdb4493abec81,
tall,28.35,3402,4a,sky_hex_mid,#6D8DAA,hex,x0.02-0.20:y0.02-0.72,8fb54b550875cdf0bc46c240bb5a6868b2f039781ed8de0cfdacdb4493abec81,
tall,28.35,3402,4a,sky_deltaE_mid_vs_sky_top,14.141032887118378,dE76,x0.02-0.20:y0.02-0.72,8fb54b550875cdf0bc46c240bb5a6868b2f039781ed8de0cfdacdb4493abec81,
tall,28.35,3402,4a,sky_deltaE_mid_vs_sky_mid,6.7072145532295355,dE76,x0.02-0.20:y0.02-0.72,8fb54b550875cdf0bc46c240bb5a6868b2f039781ed8de0cfdacdb4493abec81,
tall,28.35,3402,4a,sky_deltaE_mid_vs_sky_low,19.9242438287667,dE76,x0.02-0.20:y0.02-0.72,8fb54b550875cdf0bc46c240bb5a6868b2f039781ed8de0cfdacdb4493abec81,
tall,28.35,3402,4a,sky_deltaE_mid_vs_haze,12.731487495095017,dE76,x0.02-0.20:y0.02-0.72,8fb54b550875cdf0bc46c240bb5a6868b2f039781ed8de0cfdacdb4493abec81,
tall,28.35,3402,4a,sky_hex_horizon,#B5C0CF,hex,x0.02-0.20:y0.02-0.72,8fb54b550875cdf0bc46c240bb5a6868b2f039781ed8de0cfdacdb4493abec81,
tall,28.35,3402,4a,sky_deltaE_horizon_vs_sky_top,34.63302731946486,dE76,x0.02-0.20:y0.02-0.72,8fb54b550875cdf0bc46c240bb5a6868b2f039781ed8de0cfdacdb4493abec81,
tall,28.35,3402,4a,sky_deltaE_horizon_vs_sky_mid,16.94651153042625,dE76,x0.02-0.20:y0.02-0.72,8fb54b550875cdf0bc46c240bb5a6868b2f039781ed8de0cfdacdb4493abec81,
tall,28.35,3402,4a,sky_deltaE_horizon_vs_sky_low,3.015758670280695,dE76,x0.02-0.20:y0.02-0.72,8fb54b550875cdf0bc46c240bb5a6868b2f039781ed8de0cfdacdb4493abec81,
tall,28.35,3402,4a,sky_deltaE_horizon_vs_haze,21.388358187998207,dE76,x0.02-0.20:y0.02-0.72,8fb54b550875cdf0bc46c240bb5a6868b2f039781ed8de0cfdacdb4493abec81,
tall,28.35,3402,4a,haze_hex,#B9C4D1,hex,x0.02-0.35:y0.62-0.72,8fb54b550875cdf0bc46c240bb5a6868b2f039781ed8de0cfdacdb4493abec81,
tall,28.35,3402,4a,haze_deltaE_vs_haze_token,22.462874698394206,dE76,x0.02-0.35:y0.62-0.72,8fb54b550875cdf0bc46c240bb5a6868b2f039781ed8de0cfdacdb4493abec81,
tall,28.35,3402,4a,sky_slope_R,1.929909683486476,levels/%H,x0.02-0.20:y0.02-0.72,8fb54b550875cdf0bc46c240bb5a6868b2f039781ed8de0cfdacdb4493abec81,
tall,28.35,3402,4a,sky_r2_R,0.9795171146011734,1,x0.02-0.20:y0.02-0.72,8fb54b550875cdf0bc46c240bb5a6868b2f039781ed8de0cfdacdb4493abec81,
tall,28.35,3402,4a,sky_slope_G,1.6181006408353114,levels/%H,x0.02-0.20:y0.02-0.72,8fb54b550875cdf0bc46c240bb5a6868b2f039781ed8de0cfdacdb4493abec81,
tall,28.35,3402,4a,sky_r2_G,0.9918841105840762,1,x0.02-0.20:y0.02-0.72,8fb54b550875cdf0bc46c240bb5a6868b2f039781ed8de0cfdacdb4493abec81,
tall,28.35,3402,4a,sky_slope_B,1.3789362490995347,levels/%H,x0.02-0.20:y0.02-0.72,8fb54b550875cdf0bc46c240bb5a6868b2f039781ed8de0cfdacdb4493abec81,
tall,28.35,3402,4a,sky_r2_B,0.9911362592614633,1,x0.02-0.20:y0.02-0.72,8fb54b550875cdf0bc46c240bb5a6868b2f039781ed8de0cfdacdb4493abec81,
tall,28.35,3402,4b,contrast_rms_D1,12.16704561609225,levels,x0.70-0.98:y0.55-0.80,8fb54b550875cdf0bc46c240bb5a6868b2f039781ed8de0cfdacdb4493abec81,
tall,28.35,3402,4b,sat_S_D1,0.4468942740661348,S,x0.70-0.98:y0.55-0.80,8fb54b550875cdf0bc46c240bb5a6868b2f039781ed8de0cfdacdb4493abec81,
tall,28.35,3402,4b,value_V_D1,55.59402892561983,levels,x0.70-0.98:y0.55-0.80,8fb54b550875cdf0bc46c240bb5a6868b2f039781ed8de0cfdacdb4493abec81,
tall,28.35,3402,4b,contrast_rms_D2,0.5701895080370433,levels,x0.02-0.35:y0.72-0.85,8fb54b550875cdf0bc46c240bb5a6868b2f039781ed8de0cfdacdb4493abec81,
tall,28.35,3402,4b,sat_S_D2,0.1862957427483053,S,x0.02-0.35:y0.72-0.85,8fb54b550875cdf0bc46c240bb5a6868b2f039781ed8de0cfdacdb4493abec81,
tall,28.35,3402,4b,value_V_D2,192.56014975252046,levels,x0.02-0.35:y0.72-0.85,8fb54b550875cdf0bc46c240bb5a6868b2f039781ed8de0cfdacdb4493abec81,
tall,28.35,3402,4b,contrast_rms_D3,0.424807525830071,levels,x0.02-0.35:y0.62-0.72,8fb54b550875cdf0bc46c240bb5a6868b2f039781ed8de0cfdacdb4493abec81,
tall,28.35,3402,4b,sat_S_D3,0.11574134925240614,S,x0.02-0.35:y0.62-0.72,8fb54b550875cdf0bc46c240bb5a6868b2f039781ed8de0cfdacdb4493abec81,
tall,28.35,3402,4b,value_V_D3,208.9611602968677,levels,x0.02-0.35:y0.62-0.72,8fb54b550875cdf0bc46c240bb5a6868b2f039781ed8de0cfdacdb4493abec81,
tall,28.35,3402,4b,falloff_rms_D2_D1,0.046863431438352234,ratio,x0.02-0.35:y0.72-0.85,8fb54b550875cdf0bc46c240bb5a6868b2f039781ed8de0cfdacdb4493abec81,
tall,28.35,3402,4b,falloff_rms_D3_D1,0.03491459958596822,ratio,x0.02-0.35:y0.62-0.72,8fb54b550875cdf0bc46c240bb5a6868b2f039781ed8de0cfdacdb4493abec81,
tall,28.35,3402,4b,falloff_sat_D2_D1,0.4168675983544507,ratio,x0.02-0.35:y0.72-0.85,8fb54b550875cdf0bc46c240bb5a6868b2f039781ed8de0cfdacdb4493abec81,
tall,28.35,3402,4b,falloff_sat_D3_D1,0.258990450245236,ratio,x0.02-0.35:y0.62-0.72,8fb54b550875cdf0bc46c240bb5a6868b2f039781ed8de0cfdacdb4493abec81,
tall,28.35,3402,4c,bloom_peak_L,215.7926,levels,x0.50-0.75:y0.30-0.55,8fb54b550875cdf0bc46c240bb5a6868b2f039781ed8de0cfdacdb4493abec81,
tall,28.35,3402,4c,bloom_bg_L,141.92839999999998,levels,x0.50-0.75:y0.30-0.55,8fb54b550875cdf0bc46c240bb5a6868b2f039781ed8de0cfdacdb4493abec81,
tall,28.35,3402,4c,bloom_peak_bg_ratio,1.520432837966186,ratio,x0.50-0.75:y0.30-0.55,8fb54b550875cdf0bc46c240bb5a6868b2f039781ed8de0cfdacdb4493abec81,
tall,28.35,3402,4c,bloom_r50_px,0.536550414332116,px,x0.50-0.75:y0.30-0.55,8fb54b550875cdf0bc46c240bb5a6868b2f039781ed8de0cfdacdb4493abec81,"edge-limited: peak sits on the island silhouette, not sky; TOOL (ESRGAN/HEVC) — not a resolvable sky-side halo"
tall,28.35,3402,4c,bloom_r50_pctH,0.013972667039898856,%H,x0.50-0.75:y0.30-0.55,8fb54b550875cdf0bc46c240bb5a6868b2f039781ed8de0cfdacdb4493abec81,
tall,28.35,3402,4c,bloom_falloff_10_90_px,0.8584806629313859,px,x0.50-0.75:y0.30-0.55,8fb54b550875cdf0bc46c240bb5a6868b2f039781ed8de0cfdacdb4493abec81,
tall,28.35,3402,4d,shadow_p0_1,1.2928,levels,x0.55-1.00:y0.72-0.90,8fb54b550875cdf0bc46c240bb5a6868b2f039781ed8de0cfdacdb4493abec81,
tall,28.35,3402,4d,shadow_p1,2.5736,levels,x0.55-1.00:y0.72-0.90,8fb54b550875cdf0bc46c240bb5a6868b2f039781ed8de0cfdacdb4493abec81,black floor = p1; HEVC crush is the limit
tall,28.35,3402,4d,shadow_p5,6.292800000000001,levels,x0.55-1.00:y0.72-0.90,8fb54b550875cdf0bc46c240bb5a6868b2f039781ed8de0cfdacdb4493abec81,
tall,28.35,3402,4d,shadow_p50,40.949000000000005,levels,x0.55-1.00:y0.72-0.90,8fb54b550875cdf0bc46c240bb5a6868b2f039781ed8de0cfdacdb4493abec81,
tall,28.35,3402,4d,shadow_min,0,levels,x0.55-1.00:y0.72-0.90,8fb54b550875cdf0bc46c240bb5a6868b2f039781ed8de0cfdacdb4493abec81,
tall,28.35,3402,4d,shadow_floor_lifted,0,bool,x0.55-1.00:y0.72-0.90,8fb54b550875cdf0bc46c240bb5a6868b2f039781ed8de0cfdacdb4493abec81,"1 = p1 >= 8 levels, i.e. clearly above the codec floor"
tall,28.35,3402,4e,dof_lapvar_D1,405.4720104957329,levels2,x0.70-0.98:y0.55-0.80,8fb54b550875cdf0bc46c240bb5a6868b2f039781ed8de0cfdacdb4493abec81,
tall,28.35,3402,4e,dof_lapvar_D2,1.0470126257908436,levels2,x0.02-0.35:y0.72-0.85,8fb54b550875cdf0bc46c240bb5a6868b2f039781ed8de0cfdacdb4493abec81,
tall,28.35,3402,4e,dof_lapvar_D3,0.776804415915634,levels2,x0.02-0.35:y0.62-0.72,8fb54b550875cdf0bc46c240bb5a6868b2f039781ed8de0cfdacdb4493abec81,
tall,28.35,3402,4e,dof_ratio_D1_D2,387.26563606572205,ratio,x0.02-0.35:y0.72-0.85,8fb54b550875cdf0bc46c240bb5a6868b2f039781ed8de0cfdacdb4493abec81,
tall,28.35,3402,4e,dof_sigma_D2_px,2.71148681640625,px,x0.02-0.35:y0.72-0.85,8fb54b550875cdf0bc46c240bb5a6868b2f039781ed8de0cfdacdb4493abec81,D1 blurred to match band; sharp end is TOOL
tall,28.35,3402,4e,dof_sigma_D2_pctH,0.07061163584391275,%H,x0.02-0.35:y0.72-0.85,8fb54b550875cdf0bc46c240bb5a6868b2f039781ed8de0cfdacdb4493abec81,
tall,28.35,3402,4e,dof_sigma_D3_px,2.96051025390625,px,x0.02-0.35:y0.62-0.72,8fb54b550875cdf0bc46c240bb5a6868b2f039781ed8de0cfdacdb4493abec81,D1 blurred to match band; sharp end is TOOL
tall,28.35,3402,4e,dof_sigma_D3_pctH,0.07709662119547525,%H,x0.02-0.35:y0.62-0.72,8fb54b550875cdf0bc46c240bb5a6868b2f039781ed8de0cfdacdb4493abec81,
tall,28.35,3402,4f,grain_sigma_R,0.30125932079547646,levels,x0.02-0.35:y0.02-0.45,8fb54b550875cdf0bc46c240bb5a6868b2f039781ed8de0cfdacdb4493abec81,TOOL (ESRGAN/RIFE); native 4K
tall,28.35,3402,4f,grain_sigma_G,0.2695640876485795,levels,x0.02-0.35:y0.02-0.45,8fb54b550875cdf0bc46c240bb5a6868b2f039781ed8de0cfdacdb4493abec81,TOOL (ESRGAN/RIFE); native 4K
tall,28.35,3402,4f,grain_sigma_B,0.33114044067506304,levels,x0.02-0.35:y0.02-0.45,8fb54b550875cdf0bc46c240bb5a6868b2f039781ed8de0cfdacdb4493abec81,TOOL (ESRGAN/RIFE); native 4K
tall,28.35,3402,4f,grain_acf_halfmax_x,2,px,x0.02-0.35:y0.02-0.45,8fb54b550875cdf0bc46c240bb5a6868b2f039781ed8de0cfdacdb4493abec81,
tall,28.35,3402,4f,grain_acf_zerocross_x,-1,px,x0.02-0.35:y0.02-0.45,8fb54b550875cdf0bc46c240bb5a6868b2f039781ed8de0cfdacdb4493abec81,
tall,28.35,3402,4f,grain_acf_halfmax_y,2,px,x0.02-0.35:y0.02-0.45,8fb54b550875cdf0bc46c240bb5a6868b2f039781ed8de0cfdacdb4493abec81,
tall,28.35,3402,4f,grain_acf_zerocross_y,4,px,x0.02-0.35:y0.02-0.45,8fb54b550875cdf0bc46c240bb5a6868b2f039781ed8de0cfdacdb4493abec81,
tall,28.35,3402,4g,palette_turf_median_hex,#293216,hex,x0.55-1.00:y0.45-0.90,8fb54b550875cdf0bc46c240bb5a6868b2f039781ed8de0cfdacdb4493abec81,island-local split; +-2 %H boundary
tall,28.35,3402,4g,palette_turf_meanS,0.5088804646208469,S,x0.55-1.00:y0.45-0.90,8fb54b550875cdf0bc46c240bb5a6868b2f039781ed8de0cfdacdb4493abec81,
tall,28.35,3402,4g,palette_turf_meanV,58.2358120970218,levels,x0.55-1.00:y0.45-0.90,8fb54b550875cdf0bc46c240bb5a6868b2f039781ed8de0cfdacdb4493abec81,
tall,28.35,3402,4g,palette_turf_share,0.1523704196478779,fraction,x0.55-1.00:y0.45-0.90,8fb54b550875cdf0bc46c240bb5a6868b2f039781ed8de0cfdacdb4493abec81,
tall,28.35,3402,4g,palette_turf_k1_hex,#1A2310,hex,x0.55-1.00:y0.45-0.90,8fb54b550875cdf0bc46c240bb5a6868b2f039781ed8de0cfdacdb4493abec81,k-means k=3 seed 0; informational
tall,28.35,3402,4g,palette_turf_k1_share,0.5467731040835124,fraction,x0.55-1.00:y0.45-0.90,8fb54b550875cdf0bc46c240bb5a6868b2f039781ed8de0cfdacdb4493abec81,
tall,28.35,3402,4g,palette_turf_k2_hex,#414A23,hex,x0.55-1.00:y0.45-0.90,8fb54b550875cdf0bc46c240bb5a6868b2f039781ed8de0cfdacdb4493abec81,k-means k=3 seed 0; informational
tall,28.35,3402,4g,palette_turf_k2_share,0.3489653054958551,fraction,x0.55-1.00:y0.45-0.90,8fb54b550875cdf0bc46c240bb5a6868b2f039781ed8de0cfdacdb4493abec81,
tall,28.35,3402,4g,palette_turf_k3_hex,#768059,hex,x0.55-1.00:y0.45-0.90,8fb54b550875cdf0bc46c240bb5a6868b2f039781ed8de0cfdacdb4493abec81,k-means k=3 seed 0; informational
tall,28.35,3402,4g,palette_turf_k3_share,0.10426159042063249,fraction,x0.55-1.00:y0.45-0.90,8fb54b550875cdf0bc46c240bb5a6868b2f039781ed8de0cfdacdb4493abec81,
tall,28.35,3402,4g,palette_moss_median_hex,#384116,hex,x0.55-1.00:y0.45-0.90,8fb54b550875cdf0bc46c240bb5a6868b2f039781ed8de0cfdacdb4493abec81,island-local split; +-2 %H boundary
tall,28.35,3402,4g,palette_moss_meanS,0.6543908024569777,S,x0.55-1.00:y0.45-0.90,8fb54b550875cdf0bc46c240bb5a6868b2f039781ed8de0cfdacdb4493abec81,
tall,28.35,3402,4g,palette_moss_meanV,69.41070538653213,levels,x0.55-1.00:y0.45-0.90,8fb54b550875cdf0bc46c240bb5a6868b2f039781ed8de0cfdacdb4493abec81,
tall,28.35,3402,4g,palette_moss_share,0.15207569025156792,fraction,x0.55-1.00:y0.45-0.90,8fb54b550875cdf0bc46c240bb5a6868b2f039781ed8de0cfdacdb4493abec81,
tall,28.35,3402,4g,palette_moss_k1_hex,#21290B,hex,x0.55-1.00:y0.45-0.90,8fb54b550875cdf0bc46c240bb5a6868b2f039781ed8de0cfdacdb4493abec81,k-means k=3 seed 0; informational
tall,28.35,3402,4g,palette_moss_k1_share,0.43049189405358845,fraction,x0.55-1.00:y0.45-0.90,8fb54b550875cdf0bc46c240bb5a6868b2f039781ed8de0cfdacdb4493abec81,
tall,28.35,3402,4g,palette_moss_k2_hex,#444E1C,hex,x0.55-1.00:y0.45-0.90,8fb54b550875cdf0bc46c240bb5a6868b2f039781ed8de0cfdacdb4493abec81,k-means k=3 seed 0; informational
tall,28.35,3402,4g,palette_moss_k2_share,0.37746331559356444,fraction,x0.55-1.00:y0.45-0.90,8fb54b550875cdf0bc46c240bb5a6868b2f039781ed8de0cfdacdb4493abec81,
tall,28.35,3402,4g,palette_moss_k3_hex,#6D7637,hex,x0.55-1.00:y0.45-0.90,8fb54b550875cdf0bc46c240bb5a6868b2f039781ed8de0cfdacdb4493abec81,k-means k=3 seed 0; informational
tall,28.35,3402,4g,palette_moss_k3_share,0.19204479035284708,fraction,x0.55-1.00:y0.45-0.90,8fb54b550875cdf0bc46c240bb5a6868b2f039781ed8de0cfdacdb4493abec81,
tall,28.35,3402,4g,palette_soil_median_hex,#232429,hex,x0.55-1.00:y0.45-0.90,8fb54b550875cdf0bc46c240bb5a6868b2f039781ed8de0cfdacdb4493abec81,island-local split; +-2 %H boundary
tall,28.35,3402,4g,palette_soil_meanS,0.3011141313579468,S,x0.55-1.00:y0.45-0.90,8fb54b550875cdf0bc46c240bb5a6868b2f039781ed8de0cfdacdb4493abec81,
tall,28.35,3402,4g,palette_soil_meanV,52.7483317005705,levels,x0.55-1.00:y0.45-0.90,8fb54b550875cdf0bc46c240bb5a6868b2f039781ed8de0cfdacdb4493abec81,
tall,28.35,3402,4g,palette_soil_share,0.32472629931220454,fraction,x0.55-1.00:y0.45-0.90,8fb54b550875cdf0bc46c240bb5a6868b2f039781ed8de0cfdacdb4493abec81,
tall,28.35,3402,4g,palette_soil_k1_hex,#1B1D21,hex,x0.55-1.00:y0.45-0.90,8fb54b550875cdf0bc46c240bb5a6868b2f039781ed8de0cfdacdb4493abec81,k-means k=3 seed 0; informational
tall,28.35,3402,4g,palette_soil_k1_share,0.6283207514550798,fraction,x0.55-1.00:y0.45-0.90,8fb54b550875cdf0bc46c240bb5a6868b2f039781ed8de0cfdacdb4493abec81,
tall,28.35,3402,4g,palette_soil_k2_hex,#3C3D3F,hex,x0.55-1.00:y0.45-0.90,8fb54b550875cdf0bc46c240bb5a6868b2f039781ed8de0cfdacdb4493abec81,k-means k=3 seed 0; informational
tall,28.35,3402,4g,palette_soil_k2_share,0.2985103440327321,fraction,x0.55-1.00:y0.45-0.90,8fb54b550875cdf0bc46c240bb5a6868b2f039781ed8de0cfdacdb4493abec81,
tall,28.35,3402,4g,palette_soil_k3_hex,#787675,hex,x0.55-1.00:y0.45-0.90,8fb54b550875cdf0bc46c240bb5a6868b2f039781ed8de0cfdacdb4493abec81,k-means k=3 seed 0; informational
tall,28.35,3402,4g,palette_soil_k3_share,0.07316890451218809,fraction,x0.55-1.00:y0.45-0.90,8fb54b550875cdf0bc46c240bb5a6868b2f039781ed8de0cfdacdb4493abec81,
tall,28.35,3402,4g,palette_pebble_median_hex,#222113,hex,x0.55-1.00:y0.45-0.90,8fb54b550875cdf0bc46c240bb5a6868b2f039781ed8de0cfdacdb4493abec81,island-local split; +-2 %H boundary
tall,28.35,3402,4g,palette_pebble_meanS,0.45658024330903996,S,x0.55-1.00:y0.45-0.90,8fb54b550875cdf0bc46c240bb5a6868b2f039781ed8de0cfdacdb4493abec81,
tall,28.35,3402,4g,palette_pebble_meanV,44.86655769859431,levels,x0.55-1.00:y0.45-0.90,8fb54b550875cdf0bc46c240bb5a6868b2f039781ed8de0cfdacdb4493abec81,
tall,28.35,3402,4g,palette_pebble_share,0.04293224872915491,fraction,x0.55-1.00:y0.45-0.90,8fb54b550875cdf0bc46c240bb5a6868b2f039781ed8de0cfdacdb4493abec81,
tall,28.35,3402,4g,palette_pebble_k1_hex,#18170F,hex,x0.55-1.00:y0.45-0.90,8fb54b550875cdf0bc46c240bb5a6868b2f039781ed8de0cfdacdb4493abec81,k-means k=3 seed 0; informational
tall,28.35,3402,4g,palette_pebble_k1_share,0.5621009044350005,fraction,x0.55-1.00:y0.45-0.90,8fb54b550875cdf0bc46c240bb5a6868b2f039781ed8de0cfdacdb4493abec81,
tall,28.35,3402,4g,palette_pebble_k2_hex,#38371B,hex,x0.55-1.00:y0.45-0.90,8fb54b550875cdf0bc46c240bb5a6868b2f039781ed8de0cfdacdb4493abec81,k-means k=3 seed 0; informational
tall,28.35,3402,4g,palette_pebble_k2_share,0.2939086847553667,fraction,x0.55-1.00:y0.45-0.90,8fb54b550875cdf0bc46c240bb5a6868b2f039781ed8de0cfdacdb4493abec81,
tall,28.35,3402,4g,palette_pebble_k3_hex,#615F3A,hex,x0.55-1.00:y0.45-0.90,8fb54b550875cdf0bc46c240bb5a6868b2f039781ed8de0cfdacdb4493abec81,k-means k=3 seed 0; informational
tall,28.35,3402,4g,palette_pebble_k3_share,0.1439904108096328,fraction,x0.55-1.00:y0.45-0.90,8fb54b550875cdf0bc46c240bb5a6868b2f039781ed8de0cfdacdb4493abec81,
tall,28.35,3402,4g,palette_basalt_median_hex,#090B10,hex,x0.55-1.00:y0.45-0.90,8fb54b550875cdf0bc46c240bb5a6868b2f039781ed8de0cfdacdb4493abec81,island-local split; +-2 %H boundary
tall,28.35,3402,4g,palette_basalt_meanS,0.5529913957235985,S,x0.55-1.00:y0.45-0.90,8fb54b550875cdf0bc46c240bb5a6868b2f039781ed8de0cfdacdb4493abec81,
tall,28.35,3402,4g,palette_basalt_meanV,17.135994090406413,levels,x0.55-1.00:y0.45-0.90,8fb54b550875cdf0bc46c240bb5a6868b2f039781ed8de0cfdacdb4493abec81,
tall,28.35,3402,4g,palette_basalt_share,0.21659148727938568,fraction,x0.55-1.00:y0.45-0.90,8fb54b550875cdf0bc46c240bb5a6868b2f039781ed8de0cfdacdb4493abec81,
tall,28.35,3402,4g,palette_basalt_k1_hex,#0A0B0F,hex,x0.55-1.00:y0.45-0.90,8fb54b550875cdf0bc46c240bb5a6868b2f039781ed8de0cfdacdb4493abec81,k-means k=3 seed 0; informational
tall,28.35,3402,4g,palette_basalt_k1_share,0.39462952723251316,fraction,x0.55-1.00:y0.45-0.90,8fb54b550875cdf0bc46c240bb5a6868b2f039781ed8de0cfdacdb4493abec81,
tall,28.35,3402,4g,palette_basalt_k2_hex,#0C1018,hex,x0.55-1.00:y0.45-0.90,8fb54b550875cdf0bc46c240bb5a6868b2f039781ed8de0cfdacdb4493abec81,k-means k=3 seed 0; informational
tall,28.35,3402,4g,palette_basalt_k2_share,0.30912185512855955,fraction,x0.55-1.00:y0.45-0.90,8fb54b550875cdf0bc46c240bb5a6868b2f039781ed8de0cfdacdb4493abec81,
tall,28.35,3402,4g,palette_basalt_k3_hex,#050607,hex,x0.55-1.00:y0.45-0.90,8fb54b550875cdf0bc46c240bb5a6868b2f039781ed8de0cfdacdb4493abec81,k-means k=3 seed 0; informational
tall,28.35,3402,4g,palette_basalt_k3_share,0.2962486176389273,fraction,x0.55-1.00:y0.45-0.90,8fb54b550875cdf0bc46c240bb5a6868b2f039781ed8de0cfdacdb4493abec81,
tall,28.35,3402,4g,palette_turf_vs_517046_deltaE,26.963346096649556,dE76,x0.55-1.00:y0.45-0.90,8fb54b550875cdf0bc46c240bb5a6868b2f039781ed8de0cfdacdb4493abec81,"informational: #517046 is a reference-reel value, not a hero target"
tall,28.35,3402,4g,palette_basalt_vs_474B59_deltaE,29.710799251160005,dE76,x0.55-1.00:y0.45-0.90,8fb54b550875cdf0bc46c240bb5a6868b2f039781ed8de0cfdacdb4493abec81,"informational: #474B59 is a reference-reel value, not a hero target"
tall,28.35,3402,4h,conifer_dark_area_pct,28.936862039079898,%,x0.62-0.95:y0.44-0.62,8fb54b550875cdf0bc46c240bb5a6868b2f039781ed8de0cfdacdb4493abec81,
tall,28.35,3402,4h,conifer_edge_density,0.4214657294852877,fraction,x0.62-0.95:y0.44-0.62,8fb54b550875cdf0bc46c240bb5a6868b2f039781ed8de0cfdacdb4493abec81,Sobel mag > 12 levels
tall,mean,,4a,sky_anchor_0.02_deltaE_min,21.65500100785603,dE76,x0.02-0.20:y0.02-0.72,8fb54b550875cdf0bc46c240bb5a6868b2f039781ed8de0cfdacdb4493abec81,mean of s0..s7
tall,frame_sd,,4a,sky_anchor_0.02_deltaE_min,0.06591368839550878,dE76,x0.02-0.20:y0.02-0.72,8fb54b550875cdf0bc46c240bb5a6868b2f039781ed8de0cfdacdb4493abec81,frame_sd of s0..s7
tall,mean,,4a,sky_anchor_0.10_deltaE_min,6.133891913268418,dE76,x0.02-0.20:y0.02-0.72,8fb54b550875cdf0bc46c240bb5a6868b2f039781ed8de0cfdacdb4493abec81,mean of s0..s7
tall,frame_sd,,4a,sky_anchor_0.10_deltaE_min,0.4245261238964532,dE76,x0.02-0.20:y0.02-0.72,8fb54b550875cdf0bc46c240bb5a6868b2f039781ed8de0cfdacdb4493abec81,frame_sd of s0..s7
tall,mean,,4a,sky_anchor_0.25_deltaE_min,7.939924311465847,dE76,x0.02-0.20:y0.02-0.72,8fb54b550875cdf0bc46c240bb5a6868b2f039781ed8de0cfdacdb4493abec81,mean of s0..s7
tall,frame_sd,,4a,sky_anchor_0.25_deltaE_min,0.07259506830421161,dE76,x0.02-0.20:y0.02-0.72,8fb54b550875cdf0bc46c240bb5a6868b2f039781ed8de0cfdacdb4493abec81,frame_sd of s0..s7
tall,mean,,4a,sky_anchor_0.40_deltaE_min,4.10831099973216,dE76,x0.02-0.20:y0.02-0.72,8fb54b550875cdf0bc46c240bb5a6868b2f039781ed8de0cfdacdb4493abec81,mean of s0..s7
tall,frame_sd,,4a,sky_anchor_0.40_deltaE_min,0.1781125080431284,dE76,x0.02-0.20:y0.02-0.72,8fb54b550875cdf0bc46c240bb5a6868b2f039781ed8de0cfdacdb4493abec81,frame_sd of s0..s7
tall,mean,,4a,sky_anchor_0.55_deltaE_min,7.208437709038545,dE76,x0.02-0.20:y0.02-0.72,8fb54b550875cdf0bc46c240bb5a6868b2f039781ed8de0cfdacdb4493abec81,mean of s0..s7
tall,frame_sd,,4a,sky_anchor_0.55_deltaE_min,0.08926249232549988,dE76,x0.02-0.20:y0.02-0.72,8fb54b550875cdf0bc46c240bb5a6868b2f039781ed8de0cfdacdb4493abec81,frame_sd of s0..s7
tall,mean,,4a,sky_anchor_0.68_deltaE_min,7.979914028927303,dE76,x0.02-0.20:y0.02-0.72,8fb54b550875cdf0bc46c240bb5a6868b2f039781ed8de0cfdacdb4493abec81,mean of s0..s7
tall,frame_sd,,4a,sky_anchor_0.68_deltaE_min,0.05383697543573317,dE76,x0.02-0.20:y0.02-0.72,8fb54b550875cdf0bc46c240bb5a6868b2f039781ed8de0cfdacdb4493abec81,frame_sd of s0..s7
tall,mean,,4a,sky_deltaE_top_vs_sky_top,7.556487002671281,dE76,x0.02-0.20:y0.02-0.72,8fb54b550875cdf0bc46c240bb5a6868b2f039781ed8de0cfdacdb4493abec81,mean of s0..s7
tall,frame_sd,,4a,sky_deltaE_top_vs_sky_top,0.08870762153848272,dE76,x0.02-0.20:y0.02-0.72,8fb54b550875cdf0bc46c240bb5a6868b2f039781ed8de0cfdacdb4493abec81,frame_sd of s0..s7
tall,mean,,4a,sky_deltaE_top_vs_sky_mid,23.622017978752133,dE76,x0.02-0.20:y0.02-0.72,8fb54b550875cdf0bc46c240bb5a6868b2f039781ed8de0cfdacdb4493abec81,mean of s0..s7
tall,frame_sd,,4a,sky_deltaE_top_vs_sky_mid,0.05029908042076436,dE76,x0.02-0.20:y0.02-0.72,8fb54b550875cdf0bc46c240bb5a6868b2f039781ed8de0cfdacdb4493abec81,frame_sd of s0..s7
tall,mean,,4a,sky_deltaE_top_vs_sky_low,37.49634104366234,dE76,x0.02-0.20:y0.02-0.72,8fb54b550875cdf0bc46c240bb5a6868b2f039781ed8de0cfdacdb4493abec81,mean of s0..s7
tall,frame_sd,,4a,sky_deltaE_top_vs_sky_low,0.048766151494434466,dE76,x0.02-0.20:y0.02-0.72,8fb54b550875cdf0bc46c240bb5a6868b2f039781ed8de0cfdacdb4493abec81,frame_sd of s0..s7
tall,mean,,4a,sky_deltaE_top_vs_haze,22.733847312780092,dE76,x0.02-0.20:y0.02-0.72,8fb54b550875cdf0bc46c240bb5a6868b2f039781ed8de0cfdacdb4493abec81,mean of s0..s7
tall,frame_sd,,4a,sky_deltaE_top_vs_haze,0.06718364155897529,dE76,x0.02-0.20:y0.02-0.72,8fb54b550875cdf0bc46c240bb5a6868b2f039781ed8de0cfdacdb4493abec81,frame_sd of s0..s7
tall,mean,,4a,sky_deltaE_mid_vs_sky_top,14.00794743809359,dE76,x0.02-0.20:y0.02-0.72,8fb54b550875cdf0bc46c240bb5a6868b2f039781ed8de0cfdacdb4493abec81,mean of s0..s7
tall,frame_sd,,4a,sky_deltaE_mid_vs_sky_top,0.08698987421335663,dE76,x0.02-0.20:y0.02-0.72,8fb54b550875cdf0bc46c240bb5a6868b2f039781ed8de0cfdacdb4493abec81,frame_sd of s0..s7
tall,mean,,4a,sky_deltaE_mid_vs_sky_mid,6.491843583258015,dE76,x0.02-0.20:y0.02-0.72,8fb54b550875cdf0bc46c240bb5a6868b2f039781ed8de0cfdacdb4493abec81,mean of s0..s7
tall,frame_sd,,4a,sky_deltaE_mid_vs_sky_mid,0.1102598882428256,dE76,x0.02-0.20:y0.02-0.72,8fb54b550875cdf0bc46c240bb5a6868b2f039781ed8de0cfdacdb4493abec81,frame_sd of s0..s7
tall,mean,,4a,sky_deltaE_mid_vs_sky_low,19.839606062687317,dE76,x0.02-0.20:y0.02-0.72,8fb54b550875cdf0bc46c240bb5a6868b2f039781ed8de0cfdacdb4493abec81,mean of s0..s7
tall,frame_sd,,4a,sky_deltaE_mid_vs_sky_low,0.08166388168053496,dE76,x0.02-0.20:y0.02-0.72,8fb54b550875cdf0bc46c240bb5a6868b2f039781ed8de0cfdacdb4493abec81,frame_sd of s0..s7
tall,mean,,4a,sky_deltaE_mid_vs_haze,12.416605275143494,dE76,x0.02-0.20:y0.02-0.72,8fb54b550875cdf0bc46c240bb5a6868b2f039781ed8de0cfdacdb4493abec81,mean of s0..s7
tall,frame_sd,,4a,sky_deltaE_mid_vs_haze,0.12486083838069903,dE76,x0.02-0.20:y0.02-0.72,8fb54b550875cdf0bc46c240bb5a6868b2f039781ed8de0cfdacdb4493abec81,frame_sd of s0..s7
tall,mean,,4a,sky_deltaE_horizon_vs_sky_top,34.61358909570201,dE76,x0.02-0.20:y0.02-0.72,8fb54b550875cdf0bc46c240bb5a6868b2f039781ed8de0cfdacdb4493abec81,mean of s0..s7
tall,frame_sd,,4a,sky_deltaE_horizon_vs_sky_top,0.09572374947331788,dE76,x0.02-0.20:y0.02-0.72,8fb54b550875cdf0bc46c240bb5a6868b2f039781ed8de0cfdacdb4493abec81,frame_sd of s0..s7
tall,mean,,4a,sky_deltaE_horizon_vs_sky_mid,16.941420823639152,dE76,x0.02-0.20:y0.02-0.72,8fb54b550875cdf0bc46c240bb5a6868b2f039781ed8de0cfdacdb4493abec81,mean of s0..s7
tall,frame_sd,,4a,sky_deltaE_horizon_vs_sky_mid,0.08761266187467455,dE76,x0.02-0.20:y0.02-0.72,8fb54b550875cdf0bc46c240bb5a6868b2f039781ed8de0cfdacdb4493abec81,frame_sd of s0..s7
tall,mean,,4a,sky_deltaE_horizon_vs_sky_low,3.0970421956304106,dE76,x0.02-0.20:y0.02-0.72,8fb54b550875cdf0bc46c240bb5a6868b2f039781ed8de0cfdacdb4493abec81,mean of s0..s7
tall,frame_sd,,4a,sky_deltaE_horizon_vs_sky_low,0.0852046436812035,dE76,x0.02-0.20:y0.02-0.72,8fb54b550875cdf0bc46c240bb5a6868b2f039781ed8de0cfdacdb4493abec81,frame_sd of s0..s7
tall,mean,,4a,sky_deltaE_horizon_vs_haze,21.40125663163831,dE76,x0.02-0.20:y0.02-0.72,8fb54b550875cdf0bc46c240bb5a6868b2f039781ed8de0cfdacdb4493abec81,mean of s0..s7
tall,frame_sd,,4a,sky_deltaE_horizon_vs_haze,0.0885008050026098,dE76,x0.02-0.20:y0.02-0.72,8fb54b550875cdf0bc46c240bb5a6868b2f039781ed8de0cfdacdb4493abec81,frame_sd of s0..s7
tall,mean,,4a,haze_deltaE_vs_haze_token,22.41963588256173,dE76,x0.02-0.35:y0.62-0.72,8fb54b550875cdf0bc46c240bb5a6868b2f039781ed8de0cfdacdb4493abec81,mean of s0..s7
tall,frame_sd,,4a,haze_deltaE_vs_haze_token,0.07018263932421778,dE76,x0.02-0.35:y0.62-0.72,8fb54b550875cdf0bc46c240bb5a6868b2f039781ed8de0cfdacdb4493abec81,frame_sd of s0..s7
tall,mean,,4a,sky_slope_R,1.9343327789140379,levels/%H,x0.02-0.20:y0.02-0.72,8fb54b550875cdf0bc46c240bb5a6868b2f039781ed8de0cfdacdb4493abec81,mean of s0..s7
tall,frame_sd,,4a,sky_slope_R,0.0031257440575415477,levels/%H,x0.02-0.20:y0.02-0.72,8fb54b550875cdf0bc46c240bb5a6868b2f039781ed8de0cfdacdb4493abec81,frame_sd of s0..s7
tall,mean,,4a,sky_r2_R,0.9792000120647276,1,x0.02-0.20:y0.02-0.72,8fb54b550875cdf0bc46c240bb5a6868b2f039781ed8de0cfdacdb4493abec81,mean of s0..s7
tall,frame_sd,,4a,sky_r2_R,0.00020016281247441735,1,x0.02-0.20:y0.02-0.72,8fb54b550875cdf0bc46c240bb5a6868b2f039781ed8de0cfdacdb4493abec81,frame_sd of s0..s7
tall,mean,,4a,sky_slope_G,1.6186769220653443,levels/%H,x0.02-0.20:y0.02-0.72,8fb54b550875cdf0bc46c240bb5a6868b2f039781ed8de0cfdacdb4493abec81,mean of s0..s7
tall,frame_sd,,4a,sky_slope_G,0.0035358145184958578,levels/%H,x0.02-0.20:y0.02-0.72,8fb54b550875cdf0bc46c240bb5a6868b2f039781ed8de0cfdacdb4493abec81,frame_sd of s0..s7
tall,mean,,4a,sky_r2_G,0.9917018481541029,1,x0.02-0.20:y0.02-0.72,8fb54b550875cdf0bc46c240bb5a6868b2f039781ed8de0cfdacdb4493abec81,mean of s0..s7
tall,frame_sd,,4a,sky_r2_G,0.00011341081487676181,1,x0.02-0.20:y0.02-0.72,8fb54b550875cdf0bc46c240bb5a6868b2f039781ed8de0cfdacdb4493abec81,frame_sd of s0..s7
tall,mean,,4a,sky_slope_B,1.3839131781774214,levels/%H,x0.02-0.20:y0.02-0.72,8fb54b550875cdf0bc46c240bb5a6868b2f039781ed8de0cfdacdb4493abec81,mean of s0..s7
tall,frame_sd,,4a,sky_slope_B,0.002947518363868228,levels/%H,x0.02-0.20:y0.02-0.72,8fb54b550875cdf0bc46c240bb5a6868b2f039781ed8de0cfdacdb4493abec81,frame_sd of s0..s7
tall,mean,,4a,sky_r2_B,0.9916167020055747,1,x0.02-0.20:y0.02-0.72,8fb54b550875cdf0bc46c240bb5a6868b2f039781ed8de0cfdacdb4493abec81,mean of s0..s7
tall,frame_sd,,4a,sky_r2_B,0.00026637954437047976,1,x0.02-0.20:y0.02-0.72,8fb54b550875cdf0bc46c240bb5a6868b2f039781ed8de0cfdacdb4493abec81,frame_sd of s0..s7
tall,mean,,4b,contrast_rms_D1,10.957436243900279,levels,x0.70-0.98:y0.55-0.80,8fb54b550875cdf0bc46c240bb5a6868b2f039781ed8de0cfdacdb4493abec81,mean of s0..s7
tall,frame_sd,,4b,contrast_rms_D1,3.865949375436904,levels,x0.70-0.98:y0.55-0.80,8fb54b550875cdf0bc46c240bb5a6868b2f039781ed8de0cfdacdb4493abec81,frame_sd of s0..s7
tall,mean,,4b,sat_S_D1,0.438435729665536,S,x0.70-0.98:y0.55-0.80,8fb54b550875cdf0bc46c240bb5a6868b2f039781ed8de0cfdacdb4493abec81,mean of s0..s7
tall,frame_sd,,4b,sat_S_D1,0.02411920807683399,S,x0.70-0.98:y0.55-0.80,8fb54b550875cdf0bc46c240bb5a6868b2f039781ed8de0cfdacdb4493abec81,frame_sd of s0..s7
tall,mean,,4b,value_V_D1,53.00474324207989,levels,x0.70-0.98:y0.55-0.80,8fb54b550875cdf0bc46c240bb5a6868b2f039781ed8de0cfdacdb4493abec81,mean of s0..s7
tall,frame_sd,,4b,value_V_D1,3.1740526750618785,levels,x0.70-0.98:y0.55-0.80,8fb54b550875cdf0bc46c240bb5a6868b2f039781ed8de0cfdacdb4493abec81,frame_sd of s0..s7
tall,mean,,4b,contrast_rms_D2,0.5620690934857179,levels,x0.02-0.35:y0.72-0.85,8fb54b550875cdf0bc46c240bb5a6868b2f039781ed8de0cfdacdb4493abec81,mean of s0..s7
tall,frame_sd,,4b,contrast_rms_D2,0.006944172919658661,levels,x0.02-0.35:y0.72-0.85,8fb54b550875cdf0bc46c240bb5a6868b2f039781ed8de0cfdacdb4493abec81,frame_sd of s0..s7
tall,mean,,4b,sat_S_D2,0.18540680751674635,S,x0.02-0.35:y0.72-0.85,8fb54b550875cdf0bc46c240bb5a6868b2f039781ed8de0cfdacdb4493abec81,mean of s0..s7
tall,frame_sd,,4b,sat_S_D2,0.0005024980232003635,S,x0.02-0.35:y0.72-0.85,8fb54b550875cdf0bc46c240bb5a6868b2f039781ed8de0cfdacdb4493abec81,frame_sd of s0..s7
tall,mean,,4b,value_V_D2,192.1939151795878,levels,x0.02-0.35:y0.72-0.85,8fb54b550875cdf0bc46c240bb5a6868b2f039781ed8de0cfdacdb4493abec81,mean of s0..s7
tall,frame_sd,,4b,value_V_D2,0.22054924966410383,levels,x0.02-0.35:y0.72-0.85,8fb54b550875cdf0bc46c240bb5a6868b2f039781ed8de0cfdacdb4493abec81,frame_sd of s0..s7
tall,mean,,4b,contrast_rms_D3,0.4278068519897599,levels,x0.02-0.35:y0.62-0.72,8fb54b550875cdf0bc46c240bb5a6868b2f039781ed8de0cfdacdb4493abec81,mean of s0..s7
tall,frame_sd,,4b,contrast_rms_D3,0.007932804846275222,levels,x0.02-0.35:y0.62-0.72,8fb54b550875cdf0bc46c240bb5a6868b2f039781ed8de0cfdacdb4493abec81,frame_sd of s0..s7
tall,mean,,4b,sat_S_D3,0.11495797455160295,S,x0.02-0.35:y0.62-0.72,8fb54b550875cdf0bc46c240bb5a6868b2f039781ed8de0cfdacdb4493abec81,mean of s0..s7
tall,frame_sd,,4b,sat_S_D3,0.0003833750003496854,S,x0.02-0.35:y0.62-0.72,8fb54b550875cdf0bc46c240bb5a6868b2f039781ed8de0cfdacdb4493abec81,frame_sd of s0..s7
tall,mean,,4b,value_V_D3,208.74156019898317,levels,x0.02-0.35:y0.62-0.72,8fb54b550875cdf0bc46c240bb5a6868b2f039781ed8de0cfdacdb4493abec81,mean of s0..s7
tall,frame_sd,,4b,value_V_D3,0.20153311774500385,levels,x0.02-0.35:y0.62-0.72,8fb54b550875cdf0bc46c240bb5a6868b2f039781ed8de0cfdacdb4493abec81,frame_sd of s0..s7
tall,mean,,4b,falloff_rms_D2_D1,0.0568555855287494,ratio,x0.02-0.35:y0.72-0.85,8fb54b550875cdf0bc46c240bb5a6868b2f039781ed8de0cfdacdb4493abec81,mean of s0..s7
tall,frame_sd,,4b,falloff_rms_D2_D1,0.016502902418440366,ratio,x0.02-0.35:y0.72-0.85,8fb54b550875cdf0bc46c240bb5a6868b2f039781ed8de0cfdacdb4493abec81,frame_sd of s0..s7
tall,mean,,4b,falloff_rms_D3_D1,0.04325434201766174,ratio,x0.02-0.35:y0.62-0.72,8fb54b550875cdf0bc46c240bb5a6868b2f039781ed8de0cfdacdb4493abec81,mean of s0..s7
tall,frame_sd,,4b,falloff_rms_D3_D1,0.012568616207306316,ratio,x0.02-0.35:y0.62-0.72,8fb54b550875cdf0bc46c240bb5a6868b2f039781ed8de0cfdacdb4493abec81,frame_sd of s0..s7
tall,mean,,4b,falloff_sat_D2_D1,0.42415182247976063,ratio,x0.02-0.35:y0.72-0.85,8fb54b550875cdf0bc46c240bb5a6868b2f039781ed8de0cfdacdb4493abec81,mean of s0..s7
tall,frame_sd,,4b,falloff_sat_D2_D1,0.02314711037760776,ratio,x0.02-0.35:y0.72-0.85,8fb54b550875cdf0bc46c240bb5a6868b2f039781ed8de0cfdacdb4493abec81,frame_sd of s0..s7
tall,mean,,4b,falloff_sat_D3_D1,0.2629875291395899,ratio,x0.02-0.35:y0.62-0.72,8fb54b550875cdf0bc46c240bb5a6868b2f039781ed8de0cfdacdb4493abec81,mean of s0..s7
tall,frame_sd,,4b,falloff_sat_D3_D1,0.01437605535178163,ratio,x0.02-0.35:y0.62-0.72,8fb54b550875cdf0bc46c240bb5a6868b2f039781ed8de0cfdacdb4493abec81,frame_sd of s0..s7
tall,mean,,4c,bloom_peak_L,199.67680000000001,levels,x0.50-0.75:y0.30-0.55,8fb54b550875cdf0bc46c240bb5a6868b2f039781ed8de0cfdacdb4493abec81,mean of s0..s7
tall,frame_sd,,4c,bloom_peak_L,16.408444487214503,levels,x0.50-0.75:y0.30-0.55,8fb54b550875cdf0bc46c240bb5a6868b2f039781ed8de0cfdacdb4493abec81,frame_sd of s0..s7
tall,mean,,4c,bloom_bg_L,141.64425,levels,x0.50-0.75:y0.30-0.55,8fb54b550875cdf0bc46c240bb5a6868b2f039781ed8de0cfdacdb4493abec81,mean of s0..s7
tall,frame_sd,,4c,bloom_bg_L,0.47408758420780317,levels,x0.50-0.75:y0.30-0.55,8fb54b550875cdf0bc46c240bb5a6868b2f039781ed8de0cfdacdb4493abec81,frame_sd of s0..s7
tall,mean,,4c,bloom_peak_bg_ratio,1.4099687351622574,ratio,x0.50-0.75:y0.30-0.55,8fb54b550875cdf0bc46c240bb5a6868b2f039781ed8de0cfdacdb4493abec81,mean of s0..s7
tall,frame_sd,,4c,bloom_peak_bg_ratio,0.11882904758450365,ratio,x0.50-0.75:y0.30-0.55,8fb54b550875cdf0bc46c240bb5a6868b2f039781ed8de0cfdacdb4493abec81,frame_sd of s0..s7
tall,mean,,4c,bloom_r50_px,0.8285649153256961,px,x0.50-0.75:y0.30-0.55,8fb54b550875cdf0bc46c240bb5a6868b2f039781ed8de0cfdacdb4493abec81,mean of s0..s7
tall,frame_sd,,4c,bloom_r50_px,0.4215187273421397,px,x0.50-0.75:y0.30-0.55,8fb54b550875cdf0bc46c240bb5a6868b2f039781ed8de0cfdacdb4493abec81,frame_sd of s0..s7
tall,mean,,4c,bloom_r50_pctH,0.021577211336606672,%H,x0.50-0.75:y0.30-0.55,8fb54b550875cdf0bc46c240bb5a6868b2f039781ed8de0cfdacdb4493abec81,mean of s0..s7
tall,frame_sd,,4c,bloom_r50_pctH,0.010977050191201555,%H,x0.50-0.75:y0.30-0.55,8fb54b550875cdf0bc46c240bb5a6868b2f039781ed8de0cfdacdb4493abec81,frame_sd of s0..s7
tall,mean,,4c,bloom_falloff_10_90_px,1.12303936790345,px,x0.50-0.75:y0.30-0.55,8fb54b550875cdf0bc46c240bb5a6868b2f039781ed8de0cfdacdb4493abec81,mean of s0..s7
tall,frame_sd,,4c,bloom_falloff_10_90_px,0.46403888211903005,px,x0.50-0.75:y0.30-0.55,8fb54b550875cdf0bc46c240bb5a6868b2f039781ed8de0cfdacdb4493abec81,frame_sd of s0..s7
tall,mean,,4d,shadow_p0_1,1.619025,levels,x0.55-1.00:y0.72-0.90,8fb54b550875cdf0bc46c240bb5a6868b2f039781ed8de0cfdacdb4493abec81,mean of s0..s7
tall,frame_sd,,4d,shadow_p0_1,0.5131109571769054,levels,x0.55-1.00:y0.72-0.90,8fb54b550875cdf0bc46c240bb5a6868b2f039781ed8de0cfdacdb4493abec81,frame_sd of s0..s7
tall,mean,,4d,shadow_p1,2.9681,levels,x0.55-1.00:y0.72-0.90,8fb54b550875cdf0bc46c240bb5a6868b2f039781ed8de0cfdacdb4493abec81,mean of s0..s7
tall,frame_sd,,4d,shadow_p1,0.6830658753004719,levels,x0.55-1.00:y0.72-0.90,8fb54b550875cdf0bc46c240bb5a6868b2f039781ed8de0cfdacdb4493abec81,frame_sd of s0..s7
tall,mean,,4d,shadow_p5,6.6339999999999995,levels,x0.55-1.00:y0.72-0.90,8fb54b550875cdf0bc46c240bb5a6868b2f039781ed8de0cfdacdb4493abec81,mean of s0..s7
tall,frame_sd,,4d,shadow_p5,0.9813752289516987,levels,x0.55-1.00:y0.72-0.90,8fb54b550875cdf0bc46c240bb5a6868b2f039781ed8de0cfdacdb4493abec81,frame_sd of s0..s7
tall,mean,,4d,shadow_p50,29.35465,levels,x0.55-1.00:y0.72-0.90,8fb54b550875cdf0bc46c240bb5a6868b2f039781ed8de0cfdacdb4493abec81,mean of s0..s7
tall,frame_sd,,4d,shadow_p50,7.430996276240488,levels,x0.55-1.00:y0.72-0.90,8fb54b550875cdf0bc46c240bb5a6868b2f039781ed8de0cfdacdb4493abec81,frame_sd of s0..s7
tall,mean,,4d,shadow_min,0.261725,levels,x0.55-1.00:y0.72-0.90,8fb54b550875cdf0bc46c240bb5a6868b2f039781ed8de0cfdacdb4493abec81,mean of s0..s7
tall,frame_sd,,4d,shadow_min,0.301899402740383,levels,x0.55-1.00:y0.72-0.90,8fb54b550875cdf0bc46c240bb5a6868b2f039781ed8de0cfdacdb4493abec81,frame_sd of s0..s7
tall,mean,,4d,shadow_floor_lifted,0,bool,x0.55-1.00:y0.72-0.90,8fb54b550875cdf0bc46c240bb5a6868b2f039781ed8de0cfdacdb4493abec81,mean of s0..s7
tall,frame_sd,,4d,shadow_floor_lifted,0,bool,x0.55-1.00:y0.72-0.90,8fb54b550875cdf0bc46c240bb5a6868b2f039781ed8de0cfdacdb4493abec81,frame_sd of s0..s7
tall,mean,,4e,dof_lapvar_D1,380.59942873123333,levels2,x0.70-0.98:y0.55-0.80,8fb54b550875cdf0bc46c240bb5a6868b2f039781ed8de0cfdacdb4493abec81,mean of s0..s7
tall,frame_sd,,4e,dof_lapvar_D1,315.493047067521,levels2,x0.70-0.98:y0.55-0.80,8fb54b550875cdf0bc46c240bb5a6868b2f039781ed8de0cfdacdb4493abec81,frame_sd of s0..s7
tall,mean,,4e,dof_lapvar_D2,1.0364763905480232,levels2,x0.02-0.35:y0.72-0.85,8fb54b550875cdf0bc46c240bb5a6868b2f039781ed8de0cfdacdb4493abec81,mean of s0..s7
tall,frame_sd,,4e,dof_lapvar_D2,0.0208510199484472,levels2,x0.02-0.35:y0.72-0.85,8fb54b550875cdf0bc46c240bb5a6868b2f039781ed8de0cfdacdb4493abec81,frame_sd of s0..s7
tall,mean,,4e,dof_lapvar_D3,0.8324208186690578,levels2,x0.02-0.35:y0.62-0.72,8fb54b550875cdf0bc46c240bb5a6868b2f039781ed8de0cfdacdb4493abec81,mean of s0..s7
tall,frame_sd,,4e,dof_lapvar_D3,0.03361970522522387,levels2,x0.02-0.35:y0.62-0.72,8fb54b550875cdf0bc46c240bb5a6868b2f039781ed8de0cfdacdb4493abec81,frame_sd of s0..s7
tall,mean,,4e,dof_ratio_D1_D2,365.6192862299822,ratio,x0.02-0.35:y0.72-0.85,8fb54b550875cdf0bc46c240bb5a6868b2f039781ed8de0cfdacdb4493abec81,mean of s0..s7
tall,frame_sd,,4e,dof_ratio_D1_D2,299.16810599140763,ratio,x0.02-0.35:y0.72-0.85,8fb54b550875cdf0bc46c240bb5a6868b2f039781ed8de0cfdacdb4493abec81,frame_sd of s0..s7
tall,mean,,4e,dof_sigma_D2_px,2.4468231201171875,px,x0.02-0.35:y0.72-0.85,8fb54b550875cdf0bc46c240bb5a6868b2f039781ed8de0cfdacdb4493abec81,mean of s0..s7
tall,frame_sd,,4e,dof_sigma_D2_px,0.46539235974867904,px,x0.02-0.35:y0.72-0.85,8fb54b550875cdf0bc46c240bb5a6868b2f039781ed8de0cfdacdb4493abec81,frame_sd of s0..s7
tall,mean,,4e,dof_sigma_D2_pctH,0.06371935208638509,%H,x0.02-0.35:y0.72-0.85,8fb54b550875cdf0bc46c240bb5a6868b2f039781ed8de0cfdacdb4493abec81,mean of s0..s7
tall,frame_sd,,4e,dof_sigma_D2_pctH,0.012119592701788518,%H,x0.02-0.35:y0.72-0.85,8fb54b550875cdf0bc46c240bb5a6868b2f039781ed8de0cfdacdb4493abec81,frame_sd of s0..s7
tall,mean,,4e,dof_sigma_D3_px,2.6068878173828125,px,x0.02-0.35:y0.62-0.72,8fb54b550875cdf0bc46c240bb5a6868b2f039781ed8de0cfdacdb4493abec81,mean of s0..s7
tall,frame_sd,,4e,dof_sigma_D3_px,0.4800258798839463,px,x0.02-0.35:y0.62-0.72,8fb54b550875cdf0bc46c240bb5a6868b2f039781ed8de0cfdacdb4493abec81,frame_sd of s0..s7
tall,mean,,4e,dof_sigma_D3_pctH,0.0678877035776774,%H,x0.02-0.35:y0.62-0.72,8fb54b550875cdf0bc46c240bb5a6868b2f039781ed8de0cfdacdb4493abec81,mean of s0..s7
tall,frame_sd,,4e,dof_sigma_D3_pctH,0.0125006739553111,%H,x0.02-0.35:y0.62-0.72,8fb54b550875cdf0bc46c240bb5a6868b2f039781ed8de0cfdacdb4493abec81,frame_sd of s0..s7
tall,mean,,4f,grain_sigma_R,0.2983552523839056,levels,x0.02-0.35:y0.02-0.45,8fb54b550875cdf0bc46c240bb5a6868b2f039781ed8de0cfdacdb4493abec81,mean of s0..s7
tall,frame_sd,,4f,grain_sigma_R,0.007510571685740125,levels,x0.02-0.35:y0.02-0.45,8fb54b550875cdf0bc46c240bb5a6868b2f039781ed8de0cfdacdb4493abec81,frame_sd of s0..s7
tall,mean,,4f,grain_sigma_G,0.27177325676649766,levels,x0.02-0.35:y0.02-0.45,8fb54b550875cdf0bc46c240bb5a6868b2f039781ed8de0cfdacdb4493abec81,mean of s0..s7
tall,frame_sd,,4f,grain_sigma_G,0.004073059922279057,levels,x0.02-0.35:y0.02-0.45,8fb54b550875cdf0bc46c240bb5a6868b2f039781ed8de0cfdacdb4493abec81,frame_sd of s0..s7
tall,mean,,4f,grain_sigma_B,0.33115904874506485,levels,x0.02-0.35:y0.02-0.45,8fb54b550875cdf0bc46c240bb5a6868b2f039781ed8de0cfdacdb4493abec81,mean of s0..s7
tall,frame_sd,,4f,grain_sigma_B,0.007095373097890054,levels,x0.02-0.35:y0.02-0.45,8fb54b550875cdf0bc46c240bb5a6868b2f039781ed8de0cfdacdb4493abec81,frame_sd of s0..s7
tall,mean,,4f,grain_acf_halfmax_x,2,px,x0.02-0.35:y0.02-0.45,8fb54b550875cdf0bc46c240bb5a6868b2f039781ed8de0cfdacdb4493abec81,mean of s0..s7
tall,frame_sd,,4f,grain_acf_halfmax_x,0,px,x0.02-0.35:y0.02-0.45,8fb54b550875cdf0bc46c240bb5a6868b2f039781ed8de0cfdacdb4493abec81,frame_sd of s0..s7
tall,mean,,4f,grain_acf_zerocross_x,56.375,px,x0.02-0.35:y0.02-0.45,8fb54b550875cdf0bc46c240bb5a6868b2f039781ed8de0cfdacdb4493abec81,mean of s0..s7
tall,frame_sd,,4f,grain_acf_zerocross_x,99.38427629660539,px,x0.02-0.35:y0.02-0.45,8fb54b550875cdf0bc46c240bb5a6868b2f039781ed8de0cfdacdb4493abec81,frame_sd of s0..s7
tall,mean,,4f,grain_acf_halfmax_y,2,px,x0.02-0.35:y0.02-0.45,8fb54b550875cdf0bc46c240bb5a6868b2f039781ed8de0cfdacdb4493abec81,mean of s0..s7
tall,frame_sd,,4f,grain_acf_halfmax_y,0,px,x0.02-0.35:y0.02-0.45,8fb54b550875cdf0bc46c240bb5a6868b2f039781ed8de0cfdacdb4493abec81,frame_sd of s0..s7
tall,mean,,4f,grain_acf_zerocross_y,4,px,x0.02-0.35:y0.02-0.45,8fb54b550875cdf0bc46c240bb5a6868b2f039781ed8de0cfdacdb4493abec81,mean of s0..s7
tall,frame_sd,,4f,grain_acf_zerocross_y,0,px,x0.02-0.35:y0.02-0.45,8fb54b550875cdf0bc46c240bb5a6868b2f039781ed8de0cfdacdb4493abec81,frame_sd of s0..s7
tall,mean,,4g,palette_turf_meanS,0.476943779459396,S,x0.55-1.00:y0.45-0.90,8fb54b550875cdf0bc46c240bb5a6868b2f039781ed8de0cfdacdb4493abec81,mean of s0..s7
tall,frame_sd,,4g,palette_turf_meanS,0.06078898972888912,S,x0.55-1.00:y0.45-0.90,8fb54b550875cdf0bc46c240bb5a6868b2f039781ed8de0cfdacdb4493abec81,frame_sd of s0..s7
tall,mean,,4g,palette_turf_meanV,58.30048087611078,levels,x0.55-1.00:y0.45-0.90,8fb54b550875cdf0bc46c240bb5a6868b2f039781ed8de0cfdacdb4493abec81,mean of s0..s7
tall,frame_sd,,4g,palette_turf_meanV,3.2455529139083397,levels,x0.55-1.00:y0.45-0.90,8fb54b550875cdf0bc46c240bb5a6868b2f039781ed8de0cfdacdb4493abec81,frame_sd of s0..s7
tall,mean,,4g,palette_turf_share,0.12378619268255889,fraction,x0.55-1.00:y0.45-0.90,8fb54b550875cdf0bc46c240bb5a6868b2f039781ed8de0cfdacdb4493abec81,mean of s0..s7
tall,frame_sd,,4g,palette_turf_share,0.026075742994905914,fraction,x0.55-1.00:y0.45-0.90,8fb54b550875cdf0bc46c240bb5a6868b2f039781ed8de0cfdacdb4493abec81,frame_sd of s0..s7
tall,mean,,4g,palette_turf_k1_share,0.5655206042250256,fraction,x0.55-1.00:y0.45-0.90,8fb54b550875cdf0bc46c240bb5a6868b2f039781ed8de0cfdacdb4493abec81,mean of s0..s7
tall,frame_sd,,4g,palette_turf_k1_share,0.037656986914278934,fraction,x0.55-1.00:y0.45-0.90,8fb54b550875cdf0bc46c240bb5a6868b2f039781ed8de0cfdacdb4493abec81,frame_sd of s0..s7
tall,mean,,4g,palette_turf_k2_share,0.32125750520689034,fraction,x0.55-1.00:y0.45-0.90,8fb54b550875cdf0bc46c240bb5a6868b2f039781ed8de0cfdacdb4493abec81,mean of s0..s7
tall,frame_sd,,4g,palette_turf_k2_share,0.029679789967220278,fraction,x0.55-1.00:y0.45-0.90,8fb54b550875cdf0bc46c240bb5a6868b2f039781ed8de0cfdacdb4493abec81,frame_sd of s0..s7
tall,mean,,4g,palette_turf_k3_share,0.11322189056808399,fraction,x0.55-1.00:y0.45-0.90,8fb54b550875cdf0bc46c240bb5a6868b2f039781ed8de0cfdacdb4493abec81,mean of s0..s7
tall,frame_sd,,4g,palette_turf_k3_share,0.03065614398714196,fraction,x0.55-1.00:y0.45-0.90,8fb54b550875cdf0bc46c240bb5a6868b2f039781ed8de0cfdacdb4493abec81,frame_sd of s0..s7
tall,mean,,4g,palette_moss_meanS,0.633540857021271,S,x0.55-1.00:y0.45-0.90,8fb54b550875cdf0bc46c240bb5a6868b2f039781ed8de0cfdacdb4493abec81,mean of s0..s7
tall,frame_sd,,4g,palette_moss_meanS,0.03397170903589518,S,x0.55-1.00:y0.45-0.90,8fb54b550875cdf0bc46c240bb5a6868b2f039781ed8de0cfdacdb4493abec81,frame_sd of s0..s7
tall,mean,,4g,palette_moss_meanV,69.51468567551372,levels,x0.55-1.00:y0.45-0.90,8fb54b550875cdf0bc46c240bb5a6868b2f039781ed8de0cfdacdb4493abec81,mean of s0..s7
tall,frame_sd,,4g,palette_moss_meanV,6.771259162021471,levels,x0.55-1.00:y0.45-0.90,8fb54b550875cdf0bc46c240bb5a6868b2f039781ed8de0cfdacdb4493abec81,frame_sd of s0..s7
tall,mean,,4g,palette_moss_share,0.12326962579219243,fraction,x0.55-1.00:y0.45-0.90,8fb54b550875cdf0bc46c240bb5a6868b2f039781ed8de0cfdacdb4493abec81,mean of s0..s7
tall,frame_sd,,4g,palette_moss_share,0.026346573331639554,fraction,x0.55-1.00:y0.45-0.90,8fb54b550875cdf0bc46c240bb5a6868b2f039781ed8de0cfdacdb4493abec81,frame_sd of s0..s7
tall,mean,,4g,palette_moss_k1_share,0.4571884400149576,fraction,x0.55-1.00:y0.45-0.90,8fb54b550875cdf0bc46c240bb5a6868b2f039781ed8de0cfdacdb4493abec81,mean of s0..s7
tall,frame_sd,,4g,palette_moss_k1_share,0.029224239191642805,fraction,x0.55-1.00:y0.45-0.90,8fb54b550875cdf0bc46c240bb5a6868b2f039781ed8de0cfdacdb4493abec81,frame_sd of s0..s7
tall,mean,,4g,palette_moss_k2_share,0.38009384349668285,fraction,x0.55-1.00:y0.45-0.90,8fb54b550875cdf0bc46c240bb5a6868b2f039781ed8de0cfdacdb4493abec81,mean of s0..s7
tall,frame_sd,,4g,palette_moss_k2_share,0.025212327961814288,fraction,x0.55-1.00:y0.45-0.90,8fb54b550875cdf0bc46c240bb5a6868b2f039781ed8de0cfdacdb4493abec81,frame_sd of s0..s7
tall,mean,,4g,palette_moss_k3_share,0.16271771648835953,fraction,x0.55-1.00:y0.45-0.90,8fb54b550875cdf0bc46c240bb5a6868b2f039781ed8de0cfdacdb4493abec81,mean of s0..s7
tall,frame_sd,,4g,palette_moss_k3_share,0.024913731654430466,fraction,x0.55-1.00:y0.45-0.90,8fb54b550875cdf0bc46c240bb5a6868b2f039781ed8de0cfdacdb4493abec81,frame_sd of s0..s7
tall,mean,,4g,palette_soil_meanS,0.3416508409683615,S,x0.55-1.00:y0.45-0.90,8fb54b550875cdf0bc46c240bb5a6868b2f039781ed8de0cfdacdb4493abec81,mean of s0..s7
tall,frame_sd,,4g,palette_soil_meanS,0.025287530418628912,S,x0.55-1.00:y0.45-0.90,8fb54b550875cdf0bc46c240bb5a6868b2f039781ed8de0cfdacdb4493abec81,frame_sd of s0..s7
tall,mean,,4g,palette_soil_meanV,45.92301552357157,levels,x0.55-1.00:y0.45-0.90,8fb54b550875cdf0bc46c240bb5a6868b2f039781ed8de0cfdacdb4493abec81,mean of s0..s7
tall,frame_sd,,4g,palette_soil_meanV,4.940505608492558,levels,x0.55-1.00:y0.45-0.90,8fb54b550875cdf0bc46c240bb5a6868b2f039781ed8de0cfdacdb4493abec81,frame_sd of s0..s7
tall,mean,,4g,palette_soil_share,0.37196083392134993,fraction,x0.55-1.00:y0.45-0.90,8fb54b550875cdf0bc46c240bb5a6868b2f039781ed8de0cfdacdb4493abec81,mean of s0..s7
tall,frame_sd,,4g,palette_soil_share,0.040137425294082214,fraction,x0.55-1.00:y0.45-0.90,8fb54b550875cdf0bc46c240bb5a6868b2f039781ed8de0cfdacdb4493abec81,frame_sd of s0..s7
tall,mean,,4g,palette_soil_k1_share,0.642514658140634,fraction,x0.55-1.00:y0.45-0.90,8fb54b550875cdf0bc46c240bb5a6868b2f039781ed8de0cfdacdb4493abec81,mean of s0..s7
tall,frame_sd,,4g,palette_soil_k1_share,0.03004823447256926,fraction,x0.55-1.00:y0.45-0.90,8fb54b550875cdf0bc46c240bb5a6868b2f039781ed8de0cfdacdb4493abec81,frame_sd of s0..s7
tall,mean,,4g,palette_soil_k2_share,0.2621240646359044,fraction,x0.55-1.00:y0.45-0.90,8fb54b550875cdf0bc46c240bb5a6868b2f039781ed8de0cfdacdb4493abec81,mean of s0..s7
tall,frame_sd,,4g,palette_soil_k2_share,0.03536862943333345,fraction,x0.55-1.00:y0.45-0.90,8fb54b550875cdf0bc46c240bb5a6868b2f039781ed8de0cfdacdb4493abec81,frame_sd of s0..s7
tall,mean,,4g,palette_soil_k3_share,0.09536127722346162,fraction,x0.55-1.00:y0.45-0.90,8fb54b550875cdf0bc46c240bb5a6868b2f039781ed8de0cfdacdb4493abec81,mean of s0..s7
tall,frame_sd,,4g,palette_soil_k3_share,0.02757718223851719,fraction,x0.55-1.00:y0.45-0.90,8fb54b550875cdf0bc46c240bb5a6868b2f039781ed8de0cfdacdb4493abec81,frame_sd of s0..s7
tall,mean,,4g,palette_pebble_meanS,0.5101857202518438,S,x0.55-1.00:y0.45-0.90,8fb54b550875cdf0bc46c240bb5a6868b2f039781ed8de0cfdacdb4493abec81,mean of s0..s7
tall,frame_sd,,4g,palette_pebble_meanS,0.04485345435299517,S,x0.55-1.00:y0.45-0.90,8fb54b550875cdf0bc46c240bb5a6868b2f039781ed8de0cfdacdb4493abec81,frame_sd of s0..s7
tall,mean,,4g,palette_pebble_meanV,40.96059304162094,levels,x0.55-1.00:y0.45-0.90,8fb54b550875cdf0bc46c240bb5a6868b2f039781ed8de0cfdacdb4493abec81,mean of s0..s7
tall,frame_sd,,4g,palette_pebble_meanV,5.139717675963072,levels,x0.55-1.00:y0.45-0.90,8fb54b550875cdf0bc46c240bb5a6868b2f039781ed8de0cfdacdb4493abec81,frame_sd of s0..s7
tall,mean,,4g,palette_pebble_share,0.037444566042959544,fraction,x0.55-1.00:y0.45-0.90,8fb54b550875cdf0bc46c240bb5a6868b2f039781ed8de0cfdacdb4493abec81,mean of s0..s7
tall,frame_sd,,4g,palette_pebble_share,0.015592661282445854,fraction,x0.55-1.00:y0.45-0.90,8fb54b550875cdf0bc46c240bb5a6868b2f039781ed8de0cfdacdb4493abec81,frame_sd of s0..s7
tall,mean,,4g,palette_pebble_k1_share,0.528193638644155,fraction,x0.55-1.00:y0.45-0.90,8fb54b550875cdf0bc46c240bb5a6868b2f039781ed8de0cfdacdb4493abec81,mean of s0..s7
tall,frame_sd,,4g,palette_pebble_k1_share,0.06774109760247539,fraction,x0.55-1.00:y0.45-0.90,8fb54b550875cdf0bc46c240bb5a6868b2f039781ed8de0cfdacdb4493abec81,frame_sd of s0..s7
tall,mean,,4g,palette_pebble_k2_share,0.3431592970640792,fraction,x0.55-1.00:y0.45-0.90,8fb54b550875cdf0bc46c240bb5a6868b2f039781ed8de0cfdacdb4493abec81,mean of s0..s7
tall,frame_sd,,4g,palette_pebble_k2_share,0.046056363748356574,fraction,x0.55-1.00:y0.45-0.90,8fb54b550875cdf0bc46c240bb5a6868b2f039781ed8de0cfdacdb4493abec81,frame_sd of s0..s7
tall,mean,,4g,palette_pebble_k3_share,0.12864706429176576,fraction,x0.55-1.00:y0.45-0.90,8fb54b550875cdf0bc46c240bb5a6868b2f039781ed8de0cfdacdb4493abec81,mean of s0..s7
tall,frame_sd,,4g,palette_pebble_k3_share,0.03167430571864879,fraction,x0.55-1.00:y0.45-0.90,8fb54b550875cdf0bc46c240bb5a6868b2f039781ed8de0cfdacdb4493abec81,frame_sd of s0..s7
tall,mean,,4g,palette_basalt_meanS,0.5470850664387173,S,x0.55-1.00:y0.45-0.90,8fb54b550875cdf0bc46c240bb5a6868b2f039781ed8de0cfdacdb4493abec81,mean of s0..s7
tall,frame_sd,,4g,palette_basalt_meanS,0.03266427070063039,S,x0.55-1.00:y0.45-0.90,8fb54b550875cdf0bc46c240bb5a6868b2f039781ed8de0cfdacdb4493abec81,frame_sd of s0..s7
tall,mean,,4g,palette_basalt_meanV,17.525173800762005,levels,x0.55-1.00:y0.45-0.90,8fb54b550875cdf0bc46c240bb5a6868b2f039781ed8de0cfdacdb4493abec81,mean of s0..s7
tall,frame_sd,,4g,palette_basalt_meanV,0.990434744244033,levels,x0.55-1.00:y0.45-0.90,8fb54b550875cdf0bc46c240bb5a6868b2f039781ed8de0cfdacdb4493abec81,frame_sd of s0..s7
tall,mean,,4g,palette_basalt_share,0.2488714843778833,fraction,x0.55-1.00:y0.45-0.90,8fb54b550875cdf0bc46c240bb5a6868b2f039781ed8de0cfdacdb4493abec81,mean of s0..s7
tall,frame_sd,,4g,palette_basalt_share,0.026676804194943986,fraction,x0.55-1.00:y0.45-0.90,8fb54b550875cdf0bc46c240bb5a6868b2f039781ed8de0cfdacdb4493abec81,frame_sd of s0..s7
tall,mean,,4g,palette_basalt_k1_share,0.41549740274399966,fraction,x0.55-1.00:y0.45-0.90,8fb54b550875cdf0bc46c240bb5a6868b2f039781ed8de0cfdacdb4493abec81,mean of s0..s7
tall,frame_sd,,4g,palette_basalt_k1_share,0.03498981857849093,fraction,x0.55-1.00:y0.45-0.90,8fb54b550875cdf0bc46c240bb5a6868b2f039781ed8de0cfdacdb4493abec81,frame_sd of s0..s7
tall,mean,,4g,palette_basalt_k2_share,0.3440182926618295,fraction,x0.55-1.00:y0.45-0.90,8fb54b550875cdf0bc46c240bb5a6868b2f039781ed8de0cfdacdb4493abec81,mean of s0..s7
tall,frame_sd,,4g,palette_basalt_k2_share,0.022853962296063,fraction,x0.55-1.00:y0.45-0.90,8fb54b550875cdf0bc46c240bb5a6868b2f039781ed8de0cfdacdb4493abec81,frame_sd of s0..s7
tall,mean,,4g,palette_basalt_k3_share,0.24048430459417086,fraction,x0.55-1.00:y0.45-0.90,8fb54b550875cdf0bc46c240bb5a6868b2f039781ed8de0cfdacdb4493abec81,mean of s0..s7
tall,frame_sd,,4g,palette_basalt_k3_share,0.05150485582201252,fraction,x0.55-1.00:y0.45-0.90,8fb54b550875cdf0bc46c240bb5a6868b2f039781ed8de0cfdacdb4493abec81,frame_sd of s0..s7
tall,mean,,4g,palette_turf_vs_517046_deltaE,28.100550751573287,dE76,x0.55-1.00:y0.45-0.90,8fb54b550875cdf0bc46c240bb5a6868b2f039781ed8de0cfdacdb4493abec81,mean of s0..s7
tall,frame_sd,,4g,palette_turf_vs_517046_deltaE,1.7098855588523172,dE76,x0.55-1.00:y0.45-0.90,8fb54b550875cdf0bc46c240bb5a6868b2f039781ed8de0cfdacdb4493abec81,frame_sd of s0..s7
tall,mean,,4g,palette_basalt_vs_474B59_deltaE,29.520682354042172,dE76,x0.55-1.00:y0.45-0.90,8fb54b550875cdf0bc46c240bb5a6868b2f039781ed8de0cfdacdb4493abec81,mean of s0..s7
tall,frame_sd,,4g,palette_basalt_vs_474B59_deltaE,0.2803111415806837,dE76,x0.55-1.00:y0.45-0.90,8fb54b550875cdf0bc46c240bb5a6868b2f039781ed8de0cfdacdb4493abec81,frame_sd of s0..s7
tall,mean,,4h,conifer_dark_area_pct,28.234407316672183,%,x0.62-0.95:y0.44-0.62,8fb54b550875cdf0bc46c240bb5a6868b2f039781ed8de0cfdacdb4493abec81,mean of s0..s7
tall,frame_sd,,4h,conifer_dark_area_pct,1.9192980332898897,%,x0.62-0.95:y0.44-0.62,8fb54b550875cdf0bc46c240bb5a6868b2f039781ed8de0cfdacdb4493abec81,frame_sd of s0..s7
tall,mean,,4h,conifer_edge_density,0.35171728068555236,fraction,x0.62-0.95:y0.44-0.62,8fb54b550875cdf0bc46c240bb5a6868b2f039781ed8de0cfdacdb4493abec81,mean of s0..s7
tall,frame_sd,,4h,conifer_edge_density,0.06467997257272935,fraction,x0.62-0.95:y0.44-0.62,8fb54b550875cdf0bc46c240bb5a6868b2f039781ed8de0cfdacdb4493abec81,frame_sd of s0..s7
tall,0,0,4i,cloud_band_y_pctH,84.140625,%H,x0.05-0.45:y0.72-0.95,8fb54b550875cdf0bc46c240bb5a6868b2f039781ed8de0cfdacdb4493abec81,
tall,0,0,4i,cloud_texture_zero_x_px,432,px,x0.05-0.45:y0.72-0.95,8fb54b550875cdf0bc46c240bb5a6868b2f039781ed8de0cfdacdb4493abec81,first zero of 2-D autocorrelation along x
tall,0,0,4i,cloud_texture_zero_y_px,164,px,x0.05-0.45:y0.72-0.95,8fb54b550875cdf0bc46c240bb5a6868b2f039781ed8de0cfdacdb4493abec81,first zero of 2-D autocorrelation along y
tall,0,0,4i,drift_dx_px,-0.05067501364042062,px,x0.05-0.45:y0.72-0.95,8fb54b550875cdf0bc46c240bb5a6868b2f039781ed8de0cfdacdb4493abec81,pair s0->s7 dt=28.35s
tall,0,0,4i,drift_dy_px,-0.5072804024377687,px,x0.05-0.45:y0.72-0.95,8fb54b550875cdf0bc46c240bb5a6868b2f039781ed8de0cfdacdb4493abec81,pair s0->s7 dt=28.35s
tall,0,0,4i,drift_speed_px_s,-0.0017874784352882051,px/s,x0.05-0.45:y0.72-0.95,8fb54b550875cdf0bc46c240bb5a6868b2f039781ed8de0cfdacdb4493abec81,
tall,0,0,4i,drift_pctW_turn,-0.0026812176529323072,%W/turn,x0.05-0.45:y0.72-0.95,8fb54b550875cdf0bc46c240bb5a6868b2f039781ed8de0cfdacdb4493abec81,
tall,0,0,4i,drift_floor_px,0.5680984633217359,px,x0.02-0.40:y0.72-0.95,8fb54b550875cdf0bc46c240bb5a6868b2f039781ed8de0cfdacdb4493abec81,"max |d| of static MountainBand control, pair s0->s7"
tall,0,0,4i,drift_floor_adjmax_px,0.6035904244423054,px,x0.02-0.40:y0.72-0.95,8fb54b550875cdf0bc46c240bb5a6868b2f039781ed8de0cfdacdb4493abec81,max |d| of static MountainBand control over adjacent pairs
tall,0,0,4i,drift_floor_px_s,0.02003874650164853,px/s,x0.02-0.40:y0.72-0.95,8fb54b550875cdf0bc46c240bb5a6868b2f039781ed8de0cfdacdb4493abec81,
tall,0,0,4i,drift_floor_pctW_turn,0.030058119752472797,%W/turn,x0.02-0.40:y0.72-0.95,8fb54b550875cdf0bc46c240bb5a6868b2f039781ed8de0cfdacdb4493abec81,
tall,0,0,4i,drift_not_measurable,1,bool,x0.05-0.45:y0.72-0.95,8fb54b550875cdf0bc46c240bb5a6868b2f039781ed8de0cfdacdb4493abec81,"1 = cloud max(|dx|,|dy|) <= d_floor"
tall,0,0,4i,drift_adj_dx_s0,0.025270435908010258,px,x0.05-0.45:y0.72-0.95,8fb54b550875cdf0bc46c240bb5a6868b2f039781ed8de0cfdacdb4493abec81,pair s0->s1 dt=4.05s
tall,0,0,4i,drift_adj_dy_s0,-0.5532446769171755,px,x0.05-0.45:y0.72-0.95,8fb54b550875cdf0bc46c240bb5a6868b2f039781ed8de0cfdacdb4493abec81,pair s0->s1 dt=4.05s
tall,0,0,4i,drift_adj_dx_s1,0.04206953645132576,px,x0.05-0.45:y0.72-0.95,8fb54b550875cdf0bc46c240bb5a6868b2f039781ed8de0cfdacdb4493abec81,pair s1->s2 dt=4.05s
tall,0,0,4i,drift_adj_dy_s1,-0.5286588114968265,px,x0.05-0.45:y0.72-0.95,8fb54b550875cdf0bc46c240bb5a6868b2f039781ed8de0cfdacdb4493abec81,pair s1->s2 dt=4.05s
tall,0,0,4i,drift_adj_dx_s2,0.08750973502627526,px,x0.05-0.45:y0.72-0.95,8fb54b550875cdf0bc46c240bb5a6868b2f039781ed8de0cfdacdb4493abec81,pair s2->s3 dt=4.05s
tall,0,0,4i,drift_adj_dy_s2,-0.5838320399029158,px,x0.05-0.45:y0.72-0.95,8fb54b550875cdf0bc46c240bb5a6868b2f039781ed8de0cfdacdb4493abec81,pair s2->s3 dt=4.05s
tall,0,0,4i,drift_adj_dx_s3,0.9352311270806769,px,x0.05-0.45:y0.72-0.95,8fb54b550875cdf0bc46c240bb5a6868b2f039781ed8de0cfdacdb4493abec81,pair s3->s4 dt=4.05s
tall,0,0,4i,drift_adj_dy_s3,2.386204174138136,px,x0.05-0.45:y0.72-0.95,8fb54b550875cdf0bc46c240bb5a6868b2f039781ed8de0cfdacdb4493abec81,pair s3->s4 dt=4.05s
tall,0,0,4i,drift_adj_dx_s4,92.8898665501821,px,x0.05-0.45:y0.72-0.95,8fb54b550875cdf0bc46c240bb5a6868b2f039781ed8de0cfdacdb4493abec81,pair s4->s5 dt=4.05s
tall,0,0,4i,drift_adj_dy_s4,15.378957674676638,px,x0.05-0.45:y0.72-0.95,8fb54b550875cdf0bc46c240bb5a6868b2f039781ed8de0cfdacdb4493abec81,pair s4->s5 dt=4.05s
tall,0,0,4i,drift_adj_dx_s5,-269.8762056543332,px,x0.05-0.45:y0.72-0.95,8fb54b550875cdf0bc46c240bb5a6868b2f039781ed8de0cfdacdb4493abec81,pair s5->s6 dt=4.05s
tall,0,0,4i,drift_adj_dy_s5,-434.5597548749207,px,x0.05-0.45:y0.72-0.95,8fb54b550875cdf0bc46c240bb5a6868b2f039781ed8de0cfdacdb4493abec81,pair s5->s6 dt=4.05s
tall,0,0,4i,drift_adj_dx_s6,-0.06857587106506538,px,x0.05-0.45:y0.72-0.95,8fb54b550875cdf0bc46c240bb5a6868b2f039781ed8de0cfdacdb4493abec81,pair s6->s7 dt=4.05s
tall,0,0,4i,drift_adj_dy_s6,-0.45024416501168835,px,x0.05-0.45:y0.72-0.95,8fb54b550875cdf0bc46c240bb5a6868b2f039781ed8de0cfdacdb4493abec81,pair s6->s7 dt=4.05s
tall,mean,,S2,island_union_bbox_x0,0.48009259259259257,fraction,x0.00-1.00:y0.00-1.00,8fb54b550875cdf0bc46c240bb5a6868b2f039781ed8de0cfdacdb4493abec81,island mask union over s0..s7; ref 0.50; gate PASS
tall,mean,,S2,island_union_bbox_x1,0.999537037037037,fraction,x0.00-1.00:y0.00-1.00,8fb54b550875cdf0bc46c240bb5a6868b2f039781ed8de0cfdacdb4493abec81,island mask union over s0..s7; ref 1.00; gate PASS
tall,mean,,S2,island_union_bbox_y0,0.45,fraction,x0.00-1.00:y0.00-1.00,8fb54b550875cdf0bc46c240bb5a6868b2f039781ed8de0cfdacdb4493abec81,island mask union over s0..s7; ref 0.45; gate PASS
tall,mean,,S2,island_union_bbox_y1,0.8817708333333333,fraction,x0.00-1.00:y0.00-1.00,8fb54b550875cdf0bc46c240bb5a6868b2f039781ed8de0cfdacdb4493abec81,island mask union over s0..s7; ref 0.88; gate PASS
tall,mean,,4g,palette_turf_union_hex,#283017,hex,x0.55-1.00:y0.45-0.90,8fb54b550875cdf0bc46c240bb5a6868b2f039781ed8de0cfdacdb4493abec81,union of s0..s7 (pooled stratum pixels)
tall,mean,,4g,palette_turf_union_share,0.1365964328977881,fraction,x0.55-1.00:y0.45-0.90,8fb54b550875cdf0bc46c240bb5a6868b2f039781ed8de0cfdacdb4493abec81,union of s0..s7
tall,mean,,4g,palette_turf_union_meanS,0.4890035114223048,S,x0.55-1.00:y0.45-0.90,8fb54b550875cdf0bc46c240bb5a6868b2f039781ed8de0cfdacdb4493abec81,union of s0..s7
tall,mean,,4g,palette_turf_union_meanV,57.96027548633168,levels,x0.55-1.00:y0.45-0.90,8fb54b550875cdf0bc46c240bb5a6868b2f039781ed8de0cfdacdb4493abec81,union of s0..s7
tall,mean,,4g,palette_turf_union_k1_hex,#1B2311,hex,x0.55-1.00:y0.45-0.90,8fb54b550875cdf0bc46c240bb5a6868b2f039781ed8de0cfdacdb4493abec81,union k-means k=3 seed 0; informational
tall,mean,,4g,palette_turf_union_k1_share,0.5809761716705345,fraction,x0.55-1.00:y0.45-0.90,8fb54b550875cdf0bc46c240bb5a6868b2f039781ed8de0cfdacdb4493abec81,union of s0..s7
tall,mean,,4g,palette_turf_union_k2_hex,#424B26,hex,x0.55-1.00:y0.45-0.90,8fb54b550875cdf0bc46c240bb5a6868b2f039781ed8de0cfdacdb4493abec81,union k-means k=3 seed 0; informational
tall,mean,,4g,palette_turf_union_k2_share,0.3173017573416432,fraction,x0.55-1.00:y0.45-0.90,8fb54b550875cdf0bc46c240bb5a6868b2f039781ed8de0cfdacdb4493abec81,union of s0..s7
tall,mean,,4g,palette_turf_union_k3_hex,#7A8460,hex,x0.55-1.00:y0.45-0.90,8fb54b550875cdf0bc46c240bb5a6868b2f039781ed8de0cfdacdb4493abec81,union k-means k=3 seed 0; informational
tall,mean,,4g,palette_turf_union_k3_share,0.10172207098782224,fraction,x0.55-1.00:y0.45-0.90,8fb54b550875cdf0bc46c240bb5a6868b2f039781ed8de0cfdacdb4493abec81,union of s0..s7
tall,mean,,4g,palette_moss_union_hex,#384117,hex,x0.55-1.00:y0.45-0.90,8fb54b550875cdf0bc46c240bb5a6868b2f039781ed8de0cfdacdb4493abec81,union of s0..s7 (pooled stratum pixels)
tall,mean,,4g,palette_moss_union_share,0.13602815774549423,fraction,x0.55-1.00:y0.45-0.90,8fb54b550875cdf0bc46c240bb5a6868b2f039781ed8de0cfdacdb4493abec81,union of s0..s7
tall,mean,,4g,palette_moss_union_meanS,0.6385288418247652,S,x0.55-1.00:y0.45-0.90,8fb54b550875cdf0bc46c240bb5a6868b2f039781ed8de0cfdacdb4493abec81,union of s0..s7
tall,mean,,4g,palette_moss_union_meanV,69.16040210737118,levels,x0.55-1.00:y0.45-0.90,8fb54b550875cdf0bc46c240bb5a6868b2f039781ed8de0cfdacdb4493abec81,union of s0..s7
tall,mean,,4g,palette_moss_union_k1_hex,#21290D,hex,x0.55-1.00:y0.45-0.90,8fb54b550875cdf0bc46c240bb5a6868b2f039781ed8de0cfdacdb4493abec81,union k-means k=3 seed 0; informational
tall,mean,,4g,palette_moss_union_k1_share,0.42825358159846344,fraction,x0.55-1.00:y0.45-0.90,8fb54b550875cdf0bc46c240bb5a6868b2f039781ed8de0cfdacdb4493abec81,union of s0..s7
tall,mean,,4g,palette_moss_union_k2_hex,#454E1D,hex,x0.55-1.00:y0.45-0.90,8fb54b550875cdf0bc46c240bb5a6868b2f039781ed8de0cfdacdb4493abec81,union k-means k=3 seed 0; informational
tall,mean,,4g,palette_moss_union_k2_share,0.4117672547373934,fraction,x0.55-1.00:y0.45-0.90,8fb54b550875cdf0bc46c240bb5a6868b2f039781ed8de0cfdacdb4493abec81,union of s0..s7
tall,mean,,4g,palette_moss_union_k3_hex,#737B3B,hex,x0.55-1.00:y0.45-0.90,8fb54b550875cdf0bc46c240bb5a6868b2f039781ed8de0cfdacdb4493abec81,union k-means k=3 seed 0; informational
tall,mean,,4g,palette_moss_union_k3_share,0.15997916366414314,fraction,x0.55-1.00:y0.45-0.90,8fb54b550875cdf0bc46c240bb5a6868b2f039781ed8de0cfdacdb4493abec81,union of s0..s7
tall,mean,,4g,palette_soil_union_hex,#1B1E24,hex,x0.55-1.00:y0.45-0.90,8fb54b550875cdf0bc46c240bb5a6868b2f039781ed8de0cfdacdb4493abec81,union of s0..s7 (pooled stratum pixels)
tall,mean,,4g,palette_soil_union_share,0.4110569302788533,fraction,x0.55-1.00:y0.45-0.90,8fb54b550875cdf0bc46c240bb5a6868b2f039781ed8de0cfdacdb4493abec81,union of s0..s7
tall,mean,,4g,palette_soil_union_meanS,0.34424941197588593,S,x0.55-1.00:y0.45-0.90,8fb54b550875cdf0bc46c240bb5a6868b2f039781ed8de0cfdacdb4493abec81,union of s0..s7
tall,mean,,4g,palette_soil_union_meanV,45.48485467199539,levels,x0.55-1.00:y0.45-0.90,8fb54b550875cdf0bc46c240bb5a6868b2f039781ed8de0cfdacdb4493abec81,union of s0..s7
tall,mean,,4g,palette_soil_union_k1_hex,#171A1F,hex,x0.55-1.00:y0.45-0.90,8fb54b550875cdf0bc46c240bb5a6868b2f039781ed8de0cfdacdb4493abec81,union k-means k=3 seed 0; informational
tall,mean,,4g,palette_soil_union_k1_share,0.686262768393828,fraction,x0.55-1.00:y0.45-0.90,8fb54b550875cdf0bc46c240bb5a6868b2f039781ed8de0cfdacdb4493abec81,union of s0..s7
tall,mean,,4g,palette_soil_union_k2_hex,#34363A,hex,x0.55-1.00:y0.45-0.90,8fb54b550875cdf0bc46c240bb5a6868b2f039781ed8de0cfdacdb4493abec81,union k-means k=3 seed 0; informational
tall,mean,,4g,palette_soil_union_k2_share,0.2569523434867437,fraction,x0.55-1.00:y0.45-0.90,8fb54b550875cdf0bc46c240bb5a6868b2f039781ed8de0cfdacdb4493abec81,union of s0..s7
tall,mean,,4g,palette_soil_union_k3_hex,#676767,hex,x0.55-1.00:y0.45-0.90,8fb54b550875cdf0bc46c240bb5a6868b2f039781ed8de0cfdacdb4493abec81,union k-means k=3 seed 0; informational
tall,mean,,4g,palette_soil_union_k3_share,0.05678488811942822,fraction,x0.55-1.00:y0.45-0.90,8fb54b550875cdf0bc46c240bb5a6868b2f039781ed8de0cfdacdb4493abec81,union of s0..s7
tall,mean,,4g,palette_pebble_union_hex,#212111,hex,x0.55-1.00:y0.45-0.90,8fb54b550875cdf0bc46c240bb5a6868b2f039781ed8de0cfdacdb4493abec81,union of s0..s7 (pooled stratum pixels)
tall,mean,,4g,palette_pebble_union_share,0.04129957287747629,fraction,x0.55-1.00:y0.45-0.90,8fb54b550875cdf0bc46c240bb5a6868b2f039781ed8de0cfdacdb4493abec81,union of s0..s7
tall,mean,,4g,palette_pebble_union_meanS,0.5106697311622197,S,x0.55-1.00:y0.45-0.90,8fb54b550875cdf0bc46c240bb5a6868b2f039781ed8de0cfdacdb4493abec81,union of s0..s7
tall,mean,,4g,palette_pebble_union_meanV,42.01260568077812,levels,x0.55-1.00:y0.45-0.90,8fb54b550875cdf0bc46c240bb5a6868b2f039781ed8de0cfdacdb4493abec81,union of s0..s7
tall,mean,,4g,palette_pebble_union_k1_hex,#13130C,hex,x0.55-1.00:y0.45-0.90,8fb54b550875cdf0bc46c240bb5a6868b2f039781ed8de0cfdacdb4493abec81,union k-means k=3 seed 0; informational
tall,mean,,4g,palette_pebble_union_k1_share,0.4957665637652607,fraction,x0.55-1.00:y0.45-0.90,8fb54b550875cdf0bc46c240bb5a6868b2f039781ed8de0cfdacdb4493abec81,union of s0..s7
tall,mean,,4g,palette_pebble_union_k2_hex,#303019,hex,x0.55-1.00:y0.45-0.90,8fb54b550875cdf0bc46c240bb5a6868b2f039781ed8de0cfdacdb4493abec81,union k-means k=3 seed 0; informational
tall,mean,,4g,palette_pebble_union_k2_share,0.36150660068566465,fraction,x0.55-1.00:y0.45-0.90,8fb54b550875cdf0bc46c240bb5a6868b2f039781ed8de0cfdacdb4493abec81,union of s0..s7
tall,mean,,4g,palette_pebble_union_k3_hex,#5D5C31,hex,x0.55-1.00:y0.45-0.90,8fb54b550875cdf0bc46c240bb5a6868b2f039781ed8de0cfdacdb4493abec81,union k-means k=3 seed 0; informational
tall,mean,,4g,palette_pebble_union_k3_share,0.14272683554907467,fraction,x0.55-1.00:y0.45-0.90,8fb54b550875cdf0bc46c240bb5a6868b2f039781ed8de0cfdacdb4493abec81,union of s0..s7
tall,mean,,4g,palette_basalt_union_hex,#090C11,hex,x0.55-1.00:y0.45-0.90,8fb54b550875cdf0bc46c240bb5a6868b2f039781ed8de0cfdacdb4493abec81,union of s0..s7 (pooled stratum pixels)
tall,mean,,4g,palette_basalt_union_share,0.27501890620038805,fraction,x0.55-1.00:y0.45-0.90,8fb54b550875cdf0bc46c240bb5a6868b2f039781ed8de0cfdacdb4493abec81,union of s0..s7
tall,mean,,4g,palette_basalt_union_meanS,0.5461514175256531,S,x0.55-1.00:y0.45-0.90,8fb54b550875cdf0bc46c240bb5a6868b2f039781ed8de0cfdacdb4493abec81,union of s0..s7
tall,mean,,4g,palette_basalt_union_meanV,17.532354455385576,levels,x0.55-1.00:y0.45-0.90,8fb54b550875cdf0bc46c240bb5a6868b2f039781ed8de0cfdacdb4493abec81,union of s0..s7
tall,mean,,4g,palette_basalt_union_k1_hex,#0B0E17,hex,x0.55-1.00:y0.45-0.90,8fb54b550875cdf0bc46c240bb5a6868b2f039781ed8de0cfdacdb4493abec81,union k-means k=3 seed 0; informational
tall,mean,,4g,palette_basalt_union_k1_share,0.48931271213487176,fraction,x0.55-1.00:y0.45-0.90,8fb54b550875cdf0bc46c240bb5a6868b2f039781ed8de0cfdacdb4493abec81,union of s0..s7
tall,mean,,4g,palette_basalt_union_k2_hex,#05070B,hex,x0.55-1.00:y0.45-0.90,8fb54b550875cdf0bc46c240bb5a6868b2f039781ed8de0cfdacdb4493abec81,union k-means k=3 seed 0; informational
tall,mean,,4g,palette_basalt_union_k2_share,0.37807564988690023,fraction,x0.55-1.00:y0.45-0.90,8fb54b550875cdf0bc46c240bb5a6868b2f039781ed8de0cfdacdb4493abec81,union of s0..s7
tall,mean,,4g,palette_basalt_union_k3_hex,#0F0D09,hex,x0.55-1.00:y0.45-0.90,8fb54b550875cdf0bc46c240bb5a6868b2f039781ed8de0cfdacdb4493abec81,union k-means k=3 seed 0; informational
tall,mean,,4g,palette_basalt_union_k3_share,0.132611637978228,fraction,x0.55-1.00:y0.45-0.90,8fb54b550875cdf0bc46c240bb5a6868b2f039781ed8de0cfdacdb4493abec81,union of s0..s7
wide,0,0,4a,sky_hex_anchor_0.02,#2C3E4F,hex,x0.02-0.30:y0.02-0.58,aba25781e62700cce31a490a6872ab00b57083459a0cceaaa1e48fd2b80cc844,
wide,0,0,4a,sky_anchor_0.02_best_token,sky_top,token,x0.02-0.30:y0.02-0.58,aba25781e62700cce31a490a6872ab00b57083459a0cceaaa1e48fd2b80cc844,
wide,0,0,4a,sky_anchor_0.02_deltaE_min,19.093949370563504,dE76,x0.02-0.30:y0.02-0.58,aba25781e62700cce31a490a6872ab00b57083459a0cceaaa1e48fd2b80cc844,nearest of the four settled sky/haze tokens
wide,0,0,4a,sky_hex_anchor_0.10,#506E89,hex,x0.02-0.30:y0.02-0.58,aba25781e62700cce31a490a6872ab00b57083459a0cceaaa1e48fd2b80cc844,
wide,0,0,4a,sky_anchor_0.10_best_token,sky_top,token,x0.02-0.30:y0.02-0.58,aba25781e62700cce31a490a6872ab00b57083459a0cceaaa1e48fd2b80cc844,
wide,0,0,4a,sky_anchor_0.10_deltaE_min,4.8344139858420885,dE76,x0.02-0.30:y0.02-0.58,aba25781e62700cce31a490a6872ab00b57083459a0cceaaa1e48fd2b80cc844,nearest of the four settled sky/haze tokens
wide,0,0,4a,sky_hex_anchor_0.25,#66839D,hex,x0.02-0.30:y0.02-0.58,aba25781e62700cce31a490a6872ab00b57083459a0cceaaa1e48fd2b80cc844,
wide,0,0,4a,sky_anchor_0.25_best_token,sky_mid,token,x0.02-0.30:y0.02-0.58,aba25781e62700cce31a490a6872ab00b57083459a0cceaaa1e48fd2b80cc844,
wide,0,0,4a,sky_anchor_0.25_deltaE_min,9.30316276844593,dE76,x0.02-0.30:y0.02-0.58,aba25781e62700cce31a490a6872ab00b57083459a0cceaaa1e48fd2b80cc844,nearest of the four settled sky/haze tokens
wide,0,0,4a,sky_hex_anchor_0.40,#8AA1B8,hex,x0.02-0.30:y0.02-0.58,aba25781e62700cce31a490a6872ab00b57083459a0cceaaa1e48fd2b80cc844,
wide,0,0,4a,sky_anchor_0.40_best_token,sky_mid,token,x0.02-0.30:y0.02-0.58,aba25781e62700cce31a490a6872ab00b57083459a0cceaaa1e48fd2b80cc844,
wide,0,0,4a,sky_anchor_0.40_deltaE_min,4.245771798035734,dE76,x0.02-0.30:y0.02-0.58,aba25781e62700cce31a490a6872ab00b57083459a0cceaaa1e48fd2b80cc844,nearest of the four settled sky/haze tokens
wide,0,0,4a,sky_hex_anchor_0.55,#B9C5D3,hex,x0.02-0.30:y0.02-0.58,aba25781e62700cce31a490a6872ab00b57083459a0cceaaa1e48fd2b80cc844,
wide,0,0,4a,sky_anchor_0.55_best_token,sky_low,token,x0.02-0.30:y0.02-0.58,aba25781e62700cce31a490a6872ab00b57083459a0cceaaa1e48fd2b80cc844,
wide,0,0,4a,sky_anchor_0.55_deltaE_min,4.405765536978428,dE76,x0.02-0.30:y0.02-0.58,aba25781e62700cce31a490a6872ab00b57083459a0cceaaa1e48fd2b80cc844,nearest of the four settled sky/haze tokens
wide,0,0,4a,sky_hex_anchor_0.68,#767C82,hex,x0.02-0.30:y0.02-0.58,aba25781e62700cce31a490a6872ab00b57083459a0cceaaa1e48fd2b80cc844,
wide,0,0,4a,sky_anchor_0.68_best_token,haze,token,x0.02-0.30:y0.02-0.58,aba25781e62700cce31a490a6872ab00b57083459a0cceaaa1e48fd2b80cc844,
wide,0,0,4a,sky_anchor_0.68_deltaE_min,6.893893472436882,dE76,x0.02-0.30:y0.02-0.58,aba25781e62700cce31a490a6872ab00b57083459a0cceaaa1e48fd2b80cc844,nearest of the four settled sky/haze tokens
wide,0,0,4a,sky_hex_top,#4B6985,hex,x0.02-0.30:y0.02-0.58,aba25781e62700cce31a490a6872ab00b57083459a0cceaaa1e48fd2b80cc844,
wide,0,0,4a,sky_deltaE_top_vs_sky_top,4.715807867227152,dE76,x0.02-0.30:y0.02-0.58,aba25781e62700cce31a490a6872ab00b57083459a0cceaaa1e48fd2b80cc844,
wide,0,0,4a,sky_deltaE_top_vs_sky_mid,19.255024979005015,dE76,x0.02-0.30:y0.02-0.58,aba25781e62700cce31a490a6872ab00b57083459a0cceaaa1e48fd2b80cc844,
wide,0,0,4a,sky_deltaE_top_vs_sky_low,33.09645592068104,dE76,x0.02-0.30:y0.02-0.58,aba25781e62700cce31a490a6872ab00b57083459a0cceaaa1e48fd2b80cc844,
wide,0,0,4a,sky_deltaE_top_vs_haze,18.572966174234057,dE76,x0.02-0.30:y0.02-0.58,aba25781e62700cce31a490a6872ab00b57083459a0cceaaa1e48fd2b80cc844,
wide,0,0,4a,sky_hex_mid,#7F97AE,hex,x0.02-0.30:y0.02-0.58,aba25781e62700cce31a490a6872ab00b57083459a0cceaaa1e48fd2b80cc844,
wide,0,0,4a,sky_deltaE_mid_vs_sky_top,17.962270228394114,dE76,x0.02-0.30:y0.02-0.58,aba25781e62700cce31a490a6872ab00b57083459a0cceaaa1e48fd2b80cc844,
wide,0,0,4a,sky_deltaE_mid_vs_sky_mid,2.4375430103961193,dE76,x0.02-0.30:y0.02-0.58,aba25781e62700cce31a490a6872ab00b57083459a0cceaaa1e48fd2b80cc844,
wide,0,0,4a,sky_deltaE_mid_vs_sky_low,14.589663346856366,dE76,x0.02-0.30:y0.02-0.58,aba25781e62700cce31a490a6872ab00b57083459a0cceaaa1e48fd2b80cc844,
wide,0,0,4a,sky_deltaE_mid_vs_haze,10.260672982481632,dE76,x0.02-0.30:y0.02-0.58,aba25781e62700cce31a490a6872ab00b57083459a0cceaaa1e48fd2b80cc844,
wide,0,0,4a,sky_hex_horizon,#767C82,hex,x0.02-0.30:y0.02-0.58,aba25781e62700cce31a490a6872ab00b57083459a0cceaaa1e48fd2b80cc844,
wide,0,0,4a,sky_deltaE_horizon_vs_sky_top,14.955500881229066,dE76,x0.02-0.30:y0.02-0.58,aba25781e62700cce31a490a6872ab00b57083459a0cceaaa1e48fd2b80cc844,
wide,0,0,4a,sky_deltaE_horizon_vs_sky_mid,14.646466581500764,dE76,x0.02-0.30:y0.02-0.58,aba25781e62700cce31a490a6872ab00b57083459a0cceaaa1e48fd2b80cc844,
wide,0,0,4a,sky_deltaE_horizon_vs_sky_low,24.1125591492579,dE76,x0.02-0.30:y0.02-0.58,aba25781e62700cce31a490a6872ab00b57083459a0cceaaa1e48fd2b80cc844,
wide,0,0,4a,sky_deltaE_horizon_vs_haze,6.893893472436882,dE76,x0.02-0.30:y0.02-0.58,aba25781e62700cce31a490a6872ab00b57083459a0cceaaa1e48fd2b80cc844,
wide,0,0,4a,haze_hex,#B8C5D2,hex,x0.02-0.30:y0.50-0.60,aba25781e62700cce31a490a6872ab00b57083459a0cceaaa1e48fd2b80cc844,
wide,0,0,4a,haze_deltaE_vs_haze_token,22.60637908230526,dE76,x0.02-0.30:y0.50-0.60,aba25781e62700cce31a490a6872ab00b57083459a0cceaaa1e48fd2b80cc844,
wide,0,0,4a,sky_slope_R,2.1488304789069668,levels/%H,x0.02-0.30:y0.02-0.58,aba25781e62700cce31a490a6872ab00b57083459a0cceaaa1e48fd2b80cc844,
wide,0,0,4a,sky_r2_R,0.9659421938370074,1,x0.02-0.30:y0.02-0.58,aba25781e62700cce31a490a6872ab00b57083459a0cceaaa1e48fd2b80cc844,
wide,0,0,4a,sky_slope_G,1.8333678010331382,levels/%H,x0.02-0.30:y0.02-0.58,aba25781e62700cce31a490a6872ab00b57083459a0cceaaa1e48fd2b80cc844,
wide,0,0,4a,sky_r2_G,0.9736698043593213,1,x0.02-0.30:y0.02-0.58,aba25781e62700cce31a490a6872ab00b57083459a0cceaaa1e48fd2b80cc844,
wide,0,0,4a,sky_slope_B,1.5580995438745662,levels/%H,x0.02-0.30:y0.02-0.58,aba25781e62700cce31a490a6872ab00b57083459a0cceaaa1e48fd2b80cc844,
wide,0,0,4a,sky_r2_B,0.9765214147764806,1,x0.02-0.30:y0.02-0.58,aba25781e62700cce31a490a6872ab00b57083459a0cceaaa1e48fd2b80cc844,
wide,0,0,4b,contrast_rms_D1,16.100152717819075,levels,x0.70-0.95:y0.35-0.75,aba25781e62700cce31a490a6872ab00b57083459a0cceaaa1e48fd2b80cc844,
wide,0,0,4b,sat_S_D1,0.4454758046563763,S,x0.70-0.95:y0.35-0.75,aba25781e62700cce31a490a6872ab00b57083459a0cceaaa1e48fd2b80cc844,
wide,0,0,4b,value_V_D1,99.54463372878087,levels,x0.70-0.95:y0.35-0.75,aba25781e62700cce31a490a6872ab00b57083459a0cceaaa1e48fd2b80cc844,
wide,0,0,4b,contrast_rms_D2,1.515582138203424,levels,x0.02-0.40:y0.45-0.70,aba25781e62700cce31a490a6872ab00b57083459a0cceaaa1e48fd2b80cc844,
wide,0,0,4b,sat_S_D2,0.14980882304511633,S,x0.02-0.40:y0.45-0.70,aba25781e62700cce31a490a6872ab00b57083459a0cceaaa1e48fd2b80cc844,
wide,0,0,4b,value_V_D2,204.32142131850836,levels,x0.02-0.40:y0.45-0.70,aba25781e62700cce31a490a6872ab00b57083459a0cceaaa1e48fd2b80cc844,
wide,0,0,4b,contrast_rms_D3,0.5410364848056834,levels,x0.02-0.30:y0.50-0.60,aba25781e62700cce31a490a6872ab00b57083459a0cceaaa1e48fd2b80cc844,
wide,0,0,4b,sat_S_D3,0.12532142177619912,S,x0.02-0.30:y0.50-0.60,aba25781e62700cce31a490a6872ab00b57083459a0cceaaa1e48fd2b80cc844,
wide,0,0,4b,value_V_D3,210.02922480620154,levels,x0.02-0.30:y0.50-0.60,aba25781e62700cce31a490a6872ab00b57083459a0cceaaa1e48fd2b80cc844,
wide,0,0,4b,falloff_rms_D2_D1,0.09413464361279206,ratio,x0.02-0.40:y0.45-0.70,aba25781e62700cce31a490a6872ab00b57083459a0cceaaa1e48fd2b80cc844,
wide,0,0,4b,falloff_rms_D3_D1,0.03360443185156148,ratio,x0.02-0.30:y0.50-0.60,aba25781e62700cce31a490a6872ab00b57083459a0cceaaa1e48fd2b80cc844,
wide,0,0,4b,falloff_sat_D2_D1,0.3362894717944858,ratio,x0.02-0.40:y0.45-0.70,aba25781e62700cce31a490a6872ab00b57083459a0cceaaa1e48fd2b80cc844,
wide,0,0,4b,falloff_sat_D3_D1,0.2813203780458233,ratio,x0.02-0.30:y0.50-0.60,aba25781e62700cce31a490a6872ab00b57083459a0cceaaa1e48fd2b80cc844,
wide,0,0,4c,bloom_peak_L,210.3164,levels,x0.55-0.80:y0.20-0.45,aba25781e62700cce31a490a6872ab00b57083459a0cceaaa1e48fd2b80cc844,
wide,0,0,4c,bloom_bg_L,123.4992,levels,x0.55-0.80:y0.20-0.45,aba25781e62700cce31a490a6872ab00b57083459a0cceaaa1e48fd2b80cc844,
wide,0,0,4c,bloom_peak_bg_ratio,1.702977833054789,ratio,x0.55-0.80:y0.20-0.45,aba25781e62700cce31a490a6872ab00b57083459a0cceaaa1e48fd2b80cc844,
wide,0,0,4c,bloom_r50_px,0.5048221057025614,px,x0.55-0.80:y0.20-0.45,aba25781e62700cce31a490a6872ab00b57083459a0cceaaa1e48fd2b80cc844,"edge-limited: peak sits on the island silhouette, not sky; TOOL (ESRGAN/HEVC) — not a resolvable sky-side halo"
wide,0,0,4c,bloom_r50_pctH,0.02337139378252599,%H,x0.55-0.80:y0.20-0.45,aba25781e62700cce31a490a6872ab00b57083459a0cceaaa1e48fd2b80cc844,
wide,0,0,4c,bloom_falloff_10_90_px,0.8077153691240985,px,x0.55-0.80:y0.20-0.45,aba25781e62700cce31a490a6872ab00b57083459a0cceaaa1e48fd2b80cc844,
wide,0,0,4d,shadow_p0_1,0,levels,x0.58-0.96:y0.55-0.90,aba25781e62700cce31a490a6872ab00b57083459a0cceaaa1e48fd2b80cc844,
wide,0,0,4d,shadow_p1,0.9278,levels,x0.58-0.96:y0.55-0.90,aba25781e62700cce31a490a6872ab00b57083459a0cceaaa1e48fd2b80cc844,black floor = p1; HEVC crush is the limit
wide,0,0,4d,shadow_p5,2.7192,levels,x0.58-0.96:y0.55-0.90,aba25781e62700cce31a490a6872ab00b57083459a0cceaaa1e48fd2b80cc844,
wide,0,0,4d,shadow_p50,130.0648,levels,x0.58-0.96:y0.55-0.90,aba25781e62700cce31a490a6872ab00b57083459a0cceaaa1e48fd2b80cc844,
wide,0,0,4d,shadow_min,0,levels,x0.58-0.96:y0.55-0.90,aba25781e62700cce31a490a6872ab00b57083459a0cceaaa1e48fd2b80cc844,
wide,0,0,4d,shadow_floor_lifted,0,bool,x0.58-0.96:y0.55-0.90,aba25781e62700cce31a490a6872ab00b57083459a0cceaaa1e48fd2b80cc844,"1 = p1 >= 8 levels, i.e. clearly above the codec floor"
wide,0,0,4e,dof_lapvar_D1,851.6202717562426,levels2,x0.70-0.95:y0.35-0.75,aba25781e62700cce31a490a6872ab00b57083459a0cceaaa1e48fd2b80cc844,
wide,0,0,4e,dof_lapvar_D2,3.9596765977082486,levels2,x0.02-0.40:y0.45-0.70,aba25781e62700cce31a490a6872ab00b57083459a0cceaaa1e48fd2b80cc844,
wide,0,0,4e,dof_lapvar_D3,0.9703433043613843,levels2,x0.02-0.30:y0.50-0.60,aba25781e62700cce31a490a6872ab00b57083459a0cceaaa1e48fd2b80cc844,
wide,0,0,4e,dof_ratio_D1_D2,215.0731886157412,ratio,x0.02-0.40:y0.45-0.70,aba25781e62700cce31a490a6872ab00b57083459a0cceaaa1e48fd2b80cc844,
wide,0,0,4e,dof_sigma_D2_px,2.10235595703125,px,x0.02-0.40:y0.45-0.70,aba25781e62700cce31a490a6872ab00b57083459a0cceaaa1e48fd2b80cc844,D1 blurred to match band; sharp end is TOOL
wide,0,0,4e,dof_sigma_D2_pctH,0.09733129430700231,%H,x0.02-0.40:y0.45-0.70,aba25781e62700cce31a490a6872ab00b57083459a0cceaaa1e48fd2b80cc844,
wide,0,0,4e,dof_sigma_D3_px,3.15826416015625,px,x0.02-0.30:y0.50-0.60,aba25781e62700cce31a490a6872ab00b57083459a0cceaaa1e48fd2b80cc844,D1 blurred to match band; sharp end is TOOL
wide,0,0,4e,dof_sigma_D3_pctH,0.14621593334056712,%H,x0.02-0.30:y0.50-0.60,aba25781e62700cce31a490a6872ab00b57083459a0cceaaa1e48fd2b80cc844,
wide,0,0,4f,grain_sigma_R,0.35566834616330284,levels,x0.02-0.50:y0.02-0.42,aba25781e62700cce31a490a6872ab00b57083459a0cceaaa1e48fd2b80cc844,TOOL (ESRGAN/RIFE); native 4K
wide,0,0,4f,grain_sigma_G,0.3170888694028768,levels,x0.02-0.50:y0.02-0.42,aba25781e62700cce31a490a6872ab00b57083459a0cceaaa1e48fd2b80cc844,TOOL (ESRGAN/RIFE); native 4K
wide,0,0,4f,grain_sigma_B,0.35530768650496236,levels,x0.02-0.50:y0.02-0.42,aba25781e62700cce31a490a6872ab00b57083459a0cceaaa1e48fd2b80cc844,TOOL (ESRGAN/RIFE); native 4K
wide,0,0,4f,grain_acf_halfmax_x,3,px,x0.02-0.50:y0.02-0.42,aba25781e62700cce31a490a6872ab00b57083459a0cceaaa1e48fd2b80cc844,
wide,0,0,4f,grain_acf_zerocross_x,-1,px,x0.02-0.50:y0.02-0.42,aba25781e62700cce31a490a6872ab00b57083459a0cceaaa1e48fd2b80cc844,
wide,0,0,4f,grain_acf_halfmax_y,1,px,x0.02-0.50:y0.02-0.42,aba25781e62700cce31a490a6872ab00b57083459a0cceaaa1e48fd2b80cc844,
wide,0,0,4f,grain_acf_zerocross_y,3,px,x0.02-0.50:y0.02-0.42,aba25781e62700cce31a490a6872ab00b57083459a0cceaaa1e48fd2b80cc844,
wide,0,0,4g,palette_turf_median_hex,#1B250A,hex,x0.58-0.96:y0.28-0.90,aba25781e62700cce31a490a6872ab00b57083459a0cceaaa1e48fd2b80cc844,island-local split; +-2 %H boundary
wide,0,0,4g,palette_turf_meanS,0.6920264939763007,S,x0.58-0.96:y0.28-0.90,aba25781e62700cce31a490a6872ab00b57083459a0cceaaa1e48fd2b80cc844,
wide,0,0,4g,palette_turf_meanV,45.08607169977219,levels,x0.58-0.96:y0.28-0.90,aba25781e62700cce31a490a6872ab00b57083459a0cceaaa1e48fd2b80cc844,
wide,0,0,4g,palette_turf_share,0.15624375549516425,fraction,x0.58-0.96:y0.28-0.90,aba25781e62700cce31a490a6872ab00b57083459a0cceaaa1e48fd2b80cc844,
wide,0,0,4g,palette_turf_k1_hex,#0E1806,hex,x0.58-0.96:y0.28-0.90,aba25781e62700cce31a490a6872ab00b57083459a0cceaaa1e48fd2b80cc844,k-means k=3 seed 0; informational
wide,0,0,4g,palette_turf_k1_share,0.5693057831421606,fraction,x0.58-0.96:y0.28-0.90,aba25781e62700cce31a490a6872ab00b57083459a0cceaaa1e48fd2b80cc844,
wide,0,0,4g,palette_turf_k2_hex,#333F17,hex,x0.58-0.96:y0.28-0.90,aba25781e62700cce31a490a6872ab00b57083459a0cceaaa1e48fd2b80cc844,k-means k=3 seed 0; informational
wide,0,0,4g,palette_turf_k2_share,0.34718836177610807,fraction,x0.58-0.96:y0.28-0.90,aba25781e62700cce31a490a6872ab00b57083459a0cceaaa1e48fd2b80cc844,
wide,0,0,4g,palette_turf_k3_hex,#667349,hex,x0.58-0.96:y0.28-0.90,aba25781e62700cce31a490a6872ab00b57083459a0cceaaa1e48fd2b80cc844,k-means k=3 seed 0; informational
wide,0,0,4g,palette_turf_k3_share,0.08350585508173135,fraction,x0.58-0.96:y0.28-0.90,aba25781e62700cce31a490a6872ab00b57083459a0cceaaa1e48fd2b80cc844,
wide,0,0,4g,palette_moss_median_hex,#303A0A,hex,x0.58-0.96:y0.28-0.90,aba25781e62700cce31a490a6872ab00b57083459a0cceaaa1e48fd2b80cc844,island-local split; +-2 %H boundary
wide,0,0,4g,palette_moss_meanS,0.7599324469553013,S,x0.58-0.96:y0.28-0.90,aba25781e62700cce31a490a6872ab00b57083459a0cceaaa1e48fd2b80cc844,
wide,0,0,4g,palette_moss_meanV,62.07353733563875,levels,x0.58-0.96:y0.28-0.90,aba25781e62700cce31a490a6872ab00b57083459a0cceaaa1e48fd2b80cc844,
wide,0,0,4g,palette_moss_share,0.15529459076013108,fraction,x0.58-0.96:y0.28-0.90,aba25781e62700cce31a490a6872ab00b57083459a0cceaaa1e48fd2b80cc844,
wide,0,0,4g,palette_moss_k1_hex,#172006,hex,x0.58-0.96:y0.28-0.90,aba25781e62700cce31a490a6872ab00b57083459a0cceaaa1e48fd2b80cc844,k-means k=3 seed 0; informational
wide,0,0,4g,palette_moss_k1_share,0.4656399533555833,fraction,x0.58-0.96:y0.28-0.90,aba25781e62700cce31a490a6872ab00b57083459a0cceaaa1e48fd2b80cc844,
wide,0,0,4g,palette_moss_k2_hex,#414C12,hex,x0.58-0.96:y0.28-0.90,aba25781e62700cce31a490a6872ab00b57083459a0cceaaa1e48fd2b80cc844,k-means k=3 seed 0; informational
wide,0,0,4g,palette_moss_k2_share,0.39852828823032693,fraction,x0.58-0.96:y0.28-0.90,aba25781e62700cce31a490a6872ab00b57083459a0cceaaa1e48fd2b80cc844,
wide,0,0,4g,palette_moss_k3_hex,#727D37,hex,x0.58-0.96:y0.28-0.90,aba25781e62700cce31a490a6872ab00b57083459a0cceaaa1e48fd2b80cc844,k-means k=3 seed 0; informational
wide,0,0,4g,palette_moss_k3_share,0.13583175841408984,fraction,x0.58-0.96:y0.28-0.90,aba25781e62700cce31a490a6872ab00b57083459a0cceaaa1e48fd2b80cc844,
wide,0,0,4g,palette_soil_median_hex,#222526,hex,x0.58-0.96:y0.28-0.90,aba25781e62700cce31a490a6872ab00b57083459a0cceaaa1e48fd2b80cc844,island-local split; +-2 %H boundary
wide,0,0,4g,palette_soil_meanS,0.32759145630637554,S,x0.58-0.96:y0.28-0.90,aba25781e62700cce31a490a6872ab00b57083459a0cceaaa1e48fd2b80cc844,
wide,0,0,4g,palette_soil_meanV,57.64880805129836,levels,x0.58-0.96:y0.28-0.90,aba25781e62700cce31a490a6872ab00b57083459a0cceaaa1e48fd2b80cc844,
wide,0,0,4g,palette_soil_share,0.3180538626009112,fraction,x0.58-0.96:y0.28-0.90,aba25781e62700cce31a490a6872ab00b57083459a0cceaaa1e48fd2b80cc844,
wide,0,0,4g,palette_soil_k1_hex,#181B1C,hex,x0.58-0.96:y0.28-0.90,aba25781e62700cce31a490a6872ab00b57083459a0cceaaa1e48fd2b80cc844,k-means k=3 seed 0; informational
wide,0,0,4g,palette_soil_k1_share,0.6199703927089101,fraction,x0.58-0.96:y0.28-0.90,aba25781e62700cce31a490a6872ab00b57083459a0cceaaa1e48fd2b80cc844,
wide,0,0,4g,palette_soil_k2_hex,#434545,hex,x0.58-0.96:y0.28-0.90,aba25781e62700cce31a490a6872ab00b57083459a0cceaaa1e48fd2b80cc844,k-means k=3 seed 0; informational
wide,0,0,4g,palette_soil_k2_share,0.27550487499361914,fraction,x0.58-0.96:y0.28-0.90,aba25781e62700cce31a490a6872ab00b57083459a0cceaaa1e48fd2b80cc844,
wide,0,0,4g,palette_soil_k3_hex,#8A9094,hex,x0.58-0.96:y0.28-0.90,aba25781e62700cce31a490a6872ab00b57083459a0cceaaa1e48fd2b80cc844,k-means k=3 seed 0; informational
wide,0,0,4g,palette_soil_k3_share,0.10452473229747082,fraction,x0.58-0.96:y0.28-0.90,aba25781e62700cce31a490a6872ab00b57083459a0cceaaa1e48fd2b80cc844,
wide,0,0,4g,palette_pebble_median_hex,#131309,hex,x0.58-0.96:y0.28-0.90,aba25781e62700cce31a490a6872ab00b57083459a0cceaaa1e48fd2b80cc844,island-local split; +-2 %H boundary
wide,0,0,4g,palette_pebble_meanS,0.5280373196149983,S,x0.58-0.96:y0.28-0.90,aba25781e62700cce31a490a6872ab00b57083459a0cceaaa1e48fd2b80cc844,
wide,0,0,4g,palette_pebble_meanV,32.87172125336736,levels,x0.58-0.96:y0.28-0.90,aba25781e62700cce31a490a6872ab00b57083459a0cceaaa1e48fd2b80cc844,
wide,0,0,4g,palette_pebble_share,0.03523399408520502,fraction,x0.58-0.96:y0.28-0.90,aba25781e62700cce31a490a6872ab00b57083459a0cceaaa1e48fd2b80cc844,
wide,0,0,4g,palette_pebble_k1_hex,#0C0C07,hex,x0.58-0.96:y0.28-0.90,aba25781e62700cce31a490a6872ab00b57083459a0cceaaa1e48fd2b80cc844,k-means k=3 seed 0; informational
wide,0,0,4g,palette_pebble_k1_share,0.6837870409754714,fraction,x0.58-0.96:y0.28-0.90,aba25781e62700cce31a490a6872ab00b57083459a0cceaaa1e48fd2b80cc844,
wide,0,0,4g,palette_pebble_k2_hex,#3B3922,hex,x0.58-0.96:y0.28-0.90,aba25781e62700cce31a490a6872ab00b57083459a0cceaaa1e48fd2b80cc844,k-means k=3 seed 0; informational
wide,0,0,4g,palette_pebble_k2_share,0.26492272791719834,fraction,x0.58-0.96:y0.28-0.90,aba25781e62700cce31a490a6872ab00b57083459a0cceaaa1e48fd2b80cc844,
wide,0,0,4g,palette_pebble_k3_hex,#7F8082,hex,x0.58-0.96:y0.28-0.90,aba25781e62700cce31a490a6872ab00b57083459a0cceaaa1e48fd2b80cc844,k-means k=3 seed 0; informational
wide,0,0,4g,palette_pebble_k3_share,0.05129023110733021,fraction,x0.58-0.96:y0.28-0.90,aba25781e62700cce31a490a6872ab00b57083459a0cceaaa1e48fd2b80cc844,
wide,0,0,4g,palette_basalt_median_hex,#030507,hex,x0.58-0.96:y0.28-0.90,aba25781e62700cce31a490a6872ab00b57083459a0cceaaa1e48fd2b80cc844,island-local split; +-2 %H boundary
wide,0,0,4g,palette_basalt_meanS,0.7204715020920593,S,x0.58-0.96:y0.28-0.90,aba25781e62700cce31a490a6872ab00b57083459a0cceaaa1e48fd2b80cc844,
wide,0,0,4g,palette_basalt_meanV,9.439036306272367,levels,x0.58-0.96:y0.28-0.90,aba25781e62700cce31a490a6872ab00b57083459a0cceaaa1e48fd2b80cc844,
wide,0,0,4g,palette_basalt_share,0.21217328750699385,fraction,x0.58-0.96:y0.28-0.90,aba25781e62700cce31a490a6872ab00b57083459a0cceaaa1e48fd2b80cc844,
wide,0,0,4g,palette_basalt_k1_hex,#020305,hex,x0.58-0.96:y0.28-0.90,aba25781e62700cce31a490a6872ab00b57083459a0cceaaa1e48fd2b80cc844,k-means k=3 seed 0; informational
wide,0,0,4g,palette_basalt_k1_share,0.5311617065360709,fraction,x0.58-0.96:y0.28-0.90,aba25781e62700cce31a490a6872ab00b57083459a0cceaaa1e48fd2b80cc844,
wide,0,0,4g,palette_basalt_k2_hex,#05090F,hex,x0.58-0.96:y0.28-0.90,aba25781e62700cce31a490a6872ab00b57083459a0cceaaa1e48fd2b80cc844,k-means k=3 seed 0; informational
wide,0,0,4g,palette_basalt_k2_share,0.32709196647202865,fraction,x0.58-0.96:y0.28-0.90,aba25781e62700cce31a490a6872ab00b57083459a0cceaaa1e48fd2b80cc844,
wide,0,0,4g,palette_basalt_k3_hex,#090805,hex,x0.58-0.96:y0.28-0.90,aba25781e62700cce31a490a6872ab00b57083459a0cceaaa1e48fd2b80cc844,k-means k=3 seed 0; informational
wide,0,0,4g,palette_basalt_k3_share,0.14174632699190054,fraction,x0.58-0.96:y0.28-0.90,aba25781e62700cce31a490a6872ab00b57083459a0cceaaa1e48fd2b80cc844,
wide,0,0,4g,palette_turf_vs_517046_deltaE,32.73511674904895,dE76,x0.58-0.96:y0.28-0.90,aba25781e62700cce31a490a6872ab00b57083459a0cceaaa1e48fd2b80cc844,"informational: #517046 is a reference-reel value, not a hero target"
wide,0,0,4g,palette_basalt_vs_474B59_deltaE,31.77699731513632,dE76,x0.58-0.96:y0.28-0.90,aba25781e62700cce31a490a6872ab00b57083459a0cceaaa1e48fd2b80cc844,"informational: #474B59 is a reference-reel value, not a hero target"
wide,0,0,4h,conifer_dark_area_pct,13.97382960162838,%,x0.62-0.95:y0.28-0.50,aba25781e62700cce31a490a6872ab00b57083459a0cceaaa1e48fd2b80cc844,
wide,0,0,4h,conifer_edge_density,0.20098865949403896,fraction,x0.62-0.95:y0.28-0.50,aba25781e62700cce31a490a6872ab00b57083459a0cceaaa1e48fd2b80cc844,Sobel mag > 12 levels
wide,4.05,486,4a,sky_hex_anchor_0.02,#2C3E4F,hex,x0.02-0.30:y0.02-0.58,aba25781e62700cce31a490a6872ab00b57083459a0cceaaa1e48fd2b80cc844,
wide,4.05,486,4a,sky_anchor_0.02_best_token,sky_top,token,x0.02-0.30:y0.02-0.58,aba25781e62700cce31a490a6872ab00b57083459a0cceaaa1e48fd2b80cc844,
wide,4.05,486,4a,sky_anchor_0.02_deltaE_min,19.176384527742073,dE76,x0.02-0.30:y0.02-0.58,aba25781e62700cce31a490a6872ab00b57083459a0cceaaa1e48fd2b80cc844,nearest of the four settled sky/haze tokens
wide,4.05,486,4a,sky_hex_anchor_0.10,#506D88,hex,x0.02-0.30:y0.02-0.58,aba25781e62700cce31a490a6872ab00b57083459a0cceaaa1e48fd2b80cc844,
wide,4.05,486,4a,sky_anchor_0.10_best_token,sky_top,token,x0.02-0.30:y0.02-0.58,aba25781e62700cce31a490a6872ab00b57083459a0cceaaa1e48fd2b80cc844,
wide,4.05,486,4a,sky_anchor_0.10_deltaE_min,4.64498093904049,dE76,x0.02-0.30:y0.02-0.58,aba25781e62700cce31a490a6872ab00b57083459a0cceaaa1e48fd2b80cc844,nearest of the four settled sky/haze tokens
wide,4.05,486,4a,sky_hex_anchor_0.25,#66829C,hex,x0.02-0.30:y0.02-0.58,aba25781e62700cce31a490a6872ab00b57083459a0cceaaa1e48fd2b80cc844,
wide,4.05,486,4a,sky_anchor_0.25_best_token,sky_mid,token,x0.02-0.30:y0.02-0.58,aba25781e62700cce31a490a6872ab00b57083459a0cceaaa1e48fd2b80cc844,
wide,4.05,486,4a,sky_anchor_0.25_deltaE_min,9.276664971732705,dE76,x0.02-0.30:y0.02-0.58,aba25781e62700cce31a490a6872ab00b57083459a0cceaaa1e48fd2b80cc844,nearest of the four settled sky/haze tokens
wide,4.05,486,4a,sky_hex_anchor_0.40,#899FB5,hex,x0.02-0.30:y0.02-0.58,aba25781e62700cce31a490a6872ab00b57083459a0cceaaa1e48fd2b80cc844,
wide,4.05,486,4a,sky_anchor_0.40_best_token,sky_mid,token,x0.02-0.30:y0.02-0.58,aba25781e62700cce31a490a6872ab00b57083459a0cceaaa1e48fd2b80cc844,
wide,4.05,486,4a,sky_anchor_0.40_deltaE_min,3.798762953503907,dE76,x0.02-0.30:y0.02-0.58,aba25781e62700cce31a490a6872ab00b57083459a0cceaaa1e48fd2b80cc844,nearest of the four settled sky/haze tokens
wide,4.05,486,4a,sky_hex_anchor_0.55,#B8C4D1,hex,x0.02-0.30:y0.02-0.58,aba25781e62700cce31a490a6872ab00b57083459a0cceaaa1e48fd2b80cc844,
wide,4.05,486,4a,sky_anchor_0.55_best_token,sky_low,token,x0.02-0.30:y0.02-0.58,aba25781e62700cce31a490a6872ab00b57083459a0cceaaa1e48fd2b80cc844,
wide,4.05,486,4a,sky_anchor_0.55_deltaE_min,4.012000560028627,dE76,x0.02-0.30:y0.02-0.58,aba25781e62700cce31a490a6872ab00b57083459a0cceaaa1e48fd2b80cc844,nearest of the four settled sky/haze tokens
wide,4.05,486,4a,sky_hex_anchor_0.68,#757A81,hex,x0.02-0.30:y0.02-0.58,aba25781e62700cce31a490a6872ab00b57083459a0cceaaa1e48fd2b80cc844,
wide,4.05,486,4a,sky_anchor_0.68_best_token,haze,token,x0.02-0.30:y0.02-0.58,aba25781e62700cce31a490a6872ab00b57083459a0cceaaa1e48fd2b80cc844,
wide,4.05,486,4a,sky_anchor_0.68_deltaE_min,7.311971564804884,dE76,x0.02-0.30:y0.02-0.58,aba25781e62700cce31a490a6872ab00b57083459a0cceaaa1e48fd2b80cc844,nearest of the four settled sky/haze tokens
wide,4.05,486,4a,sky_hex_top,#4C6984,hex,x0.02-0.30:y0.02-0.58,aba25781e62700cce31a490a6872ab00b57083459a0cceaaa1e48fd2b80cc844,
wide,4.05,486,4a,sky_deltaE_top_vs_sky_top,4.558052771591685,dE76,x0.02-0.30:y0.02-0.58,aba25781e62700cce31a490a6872ab00b57083459a0cceaaa1e48fd2b80cc844,
wide,4.05,486,4a,sky_deltaE_top_vs_sky_mid,19.285508937974708,dE76,x0.02-0.30:y0.02-0.58,aba25781e62700cce31a490a6872ab00b57083459a0cceaaa1e48fd2b80cc844,
wide,4.05,486,4a,sky_deltaE_top_vs_sky_low,33.105271319233644,dE76,x0.02-0.30:y0.02-0.58,aba25781e62700cce31a490a6872ab00b57083459a0cceaaa1e48fd2b80cc844,
wide,4.05,486,4a,sky_deltaE_top_vs_haze,18.41005467559305,dE76,x0.02-0.30:y0.02-0.58,aba25781e62700cce31a490a6872ab00b57083459a0cceaaa1e48fd2b80cc844,
wide,4.05,486,4a,sky_hex_mid,#7E96AC,hex,x0.02-0.30:y0.02-0.58,aba25781e62700cce31a490a6872ab00b57083459a0cceaaa1e48fd2b80cc844,
wide,4.05,486,4a,sky_deltaE_mid_vs_sky_top,17.602795737950636,dE76,x0.02-0.30:y0.02-0.58,aba25781e62700cce31a490a6872ab00b57083459a0cceaaa1e48fd2b80cc844,
wide,4.05,486,4a,sky_deltaE_mid_vs_sky_mid,2.43311208812159,dE76,x0.02-0.30:y0.02-0.58,aba25781e62700cce31a490a6872ab00b57083459a0cceaaa1e48fd2b80cc844,
wide,4.05,486,4a,sky_deltaE_mid_vs_sky_low,14.82676547659395,dE76,x0.02-0.30:y0.02-0.58,aba25781e62700cce31a490a6872ab00b57083459a0cceaaa1e48fd2b80cc844,
wide,4.05,486,4a,sky_deltaE_mid_vs_haze,9.747922369716028,dE76,x0.02-0.30:y0.02-0.58,aba25781e62700cce31a490a6872ab00b57083459a0cceaaa1e48fd2b80cc844,
wide,4.05,486,4a,sky_hex_horizon,#757A81,hex,x0.02-0.30:y0.02-0.58,aba25781e62700cce31a490a6872ab00b57083459a0cceaaa1e48fd2b80cc844,
wide,4.05,486,4a,sky_deltaE_horizon_vs_sky_top,14.721452937900763,dE76,x0.02-0.30:y0.02-0.58,aba25781e62700cce31a490a6872ab00b57083459a0cceaaa1e48fd2b80cc844,
wide,4.05,486,4a,sky_deltaE_horizon_vs_sky_mid,15.009467302585437,dE76,x0.02-0.30:y0.02-0.58,aba25781e62700cce31a490a6872ab00b57083459a0cceaaa1e48fd2b80cc844,
wide,4.05,486,4a,sky_deltaE_horizon_vs_sky_low,24.60028969267062,dE76,x0.02-0.30:y0.02-0.58,aba25781e62700cce31a490a6872ab00b57083459a0cceaaa1e48fd2b80cc844,
wide,4.05,486,4a,sky_deltaE_horizon_vs_haze,7.311971564804884,dE76,x0.02-0.30:y0.02-0.58,aba25781e62700cce31a490a6872ab00b57083459a0cceaaa1e48fd2b80cc844,
wide,4.05,486,4a,haze_hex,#B7C3D0,hex,x0.02-0.30:y0.50-0.60,aba25781e62700cce31a490a6872ab00b57083459a0cceaaa1e48fd2b80cc844,
wide,4.05,486,4a,haze_deltaE_vs_haze_token,22.040610878963584,dE76,x0.02-0.30:y0.50-0.60,aba25781e62700cce31a490a6872ab00b57083459a0cceaaa1e48fd2b80cc844,
wide,4.05,486,4a,sky_slope_R,2.1170665262509747,levels/%H,x0.02-0.30:y0.02-0.58,aba25781e62700cce31a490a6872ab00b57083459a0cceaaa1e48fd2b80cc844,
wide,4.05,486,4a,sky_r2_R,0.9658471397020935,1,x0.02-0.30:y0.02-0.58,aba25781e62700cce31a490a6872ab00b57083459a0cceaaa1e48fd2b80cc844,
wide,4.05,486,4a,sky_slope_G,1.798792318596743,levels/%H,x0.02-0.30:y0.02-0.58,aba25781e62700cce31a490a6872ab00b57083459a0cceaaa1e48fd2b80cc844,
wide,4.05,486,4a,sky_r2_G,0.9733276936084022,1,x0.02-0.30:y0.02-0.58,aba25781e62700cce31a490a6872ab00b57083459a0cceaaa1e48fd2b80cc844,
wide,4.05,486,4a,sky_slope_B,1.5287419267425444,levels/%H,x0.02-0.30:y0.02-0.58,aba25781e62700cce31a490a6872ab00b57083459a0cceaaa1e48fd2b80cc844,
wide,4.05,486,4a,sky_r2_B,0.9764874667912994,1,x0.02-0.30:y0.02-0.58,aba25781e62700cce31a490a6872ab00b57083459a0cceaaa1e48fd2b80cc844,
wide,4.05,486,4b,contrast_rms_D1,11.10083839488296,levels,x0.70-0.95:y0.35-0.75,aba25781e62700cce31a490a6872ab00b57083459a0cceaaa1e48fd2b80cc844,
wide,4.05,486,4b,sat_S_D1,0.3781072345212755,S,x0.70-0.95:y0.35-0.75,aba25781e62700cce31a490a6872ab00b57083459a0cceaaa1e48fd2b80cc844,
wide,4.05,486,4b,value_V_D1,101.50754846643518,levels,x0.70-0.95:y0.35-0.75,aba25781e62700cce31a490a6872ab00b57083459a0cceaaa1e48fd2b80cc844,
wide,4.05,486,4b,contrast_rms_D2,1.4924002805606322,levels,x0.02-0.40:y0.45-0.70,aba25781e62700cce31a490a6872ab00b57083459a0cceaaa1e48fd2b80cc844,
wide,4.05,486,4b,sat_S_D2,0.1476381326364722,S,x0.02-0.40:y0.45-0.70,aba25781e62700cce31a490a6872ab00b57083459a0cceaaa1e48fd2b80cc844,
wide,4.05,486,4b,value_V_D2,202.68374203538698,levels,x0.02-0.40:y0.45-0.70,aba25781e62700cce31a490a6872ab00b57083459a0cceaaa1e48fd2b80cc844,
wide,4.05,486,4b,contrast_rms_D3,0.5379157446673706,levels,x0.02-0.30:y0.50-0.60,aba25781e62700cce31a490a6872ab00b57083459a0cceaaa1e48fd2b80cc844,
wide,4.05,486,4b,sat_S_D3,0.12292832082072297,S,x0.02-0.30:y0.50-0.60,aba25781e62700cce31a490a6872ab00b57083459a0cceaaa1e48fd2b80cc844,
wide,4.05,486,4b,value_V_D3,208.12184323858742,levels,x0.02-0.30:y0.50-0.60,aba25781e62700cce31a490a6872ab00b57083459a0cceaaa1e48fd2b80cc844,
wide,4.05,486,4b,falloff_rms_D2_D1,0.1344403213047916,ratio,x0.02-0.40:y0.45-0.70,aba25781e62700cce31a490a6872ab00b57083459a0cceaaa1e48fd2b80cc844,
wide,4.05,486,4b,falloff_rms_D3_D1,0.04845721787242017,ratio,x0.02-0.30:y0.50-0.60,aba25781e62700cce31a490a6872ab00b57083459a0cceaaa1e48fd2b80cc844,
wide,4.05,486,4b,falloff_sat_D2_D1,0.39046629939095984,ratio,x0.02-0.40:y0.45-0.70,aba25781e62700cce31a490a6872ab00b57083459a0cceaaa1e48fd2b80cc844,
wide,4.05,486,4b,falloff_sat_D3_D1,0.325114966330553,ratio,x0.02-0.30:y0.50-0.60,aba25781e62700cce31a490a6872ab00b57083459a0cceaaa1e48fd2b80cc844,
wide,4.05,486,4c,bloom_peak_L,193.18519999999998,levels,x0.55-0.80:y0.20-0.45,aba25781e62700cce31a490a6872ab00b57083459a0cceaaa1e48fd2b80cc844,
wide,4.05,486,4c,bloom_bg_L,123.0648,levels,x0.55-0.80:y0.20-0.45,aba25781e62700cce31a490a6872ab00b57083459a0cceaaa1e48fd2b80cc844,
wide,4.05,486,4c,bloom_peak_bg_ratio,1.5697843737608153,ratio,x0.55-0.80:y0.20-0.45,aba25781e62700cce31a490a6872ab00b57083459a0cceaaa1e48fd2b80cc844,
wide,4.05,486,4c,bloom_r50_px,1.120530176054711,px,x0.55-0.80:y0.20-0.45,aba25781e62700cce31a490a6872ab00b57083459a0cceaaa1e48fd2b80cc844,"edge-limited: peak sits on the island silhouette, not sky; TOOL (ESRGAN/HEVC) — not a resolvable sky-side halo"
wide,4.05,486,4c,bloom_r50_pctH,0.051876397039569956,%H,x0.55-0.80:y0.20-0.45,aba25781e62700cce31a490a6872ab00b57083459a0cceaaa1e48fd2b80cc844,
wide,4.05,486,4c,bloom_falloff_10_90_px,1.2502138947368424,px,x0.55-0.80:y0.20-0.45,aba25781e62700cce31a490a6872ab00b57083459a0cceaaa1e48fd2b80cc844,
wide,4.05,486,4d,shadow_p0_1,1,levels,x0.58-0.96:y0.55-0.90,aba25781e62700cce31a490a6872ab00b57083459a0cceaaa1e48fd2b80cc844,
wide,4.05,486,4d,shadow_p1,2.5708,levels,x0.58-0.96:y0.55-0.90,aba25781e62700cce31a490a6872ab00b57083459a0cceaaa1e48fd2b80cc844,black floor = p1; HEVC crush is the limit
wide,4.05,486,4d,shadow_p5,6.7192,levels,x0.58-0.96:y0.55-0.90,aba25781e62700cce31a490a6872ab00b57083459a0cceaaa1e48fd2b80cc844,
wide,4.05,486,4d,shadow_p50,106.80340000000001,levels,x0.58-0.96:y0.55-0.90,aba25781e62700cce31a490a6872ab00b57083459a0cceaaa1e48fd2b80cc844,
wide,4.05,486,4d,shadow_min,0,levels,x0.58-0.96:y0.55-0.90,aba25781e62700cce31a490a6872ab00b57083459a0cceaaa1e48fd2b80cc844,
wide,4.05,486,4d,shadow_floor_lifted,0,bool,x0.58-0.96:y0.55-0.90,aba25781e62700cce31a490a6872ab00b57083459a0cceaaa1e48fd2b80cc844,"1 = p1 >= 8 levels, i.e. clearly above the codec floor"
wide,4.05,486,4e,dof_lapvar_D1,218.20834583319817,levels2,x0.70-0.95:y0.35-0.75,aba25781e62700cce31a490a6872ab00b57083459a0cceaaa1e48fd2b80cc844,
wide,4.05,486,4e,dof_lapvar_D2,3.7380431847372813,levels2,x0.02-0.40:y0.45-0.70,aba25781e62700cce31a490a6872ab00b57083459a0cceaaa1e48fd2b80cc844,
wide,4.05,486,4e,dof_lapvar_D3,0.9481843984089874,levels2,x0.02-0.30:y0.50-0.60,aba25781e62700cce31a490a6872ab00b57083459a0cceaaa1e48fd2b80cc844,
wide,4.05,486,4e,dof_ratio_D1_D2,58.3750200436848,ratio,x0.02-0.40:y0.45-0.70,aba25781e62700cce31a490a6872ab00b57083459a0cceaaa1e48fd2b80cc844,
wide,4.05,486,4e,dof_sigma_D2_px,1.75811767578125,px,x0.02-0.40:y0.45-0.70,aba25781e62700cce31a490a6872ab00b57083459a0cceaaa1e48fd2b80cc844,D1 blurred to match band; sharp end is TOOL
wide,4.05,486,4e,dof_sigma_D2_pctH,0.08139433684172453,%H,x0.02-0.40:y0.45-0.70,aba25781e62700cce31a490a6872ab00b57083459a0cceaaa1e48fd2b80cc844,
wide,4.05,486,4e,dof_sigma_D3_px,2.74444580078125,px,x0.02-0.30:y0.50-0.60,aba25781e62700cce31a490a6872ab00b57083459a0cceaaa1e48fd2b80cc844,D1 blurred to match band; sharp end is TOOL
wide,4.05,486,4e,dof_sigma_D3_pctH,0.1270576759620949,%H,x0.02-0.30:y0.50-0.60,aba25781e62700cce31a490a6872ab00b57083459a0cceaaa1e48fd2b80cc844,
wide,4.05,486,4f,grain_sigma_R,0.37673654618520636,levels,x0.02-0.50:y0.02-0.42,aba25781e62700cce31a490a6872ab00b57083459a0cceaaa1e48fd2b80cc844,TOOL (ESRGAN/RIFE); native 4K
wide,4.05,486,4f,grain_sigma_G,0.32768204645788507,levels,x0.02-0.50:y0.02-0.42,aba25781e62700cce31a490a6872ab00b57083459a0cceaaa1e48fd2b80cc844,TOOL (ESRGAN/RIFE); native 4K
wide,4.05,486,4f,grain_sigma_B,0.37383312932773716,levels,x0.02-0.50:y0.02-0.42,aba25781e62700cce31a490a6872ab00b57083459a0cceaaa1e48fd2b80cc844,TOOL (ESRGAN/RIFE); native 4K
wide,4.05,486,4f,grain_acf_halfmax_x,2,px,x0.02-0.50:y0.02-0.42,aba25781e62700cce31a490a6872ab00b57083459a0cceaaa1e48fd2b80cc844,
wide,4.05,486,4f,grain_acf_zerocross_x,179,px,x0.02-0.50:y0.02-0.42,aba25781e62700cce31a490a6872ab00b57083459a0cceaaa1e48fd2b80cc844,
wide,4.05,486,4f,grain_acf_halfmax_y,1,px,x0.02-0.50:y0.02-0.42,aba25781e62700cce31a490a6872ab00b57083459a0cceaaa1e48fd2b80cc844,
wide,4.05,486,4f,grain_acf_zerocross_y,3,px,x0.02-0.50:y0.02-0.42,aba25781e62700cce31a490a6872ab00b57083459a0cceaaa1e48fd2b80cc844,
wide,4.05,486,4g,palette_turf_median_hex,#1E2810,hex,x0.58-0.96:y0.28-0.90,aba25781e62700cce31a490a6872ab00b57083459a0cceaaa1e48fd2b80cc844,island-local split; +-2 %H boundary
wide,4.05,486,4g,palette_turf_meanS,0.5839526560943286,S,x0.58-0.96:y0.28-0.90,aba25781e62700cce31a490a6872ab00b57083459a0cceaaa1e48fd2b80cc844,
wide,4.05,486,4g,palette_turf_meanV,45.78866636663666,levels,x0.58-0.96:y0.28-0.90,aba25781e62700cce31a490a6872ab00b57083459a0cceaaa1e48fd2b80cc844,
wide,4.05,486,4g,palette_turf_share,0.13150652501997456,fraction,x0.58-0.96:y0.28-0.90,aba25781e62700cce31a490a6872ab00b57083459a0cceaaa1e48fd2b80cc844,
wide,4.05,486,4g,palette_turf_k1_hex,#121B0A,hex,x0.58-0.96:y0.28-0.90,aba25781e62700cce31a490a6872ab00b57083459a0cceaaa1e48fd2b80cc844,k-means k=3 seed 0; informational
wide,4.05,486,4g,palette_turf_k1_share,0.5407478247824783,fraction,x0.58-0.96:y0.28-0.90,aba25781e62700cce31a490a6872ab00b57083459a0cceaaa1e48fd2b80cc844,
wide,4.05,486,4g,palette_turf_k2_hex,#323C1B,hex,x0.58-0.96:y0.28-0.90,aba25781e62700cce31a490a6872ab00b57083459a0cceaaa1e48fd2b80cc844,k-means k=3 seed 0; informational
wide,4.05,486,4g,palette_turf_k2_share,0.3755531803180318,fraction,x0.58-0.96:y0.28-0.90,aba25781e62700cce31a490a6872ab00b57083459a0cceaaa1e48fd2b80cc844,
wide,4.05,486,4g,palette_turf_k3_hex,#5D6947,hex,x0.58-0.96:y0.28-0.90,aba25781e62700cce31a490a6872ab00b57083459a0cceaaa1e48fd2b80cc844,k-means k=3 seed 0; informational
wide,4.05,486,4g,palette_turf_k3_share,0.08369899489948995,fraction,x0.58-0.96:y0.28-0.90,aba25781e62700cce31a490a6872ab00b57083459a0cceaaa1e48fd2b80cc844,
wide,4.05,486,4g,palette_moss_median_hex,#394314,hex,x0.58-0.96:y0.28-0.90,aba25781e62700cce31a490a6872ab00b57083459a0cceaaa1e48fd2b80cc844,island-local split; +-2 %H boundary
wide,4.05,486,4g,palette_moss_meanS,0.6566201245626911,S,x0.58-0.96:y0.28-0.90,aba25781e62700cce31a490a6872ab00b57083459a0cceaaa1e48fd2b80cc844,
wide,4.05,486,4g,palette_moss_meanV,68.7250803706057,levels,x0.58-0.96:y0.28-0.90,aba25781e62700cce31a490a6872ab00b57083459a0cceaaa1e48fd2b80cc844,
wide,4.05,486,4g,palette_moss_share,0.1300182976750609,fraction,x0.58-0.96:y0.28-0.90,aba25781e62700cce31a490a6872ab00b57083459a0cceaaa1e48fd2b80cc844,
wide,4.05,486,4g,palette_moss_k1_hex,#424C19,hex,x0.58-0.96:y0.28-0.90,aba25781e62700cce31a490a6872ab00b57083459a0cceaaa1e48fd2b80cc844,k-means k=3 seed 0; informational
wide,4.05,486,4g,palette_moss_k1_share,0.46135098483627157,fraction,x0.58-0.96:y0.28-0.90,aba25781e62700cce31a490a6872ab00b57083459a0cceaaa1e48fd2b80cc844,
wide,4.05,486,4g,palette_moss_k2_hex,#20280B,hex,x0.58-0.96:y0.28-0.90,aba25781e62700cce31a490a6872ab00b57083459a0cceaaa1e48fd2b80cc844,k-means k=3 seed 0; informational
wide,4.05,486,4g,palette_moss_k2_share,0.368159015258561,fraction,x0.58-0.96:y0.28-0.90,aba25781e62700cce31a490a6872ab00b57083459a0cceaaa1e48fd2b80cc844,
wide,4.05,486,4g,palette_moss_k3_hex,#697138,hex,x0.58-0.96:y0.28-0.90,aba25781e62700cce31a490a6872ab00b57083459a0cceaaa1e48fd2b80cc844,k-means k=3 seed 0; informational
wide,4.05,486,4g,palette_moss_k3_share,0.17048999990516742,fraction,x0.58-0.96:y0.28-0.90,aba25781e62700cce31a490a6872ab00b57083459a0cceaaa1e48fd2b80cc844,
wide,4.05,486,4g,palette_soil_median_hex,#2B2C2C,hex,x0.58-0.96:y0.28-0.90,aba25781e62700cce31a490a6872ab00b57083459a0cceaaa1e48fd2b80cc844,island-local split; +-2 %H boundary
wide,4.05,486,4g,palette_soil_meanS,0.28399536320745683,S,x0.58-0.96:y0.28-0.90,aba25781e62700cce31a490a6872ab00b57083459a0cceaaa1e48fd2b80cc844,
wide,4.05,486,4g,palette_soil_meanV,61.5993878377011,levels,x0.58-0.96:y0.28-0.90,aba25781e62700cce31a490a6872ab00b57083459a0cceaaa1e48fd2b80cc844,
wide,4.05,486,4g,palette_soil_share,0.34119985401315855,fraction,x0.58-0.96:y0.28-0.90,aba25781e62700cce31a490a6872ab00b57083459a0cceaaa1e48fd2b80cc844,
wide,4.05,486,4g,palette_soil_k1_hex,#212222,hex,x0.58-0.96:y0.28-0.90,aba25781e62700cce31a490a6872ab00b57083459a0cceaaa1e48fd2b80cc844,k-means k=3 seed 0; informational
wide,4.05,486,4g,palette_soil_k1_share,0.6170588745464796,fraction,x0.58-0.96:y0.28-0.90,aba25781e62700cce31a490a6872ab00b57083459a0cceaaa1e48fd2b80cc844,
wide,4.05,486,4g,palette_soil_k2_hex,#474747,hex,x0.58-0.96:y0.28-0.90,aba25781e62700cce31a490a6872ab00b57083459a0cceaaa1e48fd2b80cc844,k-means k=3 seed 0; informational
wide,4.05,486,4g,palette_soil_k2_share,0.2974227027652101,fraction,x0.58-0.96:y0.28-0.90,aba25781e62700cce31a490a6872ab00b57083459a0cceaaa1e48fd2b80cc844,
wide,4.05,486,4g,palette_soil_k3_hex,#84898E,hex,x0.58-0.96:y0.28-0.90,aba25781e62700cce31a490a6872ab00b57083459a0cceaaa1e48fd2b80cc844,k-means k=3 seed 0; informational
wide,4.05,486,4g,palette_soil_k3_share,0.08551842268831038,fraction,x0.58-0.96:y0.28-0.90,aba25781e62700cce31a490a6872ab00b57083459a0cceaaa1e48fd2b80cc844,
wide,4.05,486,4g,palette_pebble_median_hex,#1F1D0D,hex,x0.58-0.96:y0.28-0.90,aba25781e62700cce31a490a6872ab00b57083459a0cceaaa1e48fd2b80cc844,island-local split; +-2 %H boundary
wide,4.05,486,4g,palette_pebble_meanS,0.5461039093471206,S,x0.58-0.96:y0.28-0.90,aba25781e62700cce31a490a6872ab00b57083459a0cceaaa1e48fd2b80cc844,
wide,4.05,486,4g,palette_pebble_meanV,41.36243796823207,levels,x0.58-0.96:y0.28-0.90,aba25781e62700cce31a490a6872ab00b57083459a0cceaaa1e48fd2b80cc844,
wide,4.05,486,4g,palette_pebble_share,0.0643513449530968,fraction,x0.58-0.96:y0.28-0.90,aba25781e62700cce31a490a6872ab00b57083459a0cceaaa1e48fd2b80cc844,
wide,4.05,486,4g,palette_pebble_k1_hex,#111009,hex,x0.58-0.96:y0.28-0.90,aba25781e62700cce31a490a6872ab00b57083459a0cceaaa1e48fd2b80cc844,k-means k=3 seed 0; informational
wide,4.05,486,4g,palette_pebble_k1_share,0.5526240156348796,fraction,x0.58-0.96:y0.28-0.90,aba25781e62700cce31a490a6872ab00b57083459a0cceaaa1e48fd2b80cc844,
wide,4.05,486,4g,palette_pebble_k2_hex,#373618,hex,x0.58-0.96:y0.28-0.90,aba25781e62700cce31a490a6872ab00b57083459a0cceaaa1e48fd2b80cc844,k-means k=3 seed 0; informational
wide,4.05,486,4g,palette_pebble_k2_share,0.32126228660113815,fraction,x0.58-0.96:y0.28-0.90,aba25781e62700cce31a490a6872ab00b57083459a0cceaaa1e48fd2b80cc844,
wide,4.05,486,4g,palette_pebble_k3_hex,#63653C,hex,x0.58-0.96:y0.28-0.90,aba25781e62700cce31a490a6872ab00b57083459a0cceaaa1e48fd2b80cc844,k-means k=3 seed 0; informational
wide,4.05,486,4g,palette_pebble_k3_share,0.1261136977639823,fraction,x0.58-0.96:y0.28-0.90,aba25781e62700cce31a490a6872ab00b57083459a0cceaaa1e48fd2b80cc844,
wide,4.05,486,4g,palette_basalt_median_hex,#090C0F,hex,x0.58-0.96:y0.28-0.90,aba25781e62700cce31a490a6872ab00b57083459a0cceaaa1e48fd2b80cc844,island-local split; +-2 %H boundary
wide,4.05,486,4g,palette_basalt_meanS,0.5260399900050972,S,x0.58-0.96:y0.28-0.90,aba25781e62700cce31a490a6872ab00b57083459a0cceaaa1e48fd2b80cc844,
wide,4.05,486,4g,palette_basalt_meanV,16.79940620987447,levels,x0.58-0.96:y0.28-0.90,aba25781e62700cce31a490a6872ab00b57083459a0cceaaa1e48fd2b80cc844,
wide,4.05,486,4g,palette_basalt_share,0.22758288205644167,fraction,x0.58-0.96:y0.28-0.90,aba25781e62700cce31a490a6872ab00b57083459a0cceaaa1e48fd2b80cc844,
wide,4.05,486,4g,palette_basalt_k1_hex,#050609,hex,x0.58-0.96:y0.28-0.90,aba25781e62700cce31a490a6872ab00b57083459a0cceaaa1e48fd2b80cc844,k-means k=3 seed 0; informational
wide,4.05,486,4g,palette_basalt_k1_share,0.4251992393418465,fraction,x0.58-0.96:y0.28-0.90,aba25781e62700cce31a490a6872ab00b57083459a0cceaaa1e48fd2b80cc844,
wide,4.05,486,4g,palette_basalt_k2_hex,#0C1017,hex,x0.58-0.96:y0.28-0.90,aba25781e62700cce31a490a6872ab00b57083459a0cceaaa1e48fd2b80cc844,k-means k=3 seed 0; informational
wide,4.05,486,4g,palette_basalt_k2_share,0.414742898627673,fraction,x0.58-0.96:y0.28-0.90,aba25781e62700cce31a490a6872ab00b57083459a0cceaaa1e48fd2b80cc844,
wide,4.05,486,4g,palette_basalt_k3_hex,#110F0A,hex,x0.58-0.96:y0.28-0.90,aba25781e62700cce31a490a6872ab00b57083459a0cceaaa1e48fd2b80cc844,k-means k=3 seed 0; informational
wide,4.05,486,4g,palette_basalt_k3_share,0.1600578620304805,fraction,x0.58-0.96:y0.28-0.90,aba25781e62700cce31a490a6872ab00b57083459a0cceaaa1e48fd2b80cc844,
wide,4.05,486,4g,palette_turf_vs_517046_deltaE,31.638535961204205,dE76,x0.58-0.96:y0.28-0.90,aba25781e62700cce31a490a6872ab00b57083459a0cceaaa1e48fd2b80cc844,"informational: #517046 is a reference-reel value, not a hero target"
wide,4.05,486,4g,palette_basalt_vs_474B59_deltaE,29.751144958272743,dE76,x0.58-0.96:y0.28-0.90,aba25781e62700cce31a490a6872ab00b57083459a0cceaaa1e48fd2b80cc844,"informational: #474B59 is a reference-reel value, not a hero target"
wide,4.05,486,4h,conifer_dark_area_pct,13.263822539774853,%,x0.62-0.95:y0.28-0.50,aba25781e62700cce31a490a6872ab00b57083459a0cceaaa1e48fd2b80cc844,
wide,4.05,486,4h,conifer_edge_density,0.18024342624517095,fraction,x0.62-0.95:y0.28-0.50,aba25781e62700cce31a490a6872ab00b57083459a0cceaaa1e48fd2b80cc844,Sobel mag > 12 levels
wide,8.10,972,4a,sky_hex_anchor_0.02,#2D3E4F,hex,x0.02-0.30:y0.02-0.58,aba25781e62700cce31a490a6872ab00b57083459a0cceaaa1e48fd2b80cc844,
wide,8.10,972,4a,sky_anchor_0.02_best_token,sky_top,token,x0.02-0.30:y0.02-0.58,aba25781e62700cce31a490a6872ab00b57083459a0cceaaa1e48fd2b80cc844,
wide,8.10,972,4a,sky_anchor_0.02_deltaE_min,19.266212960398494,dE76,x0.02-0.30:y0.02-0.58,aba25781e62700cce31a490a6872ab00b57083459a0cceaaa1e48fd2b80cc844,nearest of the four settled sky/haze tokens
wide,8.10,972,4a,sky_hex_anchor_0.10,#506D88,hex,x0.02-0.30:y0.02-0.58,aba25781e62700cce31a490a6872ab00b57083459a0cceaaa1e48fd2b80cc844,
wide,8.10,972,4a,sky_anchor_0.10_best_token,sky_top,token,x0.02-0.30:y0.02-0.58,aba25781e62700cce31a490a6872ab00b57083459a0cceaaa1e48fd2b80cc844,
wide,8.10,972,4a,sky_anchor_0.10_deltaE_min,4.491600293374066,dE76,x0.02-0.30:y0.02-0.58,aba25781e62700cce31a490a6872ab00b57083459a0cceaaa1e48fd2b80cc844,nearest of the four settled sky/haze tokens
wide,8.10,972,4a,sky_hex_anchor_0.25,#66829C,hex,x0.02-0.30:y0.02-0.58,aba25781e62700cce31a490a6872ab00b57083459a0cceaaa1e48fd2b80cc844,
wide,8.10,972,4a,sky_anchor_0.25_best_token,sky_mid,token,x0.02-0.30:y0.02-0.58,aba25781e62700cce31a490a6872ab00b57083459a0cceaaa1e48fd2b80cc844,
wide,8.10,972,4a,sky_anchor_0.25_deltaE_min,9.29975491614773,dE76,x0.02-0.30:y0.02-0.58,aba25781e62700cce31a490a6872ab00b57083459a0cceaaa1e48fd2b80cc844,nearest of the four settled sky/haze tokens
wide,8.10,972,4a,sky_hex_anchor_0.40,#899FB5,hex,x0.02-0.30:y0.02-0.58,aba25781e62700cce31a490a6872ab00b57083459a0cceaaa1e48fd2b80cc844,
wide,8.10,972,4a,sky_anchor_0.40_best_token,sky_mid,token,x0.02-0.30:y0.02-0.58,aba25781e62700cce31a490a6872ab00b57083459a0cceaaa1e48fd2b80cc844,
wide,8.10,972,4a,sky_anchor_0.40_deltaE_min,3.860252195308959,dE76,x0.02-0.30:y0.02-0.58,aba25781e62700cce31a490a6872ab00b57083459a0cceaaa1e48fd2b80cc844,nearest of the four settled sky/haze tokens
wide,8.10,972,4a,sky_hex_anchor_0.55,#B8C4D1,hex,x0.02-0.30:y0.02-0.58,aba25781e62700cce31a490a6872ab00b57083459a0cceaaa1e48fd2b80cc844,
wide,8.10,972,4a,sky_anchor_0.55_best_token,sky_low,token,x0.02-0.30:y0.02-0.58,aba25781e62700cce31a490a6872ab00b57083459a0cceaaa1e48fd2b80cc844,
wide,8.10,972,4a,sky_anchor_0.55_deltaE_min,4.004846999488857,dE76,x0.02-0.30:y0.02-0.58,aba25781e62700cce31a490a6872ab00b57083459a0cceaaa1e48fd2b80cc844,nearest of the four settled sky/haze tokens
wide,8.10,972,4a,sky_hex_anchor_0.68,#757B81,hex,x0.02-0.30:y0.02-0.58,aba25781e62700cce31a490a6872ab00b57083459a0cceaaa1e48fd2b80cc844,
wide,8.10,972,4a,sky_anchor_0.68_best_token,haze,token,x0.02-0.30:y0.02-0.58,aba25781e62700cce31a490a6872ab00b57083459a0cceaaa1e48fd2b80cc844,
wide,8.10,972,4a,sky_anchor_0.68_deltaE_min,7.283072515176773,dE76,x0.02-0.30:y0.02-0.58,aba25781e62700cce31a490a6872ab00b57083459a0cceaaa1e48fd2b80cc844,nearest of the four settled sky/haze tokens
wide,8.10,972,4a,sky_hex_top,#4C6983,hex,x0.02-0.30:y0.02-0.58,aba25781e62700cce31a490a6872ab00b57083459a0cceaaa1e48fd2b80cc844,
wide,8.10,972,4a,sky_deltaE_top_vs_sky_top,4.292130932199237,dE76,x0.02-0.30:y0.02-0.58,aba25781e62700cce31a490a6872ab00b57083459a0cceaaa1e48fd2b80cc844,
wide,8.10,972,4a,sky_deltaE_top_vs_sky_mid,19.24228726929756,dE76,x0.02-0.30:y0.02-0.58,aba25781e62700cce31a490a6872ab00b57083459a0cceaaa1e48fd2b80cc844,
wide,8.10,972,4a,sky_deltaE_top_vs_sky_low,33.069717686406115,dE76,x0.02-0.30:y0.02-0.58,aba25781e62700cce31a490a6872ab00b57083459a0cceaaa1e48fd2b80cc844,
wide,8.10,972,4a,sky_deltaE_top_vs_haze,18.233708655062646,dE76,x0.02-0.30:y0.02-0.58,aba25781e62700cce31a490a6872ab00b57083459a0cceaaa1e48fd2b80cc844,
wide,8.10,972,4a,sky_hex_mid,#7E96AC,hex,x0.02-0.30:y0.02-0.58,aba25781e62700cce31a490a6872ab00b57083459a0cceaaa1e48fd2b80cc844,
wide,8.10,972,4a,sky_deltaE_mid_vs_sky_top,17.546330718982418,dE76,x0.02-0.30:y0.02-0.58,aba25781e62700cce31a490a6872ab00b57083459a0cceaaa1e48fd2b80cc844,
wide,8.10,972,4a,sky_deltaE_mid_vs_sky_mid,2.467331212337157,dE76,x0.02-0.30:y0.02-0.58,aba25781e62700cce31a490a6872ab00b57083459a0cceaaa1e48fd2b80cc844,
wide,8.10,972,4a,sky_deltaE_mid_vs_sky_low,14.87073238588491,dE76,x0.02-0.30:y0.02-0.58,aba25781e62700cce31a490a6872ab00b57083459a0cceaaa1e48fd2b80cc844,
wide,8.10,972,4a,sky_deltaE_mid_vs_haze,9.671557719296642,dE76,x0.02-0.30:y0.02-0.58,aba25781e62700cce31a490a6872ab00b57083459a0cceaaa1e48fd2b80cc844,
wide,8.10,972,4a,sky_hex_horizon,#757B81,hex,x0.02-0.30:y0.02-0.58,aba25781e62700cce31a490a6872ab00b57083459a0cceaaa1e48fd2b80cc844,
wide,8.10,972,4a,sky_deltaE_horizon_vs_sky_top,14.764131065720607,dE76,x0.02-0.30:y0.02-0.58,aba25781e62700cce31a490a6872ab00b57083459a0cceaaa1e48fd2b80cc844,
wide,8.10,972,4a,sky_deltaE_horizon_vs_sky_mid,15.013220935939703,dE76,x0.02-0.30:y0.02-0.58,aba25781e62700cce31a490a6872ab00b57083459a0cceaaa1e48fd2b80cc844,
wide,8.10,972,4a,sky_deltaE_horizon_vs_sky_low,24.581395936187235,dE76,x0.02-0.30:y0.02-0.58,aba25781e62700cce31a490a6872ab00b57083459a0cceaaa1e48fd2b80cc844,
wide,8.10,972,4a,sky_deltaE_horizon_vs_haze,7.283072515176773,dE76,x0.02-0.30:y0.02-0.58,aba25781e62700cce31a490a6872ab00b57083459a0cceaaa1e48fd2b80cc844,
wide,8.10,972,4a,haze_hex,#B7C3D0,hex,x0.02-0.30:y0.50-0.60,aba25781e62700cce31a490a6872ab00b57083459a0cceaaa1e48fd2b80cc844,
wide,8.10,972,4a,haze_deltaE_vs_haze_token,22.050620528126906,dE76,x0.02-0.30:y0.50-0.60,aba25781e62700cce31a490a6872ab00b57083459a0cceaaa1e48fd2b80cc844,
wide,8.10,972,4a,sky_slope_R,2.115159535936501,levels/%H,x0.02-0.30:y0.02-0.58,aba25781e62700cce31a490a6872ab00b57083459a0cceaaa1e48fd2b80cc844,
wide,8.10,972,4a,sky_r2_R,0.9654837146923687,1,x0.02-0.30:y0.02-0.58,aba25781e62700cce31a490a6872ab00b57083459a0cceaaa1e48fd2b80cc844,
wide,8.10,972,4a,sky_slope_G,1.8039660846436125,levels/%H,x0.02-0.30:y0.02-0.58,aba25781e62700cce31a490a6872ab00b57083459a0cceaaa1e48fd2b80cc844,
wide,8.10,972,4a,sky_r2_G,0.9732436912928346,1,x0.02-0.30:y0.02-0.58,aba25781e62700cce31a490a6872ab00b57083459a0cceaaa1e48fd2b80cc844,
wide,8.10,972,4a,sky_slope_B,1.5379038955889812,levels/%H,x0.02-0.30:y0.02-0.58,aba25781e62700cce31a490a6872ab00b57083459a0cceaaa1e48fd2b80cc844,
wide,8.10,972,4a,sky_r2_B,0.9766893058464862,1,x0.02-0.30:y0.02-0.58,aba25781e62700cce31a490a6872ab00b57083459a0cceaaa1e48fd2b80cc844,
wide,8.10,972,4b,contrast_rms_D1,7.587996075761538,levels,x0.70-0.95:y0.35-0.75,aba25781e62700cce31a490a6872ab00b57083459a0cceaaa1e48fd2b80cc844,
wide,8.10,972,4b,sat_S_D1,0.36949545043774246,S,x0.70-0.95:y0.35-0.75,aba25781e62700cce31a490a6872ab00b57083459a0cceaaa1e48fd2b80cc844,
wide,8.10,972,4b,value_V_D1,93.58468846450617,levels,x0.70-0.95:y0.35-0.75,aba25781e62700cce31a490a6872ab00b57083459a0cceaaa1e48fd2b80cc844,
wide,8.10,972,4b,contrast_rms_D2,1.4923401688498033,levels,x0.02-0.40:y0.45-0.70,aba25781e62700cce31a490a6872ab00b57083459a0cceaaa1e48fd2b80cc844,
wide,8.10,972,4b,sat_S_D2,0.14725001366098703,S,x0.02-0.40:y0.45-0.70,aba25781e62700cce31a490a6872ab00b57083459a0cceaaa1e48fd2b80cc844,
wide,8.10,972,4b,value_V_D2,202.76295534739674,levels,x0.02-0.40:y0.45-0.70,aba25781e62700cce31a490a6872ab00b57083459a0cceaaa1e48fd2b80cc844,
wide,8.10,972,4b,contrast_rms_D3,0.5353291871452308,levels,x0.02-0.30:y0.50-0.60,aba25781e62700cce31a490a6872ab00b57083459a0cceaaa1e48fd2b80cc844,
wide,8.10,972,4b,sat_S_D3,0.12261740861178551,S,x0.02-0.30:y0.50-0.60,aba25781e62700cce31a490a6872ab00b57083459a0cceaaa1e48fd2b80cc844,
wide,8.10,972,4b,value_V_D3,208.1335142118863,levels,x0.02-0.30:y0.50-0.60,aba25781e62700cce31a490a6872ab00b57083459a0cceaaa1e48fd2b80cc844,
wide,8.10,972,4b,falloff_rms_D2_D1,0.1966711835311579,ratio,x0.02-0.40:y0.45-0.70,aba25781e62700cce31a490a6872ab00b57083459a0cceaaa1e48fd2b80cc844,
wide,8.10,972,4b,falloff_rms_D3_D1,0.07054948128600669,ratio,x0.02-0.30:y0.50-0.60,aba25781e62700cce31a490a6872ab00b57083459a0cceaaa1e48fd2b80cc844,
wide,8.10,972,4b,falloff_sat_D2_D1,0.398516445835908,ratio,x0.02-0.40:y0.45-0.70,aba25781e62700cce31a490a6872ab00b57083459a0cceaaa1e48fd2b80cc844,
wide,8.10,972,4b,falloff_sat_D3_D1,0.3318509293322022,ratio,x0.02-0.30:y0.50-0.60,aba25781e62700cce31a490a6872ab00b57083459a0cceaaa1e48fd2b80cc844,
wide,8.10,972,4c,bloom_peak_L,191.46079999999998,levels,x0.55-0.80:y0.20-0.45,aba25781e62700cce31a490a6872ab00b57083459a0cceaaa1e48fd2b80cc844,
wide,8.10,972,4c,bloom_bg_L,123.4992,levels,x0.55-0.80:y0.20-0.45,aba25781e62700cce31a490a6872ab00b57083459a0cceaaa1e48fd2b80cc844,
wide,8.10,972,4c,bloom_peak_bg_ratio,1.5502999209711479,ratio,x0.55-0.80:y0.20-0.45,aba25781e62700cce31a490a6872ab00b57083459a0cceaaa1e48fd2b80cc844,
wide,8.10,972,4c,bloom_r50_px,1.17928963927984,px,x0.55-0.80:y0.20-0.45,aba25781e62700cce31a490a6872ab00b57083459a0cceaaa1e48fd2b80cc844,"edge-limited: peak sits on the island silhouette, not sky; TOOL (ESRGAN/HEVC) — not a resolvable sky-side halo"
wide,8.10,972,4c,bloom_r50_pctH,0.05459674255925186,%H,x0.55-0.80:y0.20-0.45,aba25781e62700cce31a490a6872ab00b57083459a0cceaaa1e48fd2b80cc844,
wide,8.10,972,4c,bloom_falloff_10_90_px,1.453422992177669,px,x0.55-0.80:y0.20-0.45,aba25781e62700cce31a490a6872ab00b57083459a0cceaaa1e48fd2b80cc844,
wide,8.10,972,4d,shadow_p0_1,1.5655999999999999,levels,x0.58-0.96:y0.55-0.90,aba25781e62700cce31a490a6872ab00b57083459a0cceaaa1e48fd2b80cc844,
wide,8.10,972,4d,shadow_p1,2.5736,levels,x0.58-0.96:y0.55-0.90,aba25781e62700cce31a490a6872ab00b57083459a0cceaaa1e48fd2b80cc844,black floor = p1; HEVC crush is the limit
wide,8.10,972,4d,shadow_p5,6.928999999999999,levels,x0.58-0.96:y0.55-0.90,aba25781e62700cce31a490a6872ab00b57083459a0cceaaa1e48fd2b80cc844,
wide,8.10,972,4d,shadow_p50,63.770799999999994,levels,x0.58-0.96:y0.55-0.90,aba25781e62700cce31a490a6872ab00b57083459a0cceaaa1e48fd2b80cc844,
wide,8.10,972,4d,shadow_min,0,levels,x0.58-0.96:y0.55-0.90,aba25781e62700cce31a490a6872ab00b57083459a0cceaaa1e48fd2b80cc844,
wide,8.10,972,4d,shadow_floor_lifted,0,bool,x0.58-0.96:y0.55-0.90,aba25781e62700cce31a490a6872ab00b57083459a0cceaaa1e48fd2b80cc844,"1 = p1 >= 8 levels, i.e. clearly above the codec floor"
wide,8.10,972,4e,dof_lapvar_D1,122.2876504091626,levels2,x0.70-0.95:y0.35-0.75,aba25781e62700cce31a490a6872ab00b57083459a0cceaaa1e48fd2b80cc844,
wide,8.10,972,4e,dof_lapvar_D2,3.576366860353564,levels2,x0.02-0.40:y0.45-0.70,aba25781e62700cce31a490a6872ab00b57083459a0cceaaa1e48fd2b80cc844,
wide,8.10,972,4e,dof_lapvar_D3,0.9807990048809406,levels2,x0.02-0.30:y0.50-0.60,aba25781e62700cce31a490a6872ab00b57083459a0cceaaa1e48fd2b80cc844,
wide,8.10,972,4e,dof_ratio_D1_D2,34.19326237607321,ratio,x0.02-0.40:y0.45-0.70,aba25781e62700cce31a490a6872ab00b57083459a0cceaaa1e48fd2b80cc844,
wide,8.10,972,4e,dof_sigma_D2_px,1.38519287109375,px,x0.02-0.40:y0.45-0.70,aba25781e62700cce31a490a6872ab00b57083459a0cceaaa1e48fd2b80cc844,D1 blurred to match band; sharp end is TOOL
wide,8.10,972,4e,dof_sigma_D2_pctH,0.06412929958767362,%H,x0.02-0.40:y0.45-0.70,aba25781e62700cce31a490a6872ab00b57083459a0cceaaa1e48fd2b80cc844,
wide,8.10,972,4e,dof_sigma_D3_px,2.06207275390625,px,x0.02-0.30:y0.50-0.60,aba25781e62700cce31a490a6872ab00b57083459a0cceaaa1e48fd2b80cc844,D1 blurred to match band; sharp end is TOOL
wide,8.10,972,4e,dof_sigma_D3_pctH,0.09546633119936343,%H,x0.02-0.30:y0.50-0.60,aba25781e62700cce31a490a6872ab00b57083459a0cceaaa1e48fd2b80cc844,
wide,8.10,972,4f,grain_sigma_R,0.35564654016763386,levels,x0.02-0.50:y0.02-0.42,aba25781e62700cce31a490a6872ab00b57083459a0cceaaa1e48fd2b80cc844,TOOL (ESRGAN/RIFE); native 4K
wide,8.10,972,4f,grain_sigma_G,0.3153359211973377,levels,x0.02-0.50:y0.02-0.42,aba25781e62700cce31a490a6872ab00b57083459a0cceaaa1e48fd2b80cc844,TOOL (ESRGAN/RIFE); native 4K
wide,8.10,972,4f,grain_sigma_B,0.35772817095547044,levels,x0.02-0.50:y0.02-0.42,aba25781e62700cce31a490a6872ab00b57083459a0cceaaa1e48fd2b80cc844,TOOL (ESRGAN/RIFE); native 4K
wide,8.10,972,4f,grain_acf_halfmax_x,2,px,x0.02-0.50:y0.02-0.42,aba25781e62700cce31a490a6872ab00b57083459a0cceaaa1e48fd2b80cc844,
wide,8.10,972,4f,grain_acf_zerocross_x,-1,px,x0.02-0.50:y0.02-0.42,aba25781e62700cce31a490a6872ab00b57083459a0cceaaa1e48fd2b80cc844,
wide,8.10,972,4f,grain_acf_halfmax_y,1,px,x0.02-0.50:y0.02-0.42,aba25781e62700cce31a490a6872ab00b57083459a0cceaaa1e48fd2b80cc844,
wide,8.10,972,4f,grain_acf_zerocross_y,3,px,x0.02-0.50:y0.02-0.42,aba25781e62700cce31a490a6872ab00b57083459a0cceaaa1e48fd2b80cc844,
wide,8.10,972,4g,palette_turf_median_hex,#212B13,hex,x0.58-0.96:y0.28-0.90,aba25781e62700cce31a490a6872ab00b57083459a0cceaaa1e48fd2b80cc844,island-local split; +-2 %H boundary
wide,8.10,972,4g,palette_turf_meanS,0.5108517132342453,S,x0.58-0.96:y0.28-0.90,aba25781e62700cce31a490a6872ab00b57083459a0cceaaa1e48fd2b80cc844,
wide,8.10,972,4g,palette_turf_meanV,51.69440745672437,levels,x0.58-0.96:y0.28-0.90,aba25781e62700cce31a490a6872ab00b57083459a0cceaaa1e48fd2b80cc844,
wide,8.10,972,4g,palette_turf_share,0.09916324744108254,fraction,x0.58-0.96:y0.28-0.90,aba25781e62700cce31a490a6872ab00b57083459a0cceaaa1e48fd2b80cc844,
wide,8.10,972,4g,palette_turf_k1_hex,#17200F,hex,x0.58-0.96:y0.28-0.90,aba25781e62700cce31a490a6872ab00b57083459a0cceaaa1e48fd2b80cc844,k-means k=3 seed 0; informational
wide,8.10,972,4g,palette_turf_k1_share,0.5825442619716921,fraction,x0.58-0.96:y0.28-0.90,aba25781e62700cce31a490a6872ab00b57083459a0cceaaa1e48fd2b80cc844,
wide,8.10,972,4g,palette_turf_k2_hex,#374221,hex,x0.58-0.96:y0.28-0.90,aba25781e62700cce31a490a6872ab00b57083459a0cceaaa1e48fd2b80cc844,k-means k=3 seed 0; informational
wide,8.10,972,4g,palette_turf_k2_share,0.30676382107806877,fraction,x0.58-0.96:y0.28-0.90,aba25781e62700cce31a490a6872ab00b57083459a0cceaaa1e48fd2b80cc844,
wide,8.10,972,4g,palette_turf_k3_hex,#6A744B,hex,x0.58-0.96:y0.28-0.90,aba25781e62700cce31a490a6872ab00b57083459a0cceaaa1e48fd2b80cc844,k-means k=3 seed 0; informational
wide,8.10,972,4g,palette_turf_k3_share,0.1106919169502392,fraction,x0.58-0.96:y0.28-0.90,aba25781e62700cce31a490a6872ab00b57083459a0cceaaa1e48fd2b80cc844,
wide,8.10,972,4g,palette_moss_median_hex,#384113,hex,x0.58-0.96:y0.28-0.90,aba25781e62700cce31a490a6872ab00b57083459a0cceaaa1e48fd2b80cc844,island-local split; +-2 %H boundary
wide,8.10,972,4g,palette_moss_meanS,0.6420417918252941,S,x0.58-0.96:y0.28-0.90,aba25781e62700cce31a490a6872ab00b57083459a0cceaaa1e48fd2b80cc844,
wide,8.10,972,4g,palette_moss_meanV,65.76203191874322,levels,x0.58-0.96:y0.28-0.90,aba25781e62700cce31a490a6872ab00b57083459a0cceaaa1e48fd2b80cc844,
wide,8.10,972,4g,palette_moss_share,0.09798098600848,fraction,x0.58-0.96:y0.28-0.90,aba25781e62700cce31a490a6872ab00b57083459a0cceaaa1e48fd2b80cc844,
wide,8.10,972,4g,palette_moss_k1_hex,#434C19,hex,x0.58-0.96:y0.28-0.90,aba25781e62700cce31a490a6872ab00b57083459a0cceaaa1e48fd2b80cc844,k-means k=3 seed 0; informational
wide,8.10,972,4g,palette_moss_k1_share,0.48263685254738525,fraction,x0.58-0.96:y0.28-0.90,aba25781e62700cce31a490a6872ab00b57083459a0cceaaa1e48fd2b80cc844,
wide,8.10,972,4g,palette_moss_k2_hex,#1F270C,hex,x0.58-0.96:y0.28-0.90,aba25781e62700cce31a490a6872ab00b57083459a0cceaaa1e48fd2b80cc844,k-means k=3 seed 0; informational
wide,8.10,972,4g,palette_moss_k2_share,0.4070700390561635,fraction,x0.58-0.96:y0.28-0.90,aba25781e62700cce31a490a6872ab00b57083459a0cceaaa1e48fd2b80cc844,
wide,8.10,972,4g,palette_moss_k3_hex,#717A49,hex,x0.58-0.96:y0.28-0.90,aba25781e62700cce31a490a6872ab00b57083459a0cceaaa1e48fd2b80cc844,k-means k=3 seed 0; informational
wide,8.10,972,4g,palette_moss_k3_share,0.11029310839645126,fraction,x0.58-0.96:y0.28-0.90,aba25781e62700cce31a490a6872ab00b57083459a0cceaaa1e48fd2b80cc844,
wide,8.10,972,4g,palette_soil_median_hex,#212226,hex,x0.58-0.96:y0.28-0.90,aba25781e62700cce31a490a6872ab00b57083459a0cceaaa1e48fd2b80cc844,island-local split; +-2 %H boundary
wide,8.10,972,4g,palette_soil_meanS,0.30120474704865974,S,x0.58-0.96:y0.28-0.90,aba25781e62700cce31a490a6872ab00b57083459a0cceaaa1e48fd2b80cc844,
wide,8.10,972,4g,palette_soil_meanV,49.54600549244788,levels,x0.58-0.96:y0.28-0.90,aba25781e62700cce31a490a6872ab00b57083459a0cceaaa1e48fd2b80cc844,
wide,8.10,972,4g,palette_soil_share,0.3917723407064715,fraction,x0.58-0.96:y0.28-0.90,aba25781e62700cce31a490a6872ab00b57083459a0cceaaa1e48fd2b80cc844,
wide,8.10,972,4g,palette_soil_k1_hex,#1A1C1F,hex,x0.58-0.96:y0.28-0.90,aba25781e62700cce31a490a6872ab00b57083459a0cceaaa1e48fd2b80cc844,k-means k=3 seed 0; informational
wide,8.10,972,4g,palette_soil_k1_share,0.6389745350143553,fraction,x0.58-0.96:y0.28-0.90,aba25781e62700cce31a490a6872ab00b57083459a0cceaaa1e48fd2b80cc844,
wide,8.10,972,4g,palette_soil_k2_hex,#38393D,hex,x0.58-0.96:y0.28-0.90,aba25781e62700cce31a490a6872ab00b57083459a0cceaaa1e48fd2b80cc844,k-means k=3 seed 0; informational
wide,8.10,972,4g,palette_soil_k2_share,0.29906690800149793,fraction,x0.58-0.96:y0.28-0.90,aba25781e62700cce31a490a6872ab00b57083459a0cceaaa1e48fd2b80cc844,
wide,8.10,972,4g,palette_soil_k3_hex,#717479,hex,x0.58-0.96:y0.28-0.90,aba25781e62700cce31a490a6872ab00b57083459a0cceaaa1e48fd2b80cc844,k-means k=3 seed 0; informational
wide,8.10,972,4g,palette_soil_k3_share,0.0619585569841468,fraction,x0.58-0.96:y0.28-0.90,aba25781e62700cce31a490a6872ab00b57083459a0cceaaa1e48fd2b80cc844,
wide,8.10,972,4g,palette_pebble_median_hex,#2D2B15,hex,x0.58-0.96:y0.28-0.90,aba25781e62700cce31a490a6872ab00b57083459a0cceaaa1e48fd2b80cc844,island-local split; +-2 %H boundary
wide,8.10,972,4g,palette_pebble_meanS,0.5030625644063743,S,x0.58-0.96:y0.28-0.90,aba25781e62700cce31a490a6872ab00b57083459a0cceaaa1e48fd2b80cc844,
wide,8.10,972,4g,palette_pebble_meanV,51.79148658920621,levels,x0.58-0.96:y0.28-0.90,aba25781e62700cce31a490a6872ab00b57083459a0cceaaa1e48fd2b80cc844,
wide,8.10,972,4g,palette_pebble_share,0.0562949613900558,fraction,x0.58-0.96:y0.28-0.90,aba25781e62700cce31a490a6872ab00b57083459a0cceaaa1e48fd2b80cc844,
wide,8.10,972,4g,palette_pebble_k1_hex,#1B190D,hex,x0.58-0.96:y0.28-0.90,aba25781e62700cce31a490a6872ab00b57083459a0cceaaa1e48fd2b80cc844,k-means k=3 seed 0; informational
wide,8.10,972,4g,palette_pebble_k1_share,0.5071777608860897,fraction,x0.58-0.96:y0.28-0.90,aba25781e62700cce31a490a6872ab00b57083459a0cceaaa1e48fd2b80cc844,
wide,8.10,972,4g,palette_pebble_k2_hex,#3F3D25,hex,x0.58-0.96:y0.28-0.90,aba25781e62700cce31a490a6872ab00b57083459a0cceaaa1e48fd2b80cc844,k-means k=3 seed 0; informational
wide,8.10,972,4g,palette_pebble_k2_share,0.39042241285698775,fraction,x0.58-0.96:y0.28-0.90,aba25781e62700cce31a490a6872ab00b57083459a0cceaaa1e48fd2b80cc844,
wide,8.10,972,4g,palette_pebble_k3_hex,#727252,hex,x0.58-0.96:y0.28-0.90,aba25781e62700cce31a490a6872ab00b57083459a0cceaaa1e48fd2b80cc844,k-means k=3 seed 0; informational
wide,8.10,972,4g,palette_pebble_k3_share,0.10239982625692258,fraction,x0.58-0.96:y0.28-0.90,aba25781e62700cce31a490a6872ab00b57083459a0cceaaa1e48fd2b80cc844,
wide,8.10,972,4g,palette_basalt_median_hex,#090B0F,hex,x0.58-0.96:y0.28-0.90,aba25781e62700cce31a490a6872ab00b57083459a0cceaaa1e48fd2b80cc844,island-local split; +-2 %H boundary
wide,8.10,972,4g,palette_basalt_meanS,0.4936558064658861,S,x0.58-0.96:y0.28-0.90,aba25781e62700cce31a490a6872ab00b57083459a0cceaaa1e48fd2b80cc844,
wide,8.10,972,4g,palette_basalt_meanV,16.283112667954335,levels,x0.58-0.96:y0.28-0.90,aba25781e62700cce31a490a6872ab00b57083459a0cceaaa1e48fd2b80cc844,
wide,8.10,972,4g,palette_basalt_share,0.2614215990727745,fraction,x0.58-0.96:y0.28-0.90,aba25781e62700cce31a490a6872ab00b57083459a0cceaaa1e48fd2b80cc844,
wide,8.10,972,4g,palette_basalt_k1_hex,#0B0C0E,hex,x0.58-0.96:y0.28-0.90,aba25781e62700cce31a490a6872ab00b57083459a0cceaaa1e48fd2b80cc844,k-means k=3 seed 0; informational
wide,8.10,972,4g,palette_basalt_k1_share,0.3639365269405069,fraction,x0.58-0.96:y0.28-0.90,aba25781e62700cce31a490a6872ab00b57083459a0cceaaa1e48fd2b80cc844,
wide,8.10,972,4g,palette_basalt_k2_hex,#0D1018,hex,x0.58-0.96:y0.28-0.90,aba25781e62700cce31a490a6872ab00b57083459a0cceaaa1e48fd2b80cc844,k-means k=3 seed 0; informational
wide,8.10,972,4g,palette_basalt_k2_share,0.32051276055429023,fraction,x0.58-0.96:y0.28-0.90,aba25781e62700cce31a490a6872ab00b57083459a0cceaaa1e48fd2b80cc844,
wide,8.10,972,4g,palette_basalt_k3_hex,#050508,hex,x0.58-0.96:y0.28-0.90,aba25781e62700cce31a490a6872ab00b57083459a0cceaaa1e48fd2b80cc844,k-means k=3 seed 0; informational
wide,8.10,972,4g,palette_basalt_k3_share,0.3155507125052029,fraction,x0.58-0.96:y0.28-0.90,aba25781e62700cce31a490a6872ab00b57083459a0cceaaa1e48fd2b80cc844,
wide,8.10,972,4g,palette_turf_vs_517046_deltaE,30.32863334677502,dE76,x0.58-0.96:y0.28-0.90,aba25781e62700cce31a490a6872ab00b57083459a0cceaaa1e48fd2b80cc844,"informational: #517046 is a reference-reel value, not a hero target"
wide,8.10,972,4g,palette_basalt_vs_474B59_deltaE,29.857594956142485,dE76,x0.58-0.96:y0.28-0.90,aba25781e62700cce31a490a6872ab00b57083459a0cceaaa1e48fd2b80cc844,"informational: #474B59 is a reference-reel value, not a hero target"
wide,8.10,972,4h,conifer_dark_area_pct,9.50159930212271,%,x0.62-0.95:y0.28-0.50,aba25781e62700cce31a490a6872ab00b57083459a0cceaaa1e48fd2b80cc844,
wide,8.10,972,4h,conifer_edge_density,0.11407302787355128,fraction,x0.62-0.95:y0.28-0.50,aba25781e62700cce31a490a6872ab00b57083459a0cceaaa1e48fd2b80cc844,Sobel mag > 12 levels
wide,12.15,1458,4a,sky_hex_anchor_0.02,#2D3E4E,hex,x0.02-0.30:y0.02-0.58,aba25781e62700cce31a490a6872ab00b57083459a0cceaaa1e48fd2b80cc844,
wide,12.15,1458,4a,sky_anchor_0.02_best_token,sky_top,token,x0.02-0.30:y0.02-0.58,aba25781e62700cce31a490a6872ab00b57083459a0cceaaa1e48fd2b80cc844,
wide,12.15,1458,4a,sky_anchor_0.02_deltaE_min,19.31695060626024,dE76,x0.02-0.30:y0.02-0.58,aba25781e62700cce31a490a6872ab00b57083459a0cceaaa1e48fd2b80cc844,nearest of the four settled sky/haze tokens
wide,12.15,1458,4a,sky_hex_anchor_0.10,#506D87,hex,x0.02-0.30:y0.02-0.58,aba25781e62700cce31a490a6872ab00b57083459a0cceaaa1e48fd2b80cc844,
wide,12.15,1458,4a,sky_anchor_0.10_best_token,sky_top,token,x0.02-0.30:y0.02-0.58,aba25781e62700cce31a490a6872ab00b57083459a0cceaaa1e48fd2b80cc844,
wide,12.15,1458,4a,sky_anchor_0.10_deltaE_min,4.392223701052107,dE76,x0.02-0.30:y0.02-0.58,aba25781e62700cce31a490a6872ab00b57083459a0cceaaa1e48fd2b80cc844,nearest of the four settled sky/haze tokens
wide,12.15,1458,4a,sky_hex_anchor_0.25,#66829B,hex,x0.02-0.30:y0.02-0.58,aba25781e62700cce31a490a6872ab00b57083459a0cceaaa1e48fd2b80cc844,
wide,12.15,1458,4a,sky_anchor_0.25_best_token,sky_mid,token,x0.02-0.30:y0.02-0.58,aba25781e62700cce31a490a6872ab00b57083459a0cceaaa1e48fd2b80cc844,
wide,12.15,1458,4a,sky_anchor_0.25_deltaE_min,9.28609305953697,dE76,x0.02-0.30:y0.02-0.58,aba25781e62700cce31a490a6872ab00b57083459a0cceaaa1e48fd2b80cc844,nearest of the four settled sky/haze tokens
wide,12.15,1458,4a,sky_hex_anchor_0.40,#899FB5,hex,x0.02-0.30:y0.02-0.58,aba25781e62700cce31a490a6872ab00b57083459a0cceaaa1e48fd2b80cc844,
wide,12.15,1458,4a,sky_anchor_0.40_best_token,sky_mid,token,x0.02-0.30:y0.02-0.58,aba25781e62700cce31a490a6872ab00b57083459a0cceaaa1e48fd2b80cc844,
wide,12.15,1458,4a,sky_anchor_0.40_deltaE_min,3.760070113149265,dE76,x0.02-0.30:y0.02-0.58,aba25781e62700cce31a490a6872ab00b57083459a0cceaaa1e48fd2b80cc844,nearest of the four settled sky/haze tokens
wide,12.15,1458,4a,sky_hex_anchor_0.55,#B8C3D1,hex,x0.02-0.30:y0.02-0.58,aba25781e62700cce31a490a6872ab00b57083459a0cceaaa1e48fd2b80cc844,
wide,12.15,1458,4a,sky_anchor_0.55_best_token,sky_low,token,x0.02-0.30:y0.02-0.58,aba25781e62700cce31a490a6872ab00b57083459a0cceaaa1e48fd2b80cc844,
wide,12.15,1458,4a,sky_anchor_0.55_deltaE_min,3.908241094515949,dE76,x0.02-0.30:y0.02-0.58,aba25781e62700cce31a490a6872ab00b57083459a0cceaaa1e48fd2b80cc844,nearest of the four settled sky/haze tokens
wide,12.15,1458,4a,sky_hex_anchor_0.68,#757A81,hex,x0.02-0.30:y0.02-0.58,aba25781e62700cce31a490a6872ab00b57083459a0cceaaa1e48fd2b80cc844,
wide,12.15,1458,4a,sky_anchor_0.68_best_token,haze,token,x0.02-0.30:y0.02-0.58,aba25781e62700cce31a490a6872ab00b57083459a0cceaaa1e48fd2b80cc844,
wide,12.15,1458,4a,sky_anchor_0.68_deltaE_min,7.355565057271722,dE76,x0.02-0.30:y0.02-0.58,aba25781e62700cce31a490a6872ab00b57083459a0cceaaa1e48fd2b80cc844,nearest of the four settled sky/haze tokens
wide,12.15,1458,4a,sky_hex_top,#4C6983,hex,x0.02-0.30:y0.02-0.58,aba25781e62700cce31a490a6872ab00b57083459a0cceaaa1e48fd2b80cc844,
wide,12.15,1458,4a,sky_deltaE_top_vs_sky_top,4.3414024252137855,dE76,x0.02-0.30:y0.02-0.58,aba25781e62700cce31a490a6872ab00b57083459a0cceaaa1e48fd2b80cc844,
wide,12.15,1458,4a,sky_deltaE_top_vs_sky_mid,19.301099949499246,dE76,x0.02-0.30:y0.02-0.58,aba25781e62700cce31a490a6872ab00b57083459a0cceaaa1e48fd2b80cc844,
wide,12.15,1458,4a,sky_deltaE_top_vs_sky_low,33.1181975511757,dE76,x0.02-0.30:y0.02-0.58,aba25781e62700cce31a490a6872ab00b57083459a0cceaaa1e48fd2b80cc844,
wide,12.15,1458,4a,sky_deltaE_top_vs_haze,18.265284355807697,dE76,x0.02-0.30:y0.02-0.58,aba25781e62700cce31a490a6872ab00b57083459a0cceaaa1e48fd2b80cc844,
wide,12.15,1458,4a,sky_hex_mid,#7E96AC,hex,x0.02-0.30:y0.02-0.58,aba25781e62700cce31a490a6872ab00b57083459a0cceaaa1e48fd2b80cc844,
wide,12.15,1458,4a,sky_deltaE_mid_vs_sky_top,17.513275657407654,dE76,x0.02-0.30:y0.02-0.58,aba25781e62700cce31a490a6872ab00b57083459a0cceaaa1e48fd2b80cc844,
wide,12.15,1458,4a,sky_deltaE_mid_vs_sky_mid,2.4863065680599465,dE76,x0.02-0.30:y0.02-0.58,aba25781e62700cce31a490a6872ab00b57083459a0cceaaa1e48fd2b80cc844,
wide,12.15,1458,4a,sky_deltaE_mid_vs_sky_low,14.89941539394229,dE76,x0.02-0.30:y0.02-0.58,aba25781e62700cce31a490a6872ab00b57083459a0cceaaa1e48fd2b80cc844,
wide,12.15,1458,4a,sky_deltaE_mid_vs_haze,9.638562489889804,dE76,x0.02-0.30:y0.02-0.58,aba25781e62700cce31a490a6872ab00b57083459a0cceaaa1e48fd2b80cc844,
wide,12.15,1458,4a,sky_hex_horizon,#757A81,hex,x0.02-0.30:y0.02-0.58,aba25781e62700cce31a490a6872ab00b57083459a0cceaaa1e48fd2b80cc844,
wide,12.15,1458,4a,sky_deltaE_horizon_vs_sky_top,14.716439607866125,dE76,x0.02-0.30:y0.02-0.58,aba25781e62700cce31a490a6872ab00b57083459a0cceaaa1e48fd2b80cc844,
wide,12.15,1458,4a,sky_deltaE_horizon_vs_sky_mid,15.062833167007309,dE76,x0.02-0.30:y0.02-0.58,aba25781e62700cce31a490a6872ab00b57083459a0cceaaa1e48fd2b80cc844,
wide,12.15,1458,4a,sky_deltaE_horizon_vs_sky_low,24.656360813334004,dE76,x0.02-0.30:y0.02-0.58,aba25781e62700cce31a490a6872ab00b57083459a0cceaaa1e48fd2b80cc844,
wide,12.15,1458,4a,sky_deltaE_horizon_vs_haze,7.355565057271722,dE76,x0.02-0.30:y0.02-0.58,aba25781e62700cce31a490a6872ab00b57083459a0cceaaa1e48fd2b80cc844,
wide,12.15,1458,4a,haze_hex,#B7C3D0,hex,x0.02-0.30:y0.50-0.60,aba25781e62700cce31a490a6872ab00b57083459a0cceaaa1e48fd2b80cc844,
wide,12.15,1458,4a,haze_deltaE_vs_haze_token,21.99083378934155,dE76,x0.02-0.30:y0.50-0.60,aba25781e62700cce31a490a6872ab00b57083459a0cceaaa1e48fd2b80cc844,
wide,12.15,1458,4a,sky_slope_R,2.1136556618706224,levels/%H,x0.02-0.30:y0.02-0.58,aba25781e62700cce31a490a6872ab00b57083459a0cceaaa1e48fd2b80cc844,
wide,12.15,1458,4a,sky_r2_R,0.9649494784149719,1,x0.02-0.30:y0.02-0.58,aba25781e62700cce31a490a6872ab00b57083459a0cceaaa1e48fd2b80cc844,
wide,12.15,1458,4a,sky_slope_G,1.8038149185632075,levels/%H,x0.02-0.30:y0.02-0.58,aba25781e62700cce31a490a6872ab00b57083459a0cceaaa1e48fd2b80cc844,
wide,12.15,1458,4a,sky_r2_G,0.9734377929561672,1,x0.02-0.30:y0.02-0.58,aba25781e62700cce31a490a6872ab00b57083459a0cceaaa1e48fd2b80cc844,
wide,12.15,1458,4a,sky_slope_B,1.5436357518266244,levels/%H,x0.02-0.30:y0.02-0.58,aba25781e62700cce31a490a6872ab00b57083459a0cceaaa1e48fd2b80cc844,
wide,12.15,1458,4a,sky_r2_B,0.976699838332992,1,x0.02-0.30:y0.02-0.58,aba25781e62700cce31a490a6872ab00b57083459a0cceaaa1e48fd2b80cc844,
wide,12.15,1458,4b,contrast_rms_D1,7.615207340540598,levels,x0.70-0.95:y0.35-0.75,aba25781e62700cce31a490a6872ab00b57083459a0cceaaa1e48fd2b80cc844,
wide,12.15,1458,4b,sat_S_D1,0.3565514155904697,S,x0.70-0.95:y0.35-0.75,aba25781e62700cce31a490a6872ab00b57083459a0cceaaa1e48fd2b80cc844,
wide,12.15,1458,4b,value_V_D1,100.73581331983024,levels,x0.70-0.95:y0.35-0.75,aba25781e62700cce31a490a6872ab00b57083459a0cceaaa1e48fd2b80cc844,
wide,12.15,1458,4b,contrast_rms_D2,1.4775999131811424,levels,x0.02-0.40:y0.45-0.70,aba25781e62700cce31a490a6872ab00b57083459a0cceaaa1e48fd2b80cc844,
wide,12.15,1458,4b,sat_S_D2,0.14732918792426747,S,x0.02-0.40:y0.45-0.70,aba25781e62700cce31a490a6872ab00b57083459a0cceaaa1e48fd2b80cc844,
wide,12.15,1458,4b,value_V_D2,202.58213261239305,levels,x0.02-0.40:y0.45-0.70,aba25781e62700cce31a490a6872ab00b57083459a0cceaaa1e48fd2b80cc844,
wide,12.15,1458,4b,contrast_rms_D3,0.5531143274781589,levels,x0.02-0.30:y0.50-0.60,aba25781e62700cce31a490a6872ab00b57083459a0cceaaa1e48fd2b80cc844,
wide,12.15,1458,4b,sat_S_D3,0.1226977018488312,S,x0.02-0.30:y0.50-0.60,aba25781e62700cce31a490a6872ab00b57083459a0cceaaa1e48fd2b80cc844,
wide,12.15,1458,4b,value_V_D3,208.00494832041343,levels,x0.02-0.30:y0.50-0.60,aba25781e62700cce31a490a6872ab00b57083459a0cceaaa1e48fd2b80cc844,
wide,12.15,1458,4b,falloff_rms_D2_D1,0.19403278822297287,ratio,x0.02-0.40:y0.45-0.70,aba25781e62700cce31a490a6872ab00b57083459a0cceaaa1e48fd2b80cc844,
wide,12.15,1458,4b,falloff_rms_D3_D1,0.07263286510054416,ratio,x0.02-0.30:y0.50-0.60,aba25781e62700cce31a490a6872ab00b57083459a0cceaaa1e48fd2b80cc844,
wide,12.15,1458,4b,falloff_sat_D2_D1,0.41320601035977333,ratio,x0.02-0.40:y0.45-0.70,aba25781e62700cce31a490a6872ab00b57083459a0cceaaa1e48fd2b80cc844,
wide,12.15,1458,4b,falloff_sat_D3_D1,0.344123446111234,ratio,x0.02-0.30:y0.50-0.60,aba25781e62700cce31a490a6872ab00b57083459a0cceaaa1e48fd2b80cc844,
wide,12.15,1458,4c,bloom_peak_L,202.94899999999998,levels,x0.55-0.80:y0.20-0.45,aba25781e62700cce31a490a6872ab00b57083459a0cceaaa1e48fd2b80cc844,
wide,12.15,1458,4c,bloom_bg_L,123.20920000000001,levels,x0.55-0.80:y0.20-0.45,aba25781e62700cce31a490a6872ab00b57083459a0cceaaa1e48fd2b80cc844,
wide,12.15,1458,4c,bloom_peak_bg_ratio,1.647190307217318,ratio,x0.55-0.80:y0.20-0.45,aba25781e62700cce31a490a6872ab00b57083459a0cceaaa1e48fd2b80cc844,
wide,12.15,1458,4c,bloom_r50_px,0.6430629032258065,px,x0.55-0.80:y0.20-0.45,aba25781e62700cce31a490a6872ab00b57083459a0cceaaa1e48fd2b80cc844,"edge-limited: peak sits on the island silhouette, not sky; TOOL (ESRGAN/HEVC) — not a resolvable sky-side halo"
wide,12.15,1458,4c,bloom_r50_pctH,0.029771430704898447,%H,x0.55-0.80:y0.20-0.45,aba25781e62700cce31a490a6872ab00b57083459a0cceaaa1e48fd2b80cc844,
wide,12.15,1458,4c,bloom_falloff_10_90_px,0.9948082093485697,px,x0.55-0.80:y0.20-0.45,aba25781e62700cce31a490a6872ab00b57083459a0cceaaa1e48fd2b80cc844,
wide,12.15,1458,4d,shadow_p0_1,1.5736,levels,x0.58-0.96:y0.55-0.90,aba25781e62700cce31a490a6872ab00b57083459a0cceaaa1e48fd2b80cc844,
wide,12.15,1458,4d,shadow_p1,3.1444,levels,x0.58-0.96:y0.55-0.90,aba25781e62700cce31a490a6872ab00b57083459a0cceaaa1e48fd2b80cc844,black floor = p1; HEVC crush is the limit
wide,12.15,1458,4d,shadow_p5,8.8636,levels,x0.58-0.96:y0.55-0.90,aba25781e62700cce31a490a6872ab00b57083459a0cceaaa1e48fd2b80cc844,
wide,12.15,1458,4d,shadow_p50,134.13299999999998,levels,x0.58-0.96:y0.55-0.90,aba25781e62700cce31a490a6872ab00b57083459a0cceaaa1e48fd2b80cc844,
wide,12.15,1458,4d,shadow_min,0.361,levels,x0.58-0.96:y0.55-0.90,aba25781e62700cce31a490a6872ab00b57083459a0cceaaa1e48fd2b80cc844,
wide,12.15,1458,4d,shadow_floor_lifted,0,bool,x0.58-0.96:y0.55-0.90,aba25781e62700cce31a490a6872ab00b57083459a0cceaaa1e48fd2b80cc844,"1 = p1 >= 8 levels, i.e. clearly above the codec floor"
wide,12.15,1458,4e,dof_lapvar_D1,113.44146313856221,levels2,x0.70-0.95:y0.35-0.75,aba25781e62700cce31a490a6872ab00b57083459a0cceaaa1e48fd2b80cc844,
wide,12.15,1458,4e,dof_lapvar_D2,3.497568117319443,levels2,x0.02-0.40:y0.45-0.70,aba25781e62700cce31a490a6872ab00b57083459a0cceaaa1e48fd2b80cc844,
wide,12.15,1458,4e,dof_lapvar_D3,0.9982971833636203,levels2,x0.02-0.30:y0.50-0.60,aba25781e62700cce31a490a6872ab00b57083459a0cceaaa1e48fd2b80cc844,
wide,12.15,1458,4e,dof_ratio_D1_D2,32.4343827863757,ratio,x0.02-0.40:y0.45-0.70,aba25781e62700cce31a490a6872ab00b57083459a0cceaaa1e48fd2b80cc844,
wide,12.15,1458,4e,dof_sigma_D2_px,1.38336181640625,px,x0.02-0.40:y0.45-0.70,aba25781e62700cce31a490a6872ab00b57083459a0cceaaa1e48fd2b80cc844,D1 blurred to match band; sharp end is TOOL
wide,12.15,1458,4e,dof_sigma_D2_pctH,0.06404452853732638,%H,x0.02-0.40:y0.45-0.70,aba25781e62700cce31a490a6872ab00b57083459a0cceaaa1e48fd2b80cc844,
wide,12.15,1458,4e,dof_sigma_D3_px,2.06878662109375,px,x0.02-0.30:y0.50-0.60,aba25781e62700cce31a490a6872ab00b57083459a0cceaaa1e48fd2b80cc844,D1 blurred to match band; sharp end is TOOL
wide,12.15,1458,4e,dof_sigma_D3_pctH,0.09577715838396991,%H,x0.02-0.30:y0.50-0.60,aba25781e62700cce31a490a6872ab00b57083459a0cceaaa1e48fd2b80cc844,
wide,12.15,1458,4f,grain_sigma_R,0.3568090739995475,levels,x0.02-0.50:y0.02-0.42,aba25781e62700cce31a490a6872ab00b57083459a0cceaaa1e48fd2b80cc844,TOOL (ESRGAN/RIFE); native 4K
wide,12.15,1458,4f,grain_sigma_G,0.3171867419415014,levels,x0.02-0.50:y0.02-0.42,aba25781e62700cce31a490a6872ab00b57083459a0cceaaa1e48fd2b80cc844,TOOL (ESRGAN/RIFE); native 4K
wide,12.15,1458,4f,grain_sigma_B,0.3632289509632361,levels,x0.02-0.50:y0.02-0.42,aba25781e62700cce31a490a6872ab00b57083459a0cceaaa1e48fd2b80cc844,TOOL (ESRGAN/RIFE); native 4K
wide,12.15,1458,4f,grain_acf_halfmax_x,2,px,x0.02-0.50:y0.02-0.42,aba25781e62700cce31a490a6872ab00b57083459a0cceaaa1e48fd2b80cc844,
wide,12.15,1458,4f,grain_acf_zerocross_x,-1,px,x0.02-0.50:y0.02-0.42,aba25781e62700cce31a490a6872ab00b57083459a0cceaaa1e48fd2b80cc844,
wide,12.15,1458,4f,grain_acf_halfmax_y,1,px,x0.02-0.50:y0.02-0.42,aba25781e62700cce31a490a6872ab00b57083459a0cceaaa1e48fd2b80cc844,
wide,12.15,1458,4f,grain_acf_zerocross_y,3,px,x0.02-0.50:y0.02-0.42,aba25781e62700cce31a490a6872ab00b57083459a0cceaaa1e48fd2b80cc844,
wide,12.15,1458,4g,palette_turf_median_hex,#1E2815,hex,x0.58-0.96:y0.28-0.90,aba25781e62700cce31a490a6872ab00b57083459a0cceaaa1e48fd2b80cc844,island-local split; +-2 %H boundary
wide,12.15,1458,4g,palette_turf_meanS,0.4703195247018371,S,x0.58-0.96:y0.28-0.90,aba25781e62700cce31a490a6872ab00b57083459a0cceaaa1e48fd2b80cc844,
wide,12.15,1458,4g,palette_turf_meanV,48.86606313834726,levels,x0.58-0.96:y0.28-0.90,aba25781e62700cce31a490a6872ab00b57083459a0cceaaa1e48fd2b80cc844,
wide,12.15,1458,4g,palette_turf_share,0.09205755199673055,fraction,x0.58-0.96:y0.28-0.90,aba25781e62700cce31a490a6872ab00b57083459a0cceaaa1e48fd2b80cc844,
wide,12.15,1458,4g,palette_turf_k1_hex,#141E0F,hex,x0.58-0.96:y0.28-0.90,aba25781e62700cce31a490a6872ab00b57083459a0cceaaa1e48fd2b80cc844,k-means k=3 seed 0; informational
wide,12.15,1458,4g,palette_turf_k1_share,0.5732068245125348,fraction,x0.58-0.96:y0.28-0.90,aba25781e62700cce31a490a6872ab00b57083459a0cceaaa1e48fd2b80cc844,
wide,12.15,1458,4g,palette_turf_k2_hex,#2E3A24,hex,x0.58-0.96:y0.28-0.90,aba25781e62700cce31a490a6872ab00b57083459a0cceaaa1e48fd2b80cc844,k-means k=3 seed 0; informational
wide,12.15,1458,4g,palette_turf_k2_share,0.2997475626740947,fraction,x0.58-0.96:y0.28-0.90,aba25781e62700cce31a490a6872ab00b57083459a0cceaaa1e48fd2b80cc844,
wide,12.15,1458,4g,palette_turf_k3_hex,#697247,hex,x0.58-0.96:y0.28-0.90,aba25781e62700cce31a490a6872ab00b57083459a0cceaaa1e48fd2b80cc844,k-means k=3 seed 0; informational
wide,12.15,1458,4g,palette_turf_k3_share,0.12704561281337048,fraction,x0.58-0.96:y0.28-0.90,aba25781e62700cce31a490a6872ab00b57083459a0cceaaa1e48fd2b80cc844,
wide,12.15,1458,4g,palette_moss_median_hex,#374014,hex,x0.58-0.96:y0.28-0.90,aba25781e62700cce31a490a6872ab00b57083459a0cceaaa1e48fd2b80cc844,island-local split; +-2 %H boundary
wide,12.15,1458,4g,palette_moss_meanS,0.6377255153726494,S,x0.58-0.96:y0.28-0.90,aba25781e62700cce31a490a6872ab00b57083459a0cceaaa1e48fd2b80cc844,
wide,12.15,1458,4g,palette_moss_meanV,66.91332366682778,levels,x0.58-0.96:y0.28-0.90,aba25781e62700cce31a490a6872ab00b57083459a0cceaaa1e48fd2b80cc844,
wide,12.15,1458,4g,palette_moss_share,0.09118810175372521,fraction,x0.58-0.96:y0.28-0.90,aba25781e62700cce31a490a6872ab00b57083459a0cceaaa1e48fd2b80cc844,
wide,12.15,1458,4g,palette_moss_k1_hex,#414A19,hex,x0.58-0.96:y0.28-0.90,aba25781e62700cce31a490a6872ab00b57083459a0cceaaa1e48fd2b80cc844,k-means k=3 seed 0; informational
wide,12.15,1458,4g,palette_moss_k1_share,0.4317266429397894,fraction,x0.58-0.96:y0.28-0.90,aba25781e62700cce31a490a6872ab00b57083459a0cceaaa1e48fd2b80cc844,
wide,12.15,1458,4g,palette_moss_k2_hex,#20280D,hex,x0.58-0.96:y0.28-0.90,aba25781e62700cce31a490a6872ab00b57083459a0cceaaa1e48fd2b80cc844,k-means k=3 seed 0; informational
wide,12.15,1458,4g,palette_moss_k2_share,0.403649838159263,fraction,x0.58-0.96:y0.28-0.90,aba25781e62700cce31a490a6872ab00b57083459a0cceaaa1e48fd2b80cc844,
wide,12.15,1458,4g,palette_moss_k3_hex,#6C7439,hex,x0.58-0.96:y0.28-0.90,aba25781e62700cce31a490a6872ab00b57083459a0cceaaa1e48fd2b80cc844,k-means k=3 seed 0; informational
wide,12.15,1458,4g,palette_moss_k3_share,0.16462351890094762,fraction,x0.58-0.96:y0.28-0.90,aba25781e62700cce31a490a6872ab00b57083459a0cceaaa1e48fd2b80cc844,
wide,12.15,1458,4g,palette_soil_median_hex,#262729,hex,x0.58-0.96:y0.28-0.90,aba25781e62700cce31a490a6872ab00b57083459a0cceaaa1e48fd2b80cc844,island-local split; +-2 %H boundary
wide,12.15,1458,4g,palette_soil_meanS,0.31024393296926533,S,x0.58-0.96:y0.28-0.90,aba25781e62700cce31a490a6872ab00b57083459a0cceaaa1e48fd2b80cc844,
wide,12.15,1458,4g,palette_soil_meanV,57.30730450818851,levels,x0.58-0.96:y0.28-0.90,aba25781e62700cce31a490a6872ab00b57083459a0cceaaa1e48fd2b80cc844,
wide,12.15,1458,4g,palette_soil_share,0.3997628043576686,fraction,x0.58-0.96:y0.28-0.90,aba25781e62700cce31a490a6872ab00b57083459a0cceaaa1e48fd2b80cc844,
wide,12.15,1458,4g,palette_soil_k1_hex,#1E2021,hex,x0.58-0.96:y0.28-0.90,aba25781e62700cce31a490a6872ab00b57083459a0cceaaa1e48fd2b80cc844,k-means k=3 seed 0; informational
wide,12.15,1458,4g,palette_soil_k1_share,0.6371065274186328,fraction,x0.58-0.96:y0.28-0.90,aba25781e62700cce31a490a6872ab00b57083459a0cceaaa1e48fd2b80cc844,
wide,12.15,1458,4g,palette_soil_k2_hex,#424240,hex,x0.58-0.96:y0.28-0.90,aba25781e62700cce31a490a6872ab00b57083459a0cceaaa1e48fd2b80cc844,k-means k=3 seed 0; informational
wide,12.15,1458,4g,palette_soil_k2_share,0.2824951056053347,fraction,x0.58-0.96:y0.28-0.90,aba25781e62700cce31a490a6872ab00b57083459a0cceaaa1e48fd2b80cc844,
wide,12.15,1458,4g,palette_soil_k3_hex,#81888E,hex,x0.58-0.96:y0.28-0.90,aba25781e62700cce31a490a6872ab00b57083459a0cceaaa1e48fd2b80cc844,k-means k=3 seed 0; informational
wide,12.15,1458,4g,palette_soil_k3_share,0.0803983669760325,fraction,x0.58-0.96:y0.28-0.90,aba25781e62700cce31a490a6872ab00b57083459a0cceaaa1e48fd2b80cc844,
wide,12.15,1458,4g,palette_pebble_median_hex,#3F4215,hex,x0.58-0.96:y0.28-0.90,aba25781e62700cce31a490a6872ab00b57083459a0cceaaa1e48fd2b80cc844,island-local split; +-2 %H boundary
wide,12.15,1458,4g,palette_pebble_meanS,0.613516017277094,S,x0.58-0.96:y0.28-0.90,aba25781e62700cce31a490a6872ab00b57083459a0cceaaa1e48fd2b80cc844,
wide,12.15,1458,4g,palette_pebble_meanV,71.0959785651061,levels,x0.58-0.96:y0.28-0.90,aba25781e62700cce31a490a6872ab00b57083459a0cceaaa1e48fd2b80cc844,
wide,12.15,1458,4g,palette_pebble_share,0.055827787416076684,fraction,x0.58-0.96:y0.28-0.90,aba25781e62700cce31a490a6872ab00b57083459a0cceaaa1e48fd2b80cc844,
wide,12.15,1458,4g,palette_pebble_k1_hex,#2D2D11,hex,x0.58-0.96:y0.28-0.90,aba25781e62700cce31a490a6872ab00b57083459a0cceaaa1e48fd2b80cc844,k-means k=3 seed 0; informational
wide,12.15,1458,4g,palette_pebble_k1_share,0.5312313102557356,fraction,x0.58-0.96:y0.28-0.90,aba25781e62700cce31a490a6872ab00b57083459a0cceaaa1e48fd2b80cc844,
wide,12.15,1458,4g,palette_pebble_k2_hex,#62611B,hex,x0.58-0.96:y0.28-0.90,aba25781e62700cce31a490a6872ab00b57083459a0cceaaa1e48fd2b80cc844,k-means k=3 seed 0; informational
wide,12.15,1458,4g,palette_pebble_k2_share,0.3180545919954068,fraction,x0.58-0.96:y0.28-0.90,aba25781e62700cce31a490a6872ab00b57083459a0cceaaa1e48fd2b80cc844,
wide,12.15,1458,4g,palette_pebble_k3_hex,#4C555C,hex,x0.58-0.96:y0.28-0.90,aba25781e62700cce31a490a6872ab00b57083459a0cceaaa1e48fd2b80cc844,k-means k=3 seed 0; informational
wide,12.15,1458,4g,palette_pebble_k3_share,0.1507140977488577,fraction,x0.58-0.96:y0.28-0.90,aba25781e62700cce31a490a6872ab00b57083459a0cceaaa1e48fd2b80cc844,
wide,12.15,1458,4g,palette_basalt_median_hex,#0B0D12,hex,x0.58-0.96:y0.28-0.90,aba25781e62700cce31a490a6872ab00b57083459a0cceaaa1e48fd2b80cc844,island-local split; +-2 %H boundary
wide,12.15,1458,4g,palette_basalt_meanS,0.4999470367536686,S,x0.58-0.96:y0.28-0.90,aba25781e62700cce31a490a6872ab00b57083459a0cceaaa1e48fd2b80cc844,
wide,12.15,1458,4g,palette_basalt_meanV,18.65931498713126,levels,x0.58-0.96:y0.28-0.90,aba25781e62700cce31a490a6872ab00b57083459a0cceaaa1e48fd2b80cc844,
wide,12.15,1458,4g,palette_basalt_share,0.2698367543729608,fraction,x0.58-0.96:y0.28-0.90,aba25781e62700cce31a490a6872ab00b57083459a0cceaaa1e48fd2b80cc844,
wide,12.15,1458,4g,palette_basalt_k1_hex,#0E1119,hex,x0.58-0.96:y0.28-0.90,aba25781e62700cce31a490a6872ab00b57083459a0cceaaa1e48fd2b80cc844,k-means k=3 seed 0; informational
wide,12.15,1458,4g,palette_basalt_k1_share,0.3888190457335181,fraction,x0.58-0.96:y0.28-0.90,aba25781e62700cce31a490a6872ab00b57083459a0cceaaa1e48fd2b80cc844,
wide,12.15,1458,4g,palette_basalt_k2_hex,#0B0C0F,hex,x0.58-0.96:y0.28-0.90,aba25781e62700cce31a490a6872ab00b57083459a0cceaaa1e48fd2b80cc844,k-means k=3 seed 0; informational
wide,12.15,1458,4g,palette_basalt_k2_share,0.37817263908137,fraction,x0.58-0.96:y0.28-0.90,aba25781e62700cce31a490a6872ab00b57083459a0cceaaa1e48fd2b80cc844,
wide,12.15,1458,4g,palette_basalt_k3_hex,#050509,hex,x0.58-0.96:y0.28-0.90,aba25781e62700cce31a490a6872ab00b57083459a0cceaaa1e48fd2b80cc844,k-means k=3 seed 0; informational
wide,12.15,1458,4g,palette_basalt_k3_share,0.23300831518511186,fraction,x0.58-0.96:y0.28-0.90,aba25781e62700cce31a490a6872ab00b57083459a0cceaaa1e48fd2b80cc844,
wide,12.15,1458,4g,palette_turf_vs_517046_deltaE,32.50095812444287,dE76,x0.58-0.96:y0.28-0.90,aba25781e62700cce31a490a6872ab00b57083459a0cceaaa1e48fd2b80cc844,"informational: #517046 is a reference-reel value, not a hero target"
wide,12.15,1458,4g,palette_basalt_vs_474B59_deltaE,29.057179411844576,dE76,x0.58-0.96:y0.28-0.90,aba25781e62700cce31a490a6872ab00b57083459a0cceaaa1e48fd2b80cc844,"informational: #474B59 is a reference-reel value, not a hero target"
wide,12.15,1458,4h,conifer_dark_area_pct,12.517093839571302,%,x0.62-0.95:y0.28-0.50,aba25781e62700cce31a490a6872ab00b57083459a0cceaaa1e48fd2b80cc844,
wide,12.15,1458,4h,conifer_edge_density,0.1600564948282308,fraction,x0.62-0.95:y0.28-0.50,aba25781e62700cce31a490a6872ab00b57083459a0cceaaa1e48fd2b80cc844,Sobel mag > 12 levels
wide,16.20,1944,4a,sky_hex_anchor_0.02,#2D3E4E,hex,x0.02-0.30:y0.02-0.58,aba25781e62700cce31a490a6872ab00b57083459a0cceaaa1e48fd2b80cc844,
wide,16.20,1944,4a,sky_anchor_0.02_best_token,sky_top,token,x0.02-0.30:y0.02-0.58,aba25781e62700cce31a490a6872ab00b57083459a0cceaaa1e48fd2b80cc844,
wide,16.20,1944,4a,sky_anchor_0.02_deltaE_min,19.332903173519846,dE76,x0.02-0.30:y0.02-0.58,aba25781e62700cce31a490a6872ab00b57083459a0cceaaa1e48fd2b80cc844,nearest of the four settled sky/haze tokens
wide,16.20,1944,4a,sky_hex_anchor_0.10,#506C87,hex,x0.02-0.30:y0.02-0.58,aba25781e62700cce31a490a6872ab00b57083459a0cceaaa1e48fd2b80cc844,
wide,16.20,1944,4a,sky_anchor_0.10_best_token,sky_top,token,x0.02-0.30:y0.02-0.58,aba25781e62700cce31a490a6872ab00b57083459a0cceaaa1e48fd2b80cc844,
wide,16.20,1944,4a,sky_anchor_0.10_deltaE_min,4.547058898655658,dE76,x0.02-0.30:y0.02-0.58,aba25781e62700cce31a490a6872ab00b57083459a0cceaaa1e48fd2b80cc844,nearest of the four settled sky/haze tokens
wide,16.20,1944,4a,sky_hex_anchor_0.25,#66829B,hex,x0.02-0.30:y0.02-0.58,aba25781e62700cce31a490a6872ab00b57083459a0cceaaa1e48fd2b80cc844,
wide,16.20,1944,4a,sky_anchor_0.25_best_token,sky_mid,token,x0.02-0.30:y0.02-0.58,aba25781e62700cce31a490a6872ab00b57083459a0cceaaa1e48fd2b80cc844,
wide,16.20,1944,4a,sky_anchor_0.25_deltaE_min,9.378648836495573,dE76,x0.02-0.30:y0.02-0.58,aba25781e62700cce31a490a6872ab00b57083459a0cceaaa1e48fd2b80cc844,nearest of the four settled sky/haze tokens
wide,16.20,1944,4a,sky_hex_anchor_0.40,#899FB5,hex,x0.02-0.30:y0.02-0.58,aba25781e62700cce31a490a6872ab00b57083459a0cceaaa1e48fd2b80cc844,
wide,16.20,1944,4a,sky_anchor_0.40_best_token,sky_mid,token,x0.02-0.30:y0.02-0.58,aba25781e62700cce31a490a6872ab00b57083459a0cceaaa1e48fd2b80cc844,
wide,16.20,1944,4a,sky_anchor_0.40_deltaE_min,3.7288784720675023,dE76,x0.02-0.30:y0.02-0.58,aba25781e62700cce31a490a6872ab00b57083459a0cceaaa1e48fd2b80cc844,nearest of the four settled sky/haze tokens
wide,16.20,1944,4a,sky_hex_anchor_0.55,#B8C3D1,hex,x0.02-0.30:y0.02-0.58,aba25781e62700cce31a490a6872ab00b57083459a0cceaaa1e48fd2b80cc844,
wide,16.20,1944,4a,sky_anchor_0.55_best_token,sky_low,token,x0.02-0.30:y0.02-0.58,aba25781e62700cce31a490a6872ab00b57083459a0cceaaa1e48fd2b80cc844,
wide,16.20,1944,4a,sky_anchor_0.55_deltaE_min,3.977184802770216,dE76,x0.02-0.30:y0.02-0.58,aba25781e62700cce31a490a6872ab00b57083459a0cceaaa1e48fd2b80cc844,nearest of the four settled sky/haze tokens
wide,16.20,1944,4a,sky_hex_anchor_0.68,#757A81,hex,x0.02-0.30:y0.02-0.58,aba25781e62700cce31a490a6872ab00b57083459a0cceaaa1e48fd2b80cc844,
wide,16.20,1944,4a,sky_anchor_0.68_best_token,haze,token,x0.02-0.30:y0.02-0.58,aba25781e62700cce31a490a6872ab00b57083459a0cceaaa1e48fd2b80cc844,
wide,16.20,1944,4a,sky_anchor_0.68_deltaE_min,7.312959519950292,dE76,x0.02-0.30:y0.02-0.58,aba25781e62700cce31a490a6872ab00b57083459a0cceaaa1e48fd2b80cc844,nearest of the four settled sky/haze tokens
wide,16.20,1944,4a,sky_hex_top,#4C6883,hex,x0.02-0.30:y0.02-0.58,aba25781e62700cce31a490a6872ab00b57083459a0cceaaa1e48fd2b80cc844,
wide,16.20,1944,4a,sky_deltaE_top_vs_sky_top,4.60659672758227,dE76,x0.02-0.30:y0.02-0.58,aba25781e62700cce31a490a6872ab00b57083459a0cceaaa1e48fd2b80cc844,
wide,16.20,1944,4a,sky_deltaE_top_vs_sky_mid,19.4333067302676,dE76,x0.02-0.30:y0.02-0.58,aba25781e62700cce31a490a6872ab00b57083459a0cceaaa1e48fd2b80cc844,
wide,16.20,1944,4a,sky_deltaE_top_vs_sky_low,33.2295870791329,dE76,x0.02-0.30:y0.02-0.58,aba25781e62700cce31a490a6872ab00b57083459a0cceaaa1e48fd2b80cc844,
wide,16.20,1944,4a,sky_deltaE_top_vs_haze,18.4499469795219,dE76,x0.02-0.30:y0.02-0.58,aba25781e62700cce31a490a6872ab00b57083459a0cceaaa1e48fd2b80cc844,
wide,16.20,1944,4a,sky_hex_mid,#7E96AC,hex,x0.02-0.30:y0.02-0.58,aba25781e62700cce31a490a6872ab00b57083459a0cceaaa1e48fd2b80cc844,
wide,16.20,1944,4a,sky_deltaE_mid_vs_sky_top,17.42075587317785,dE76,x0.02-0.30:y0.02-0.58,aba25781e62700cce31a490a6872ab00b57083459a0cceaaa1e48fd2b80cc844,
wide,16.20,1944,4a,sky_deltaE_mid_vs_sky_mid,2.5268957431716736,dE76,x0.02-0.30:y0.02-0.58,aba25781e62700cce31a490a6872ab00b57083459a0cceaaa1e48fd2b80cc844,
wide,16.20,1944,4a,sky_deltaE_mid_vs_sky_low,14.984152840207232,dE76,x0.02-0.30:y0.02-0.58,aba25781e62700cce31a490a6872ab00b57083459a0cceaaa1e48fd2b80cc844,
wide,16.20,1944,4a,sky_deltaE_mid_vs_haze,9.571278485474911,dE76,x0.02-0.30:y0.02-0.58,aba25781e62700cce31a490a6872ab00b57083459a0cceaaa1e48fd2b80cc844,
wide,16.20,1944,4a,sky_hex_horizon,#757A81,hex,x0.02-0.30:y0.02-0.58,aba25781e62700cce31a490a6872ab00b57083459a0cceaaa1e48fd2b80cc844,
wide,16.20,1944,4a,sky_deltaE_horizon_vs_sky_top,14.727992661292529,dE76,x0.02-0.30:y0.02-0.58,aba25781e62700cce31a490a6872ab00b57083459a0cceaaa1e48fd2b80cc844,
wide,16.20,1944,4a,sky_deltaE_horizon_vs_sky_mid,15.02843096765134,dE76,x0.02-0.30:y0.02-0.58,aba25781e62700cce31a490a6872ab00b57083459a0cceaaa1e48fd2b80cc844,
wide,16.20,1944,4a,sky_deltaE_horizon_vs_sky_low,24.616007787673357,dE76,x0.02-0.30:y0.02-0.58,aba25781e62700cce31a490a6872ab00b57083459a0cceaaa1e48fd2b80cc844,
wide,16.20,1944,4a,sky_deltaE_horizon_vs_haze,7.312959519950292,dE76,x0.02-0.30:y0.02-0.58,aba25781e62700cce31a490a6872ab00b57083459a0cceaaa1e48fd2b80cc844,
wide,16.20,1944,4a,haze_hex,#B7C3D0,hex,x0.02-0.30:y0.50-0.60,aba25781e62700cce31a490a6872ab00b57083459a0cceaaa1e48fd2b80cc844,
wide,16.20,1944,4a,haze_deltaE_vs_haze_token,21.995180576428194,dE76,x0.02-0.30:y0.50-0.60,aba25781e62700cce31a490a6872ab00b57083459a0cceaaa1e48fd2b80cc844,
wide,16.20,1944,4a,sky_slope_R,2.115968126448176,levels/%H,x0.02-0.30:y0.02-0.58,aba25781e62700cce31a490a6872ab00b57083459a0cceaaa1e48fd2b80cc844,
wide,16.20,1944,4a,sky_r2_R,0.9646147654805275,1,x0.02-0.30:y0.02-0.58,aba25781e62700cce31a490a6872ab00b57083459a0cceaaa1e48fd2b80cc844,
wide,16.20,1944,4a,sky_slope_G,1.8056795271703183,levels/%H,x0.02-0.30:y0.02-0.58,aba25781e62700cce31a490a6872ab00b57083459a0cceaaa1e48fd2b80cc844,
wide,16.20,1944,4a,sky_r2_G,0.9729564556096659,1,x0.02-0.30:y0.02-0.58,aba25781e62700cce31a490a6872ab00b57083459a0cceaaa1e48fd2b80cc844,
wide,16.20,1944,4a,sky_slope_B,1.541546741265908,levels/%H,x0.02-0.30:y0.02-0.58,aba25781e62700cce31a490a6872ab00b57083459a0cceaaa1e48fd2b80cc844,
wide,16.20,1944,4a,sky_r2_B,0.9763724995798396,1,x0.02-0.30:y0.02-0.58,aba25781e62700cce31a490a6872ab00b57083459a0cceaaa1e48fd2b80cc844,
wide,16.20,1944,4b,contrast_rms_D1,8.967168096396062,levels,x0.70-0.95:y0.35-0.75,aba25781e62700cce31a490a6872ab00b57083459a0cceaaa1e48fd2b80cc844,
wide,16.20,1944,4b,sat_S_D1,0.3765029474728989,S,x0.70-0.95:y0.35-0.75,aba25781e62700cce31a490a6872ab00b57083459a0cceaaa1e48fd2b80cc844,
wide,16.20,1944,4b,value_V_D1,89.38676938657407,levels,x0.70-0.95:y0.35-0.75,aba25781e62700cce31a490a6872ab00b57083459a0cceaaa1e48fd2b80cc844,
wide,16.20,1944,4b,contrast_rms_D2,1.4689959856006307,levels,x0.02-0.40:y0.45-0.70,aba25781e62700cce31a490a6872ab00b57083459a0cceaaa1e48fd2b80cc844,
wide,16.20,1944,4b,sat_S_D2,0.1470793421372016,S,x0.02-0.40:y0.45-0.70,aba25781e62700cce31a490a6872ab00b57083459a0cceaaa1e48fd2b80cc844,
wide,16.20,1944,4b,value_V_D2,202.55644530754194,levels,x0.02-0.40:y0.45-0.70,aba25781e62700cce31a490a6872ab00b57083459a0cceaaa1e48fd2b80cc844,
wide,16.20,1944,4b,contrast_rms_D3,0.5303407735130985,levels,x0.02-0.30:y0.50-0.60,aba25781e62700cce31a490a6872ab00b57083459a0cceaaa1e48fd2b80cc844,
wide,16.20,1944,4b,sat_S_D3,0.12237743680172436,S,x0.02-0.30:y0.50-0.60,aba25781e62700cce31a490a6872ab00b57083459a0cceaaa1e48fd2b80cc844,
wide,16.20,1944,4b,value_V_D3,207.92321274763134,levels,x0.02-0.30:y0.50-0.60,aba25781e62700cce31a490a6872ab00b57083459a0cceaaa1e48fd2b80cc844,
wide,16.20,1944,4b,falloff_rms_D2_D1,0.16381938754901068,ratio,x0.02-0.40:y0.45-0.70,aba25781e62700cce31a490a6872ab00b57083459a0cceaaa1e48fd2b80cc844,
wide,16.20,1944,4b,falloff_rms_D3_D1,0.05914250383309357,ratio,x0.02-0.30:y0.50-0.60,aba25781e62700cce31a490a6872ab00b57083459a0cceaaa1e48fd2b80cc844,
wide,16.20,1944,4b,falloff_sat_D2_D1,0.3906459248842628,ratio,x0.02-0.40:y0.45-0.70,aba25781e62700cce31a490a6872ab00b57083459a0cceaaa1e48fd2b80cc844,
wide,16.20,1944,4b,falloff_sat_D3_D1,0.325037128190167,ratio,x0.02-0.30:y0.50-0.60,aba25781e62700cce31a490a6872ab00b57083459a0cceaaa1e48fd2b80cc844,
wide,16.20,1944,4c,bloom_peak_L,201.24419999999998,levels,x0.55-0.80:y0.20-0.45,aba25781e62700cce31a490a6872ab00b57083459a0cceaaa1e48fd2b80cc844,
wide,16.20,1944,4c,bloom_bg_L,124.06479999999999,levels,x0.55-0.80:y0.20-0.45,aba25781e62700cce31a490a6872ab00b57083459a0cceaaa1e48fd2b80cc844,
wide,16.20,1944,4c,bloom_peak_bg_ratio,1.6220894242363668,ratio,x0.55-0.80:y0.20-0.45,aba25781e62700cce31a490a6872ab00b57083459a0cceaaa1e48fd2b80cc844,
wide,16.20,1944,4c,bloom_r50_px,0.8300652790596269,px,x0.55-0.80:y0.20-0.45,aba25781e62700cce31a490a6872ab00b57083459a0cceaaa1e48fd2b80cc844,"edge-limited: peak sits on the island silhouette, not sky; TOOL (ESRGAN/HEVC) — not a resolvable sky-side halo"
wide,16.20,1944,4c,bloom_r50_pctH,0.03842894810461236,%H,x0.55-0.80:y0.20-0.45,aba25781e62700cce31a490a6872ab00b57083459a0cceaaa1e48fd2b80cc844,
wide,16.20,1944,4c,bloom_falloff_10_90_px,1.4183632464663045,px,x0.55-0.80:y0.20-0.45,aba25781e62700cce31a490a6872ab00b57083459a0cceaaa1e48fd2b80cc844,
wide,16.20,1944,4d,shadow_p0_1,1.71,levels,x0.58-0.96:y0.55-0.90,aba25781e62700cce31a490a6872ab00b57083459a0cceaaa1e48fd2b80cc844,
wide,16.20,1944,4d,shadow_p1,3.1444,levels,x0.58-0.96:y0.55-0.90,aba25781e62700cce31a490a6872ab00b57083459a0cceaaa1e48fd2b80cc844,black floor = p1; HEVC crush is the limit
wide,16.20,1944,4d,shadow_p5,8.795399999999999,levels,x0.58-0.96:y0.55-0.90,aba25781e62700cce31a490a6872ab00b57083459a0cceaaa1e48fd2b80cc844,
wide,16.20,1944,4d,shadow_p50,79.706,levels,x0.58-0.96:y0.55-0.90,aba25781e62700cce31a490a6872ab00b57083459a0cceaaa1e48fd2b80cc844,
wide,16.20,1944,4d,shadow_min,0,levels,x0.58-0.96:y0.55-0.90,aba25781e62700cce31a490a6872ab00b57083459a0cceaaa1e48fd2b80cc844,
wide,16.20,1944,4d,shadow_floor_lifted,0,bool,x0.58-0.96:y0.55-0.90,aba25781e62700cce31a490a6872ab00b57083459a0cceaaa1e48fd2b80cc844,"1 = p1 >= 8 levels, i.e. clearly above the codec floor"
wide,16.20,1944,4e,dof_lapvar_D1,207.72091346227592,levels2,x0.70-0.95:y0.35-0.75,aba25781e62700cce31a490a6872ab00b57083459a0cceaaa1e48fd2b80cc844,
wide,16.20,1944,4e,dof_lapvar_D2,3.4826838604495105,levels2,x0.02-0.40:y0.45-0.70,aba25781e62700cce31a490a6872ab00b57083459a0cceaaa1e48fd2b80cc844,
wide,16.20,1944,4e,dof_lapvar_D3,0.9593075279141616,levels2,x0.02-0.30:y0.50-0.60,aba25781e62700cce31a490a6872ab00b57083459a0cceaaa1e48fd2b80cc844,
wide,16.20,1944,4e,dof_ratio_D1_D2,59.64391882399149,ratio,x0.02-0.40:y0.45-0.70,aba25781e62700cce31a490a6872ab00b57083459a0cceaaa1e48fd2b80cc844,
wide,16.20,1944,4e,dof_sigma_D2_px,1.51947021484375,px,x0.02-0.40:y0.45-0.70,aba25781e62700cce31a490a6872ab00b57083459a0cceaaa1e48fd2b80cc844,D1 blurred to match band; sharp end is TOOL
wide,16.20,1944,4e,dof_sigma_D2_pctH,0.07034584327980324,%H,x0.02-0.40:y0.45-0.70,aba25781e62700cce31a490a6872ab00b57083459a0cceaaa1e48fd2b80cc844,
wide,16.20,1944,4e,dof_sigma_D3_px,2.28363037109375,px,x0.02-0.30:y0.50-0.60,aba25781e62700cce31a490a6872ab00b57083459a0cceaaa1e48fd2b80cc844,D1 blurred to match band; sharp end is TOOL
wide,16.20,1944,4e,dof_sigma_D3_pctH,0.10572362829137731,%H,x0.02-0.30:y0.50-0.60,aba25781e62700cce31a490a6872ab00b57083459a0cceaaa1e48fd2b80cc844,
wide,16.20,1944,4f,grain_sigma_R,0.36038296923729246,levels,x0.02-0.50:y0.02-0.42,aba25781e62700cce31a490a6872ab00b57083459a0cceaaa1e48fd2b80cc844,TOOL (ESRGAN/RIFE); native 4K
wide,16.20,1944,4f,grain_sigma_G,0.3226582801987202,levels,x0.02-0.50:y0.02-0.42,aba25781e62700cce31a490a6872ab00b57083459a0cceaaa1e48fd2b80cc844,TOOL (ESRGAN/RIFE); native 4K
wide,16.20,1944,4f,grain_sigma_B,0.38728684513966466,levels,x0.02-0.50:y0.02-0.42,aba25781e62700cce31a490a6872ab00b57083459a0cceaaa1e48fd2b80cc844,TOOL (ESRGAN/RIFE); native 4K
wide,16.20,1944,4f,grain_acf_halfmax_x,2,px,x0.02-0.50:y0.02-0.42,aba25781e62700cce31a490a6872ab00b57083459a0cceaaa1e48fd2b80cc844,
wide,16.20,1944,4f,grain_acf_zerocross_x,713,px,x0.02-0.50:y0.02-0.42,aba25781e62700cce31a490a6872ab00b57083459a0cceaaa1e48fd2b80cc844,
wide,16.20,1944,4f,grain_acf_halfmax_y,1,px,x0.02-0.50:y0.02-0.42,aba25781e62700cce31a490a6872ab00b57083459a0cceaaa1e48fd2b80cc844,
wide,16.20,1944,4f,grain_acf_zerocross_y,3,px,x0.02-0.50:y0.02-0.42,aba25781e62700cce31a490a6872ab00b57083459a0cceaaa1e48fd2b80cc844,
wide,16.20,1944,4g,palette_turf_median_hex,#192313,hex,x0.58-0.96:y0.28-0.90,aba25781e62700cce31a490a6872ab00b57083459a0cceaaa1e48fd2b80cc844,island-local split; +-2 %H boundary
wide,16.20,1944,4g,palette_turf_meanS,0.47132723337209,S,x0.58-0.96:y0.28-0.90,aba25781e62700cce31a490a6872ab00b57083459a0cceaaa1e48fd2b80cc844,
wide,16.20,1944,4g,palette_turf_meanV,43.02507075132309,levels,x0.58-0.96:y0.28-0.90,aba25781e62700cce31a490a6872ab00b57083459a0cceaaa1e48fd2b80cc844,
wide,16.20,1944,4g,palette_turf_share,0.07640426103740625,fraction,x0.58-0.96:y0.28-0.90,aba25781e62700cce31a490a6872ab00b57083459a0cceaaa1e48fd2b80cc844,
wide,16.20,1944,4g,palette_turf_k1_hex,#121B0D,hex,x0.58-0.96:y0.28-0.90,aba25781e62700cce31a490a6872ab00b57083459a0cceaaa1e48fd2b80cc844,k-means k=3 seed 0; informational
wide,16.20,1944,4g,palette_turf_k1_share,0.5796811793486082,fraction,x0.58-0.96:y0.28-0.90,aba25781e62700cce31a490a6872ab00b57083459a0cceaaa1e48fd2b80cc844,
wide,16.20,1944,4g,palette_turf_k2_hex,#273220,hex,x0.58-0.96:y0.28-0.90,aba25781e62700cce31a490a6872ab00b57083459a0cceaaa1e48fd2b80cc844,k-means k=3 seed 0; informational
wide,16.20,1944,4g,palette_turf_k2_share,0.28401259933165984,fraction,x0.58-0.96:y0.28-0.90,aba25781e62700cce31a490a6872ab00b57083459a0cceaaa1e48fd2b80cc844,
wide,16.20,1944,4g,palette_turf_k3_hex,#56603E,hex,x0.58-0.96:y0.28-0.90,aba25781e62700cce31a490a6872ab00b57083459a0cceaaa1e48fd2b80cc844,k-means k=3 seed 0; informational
wide,16.20,1944,4g,palette_turf_k3_share,0.13630622131973202,fraction,x0.58-0.96:y0.28-0.90,aba25781e62700cce31a490a6872ab00b57083459a0cceaaa1e48fd2b80cc844,
wide,16.20,1944,4g,palette_moss_median_hex,#424B15,hex,x0.58-0.96:y0.28-0.90,aba25781e62700cce31a490a6872ab00b57083459a0cceaaa1e48fd2b80cc844,island-local split; +-2 %H boundary
wide,16.20,1944,4g,palette_moss_meanS,0.6543901020726333,S,x0.58-0.96:y0.28-0.90,aba25781e62700cce31a490a6872ab00b57083459a0cceaaa1e48fd2b80cc844,
wide,16.20,1944,4g,palette_moss_meanV,74.5384999516737,levels,x0.58-0.96:y0.28-0.90,aba25781e62700cce31a490a6872ab00b57083459a0cceaaa1e48fd2b80cc844,
wide,16.20,1944,4g,palette_moss_share,0.07583620415842068,fraction,x0.58-0.96:y0.28-0.90,aba25781e62700cce31a490a6872ab00b57083459a0cceaaa1e48fd2b80cc844,
wide,16.20,1944,4g,palette_moss_k1_hex,#4A521A,hex,x0.58-0.96:y0.28-0.90,aba25781e62700cce31a490a6872ab00b57083459a0cceaaa1e48fd2b80cc844,k-means k=3 seed 0; informational
wide,16.20,1944,4g,palette_moss_k1_share,0.4630303811334128,fraction,x0.58-0.96:y0.28-0.90,aba25781e62700cce31a490a6872ab00b57083459a0cceaaa1e48fd2b80cc844,
wide,16.20,1944,4g,palette_moss_k2_hex,#1F260A,hex,x0.58-0.96:y0.28-0.90,aba25781e62700cce31a490a6872ab00b57083459a0cceaaa1e48fd2b80cc844,k-means k=3 seed 0; informational
wide,16.20,1944,4g,palette_moss_k2_share,0.34255291729759335,fraction,x0.58-0.96:y0.28-0.90,aba25781e62700cce31a490a6872ab00b57083459a0cceaaa1e48fd2b80cc844,
wide,16.20,1944,4g,palette_moss_k3_hex,#717A41,hex,x0.58-0.96:y0.28-0.90,aba25781e62700cce31a490a6872ab00b57083459a0cceaaa1e48fd2b80cc844,k-means k=3 seed 0; informational
wide,16.20,1944,4g,palette_moss_k3_share,0.19441670156899385,fraction,x0.58-0.96:y0.28-0.90,aba25781e62700cce31a490a6872ab00b57083459a0cceaaa1e48fd2b80cc844,
wide,16.20,1944,4g,palette_soil_median_hex,#252628,hex,x0.58-0.96:y0.28-0.90,aba25781e62700cce31a490a6872ab00b57083459a0cceaaa1e48fd2b80cc844,island-local split; +-2 %H boundary
wide,16.20,1944,4g,palette_soil_meanS,0.33888652501217004,S,x0.58-0.96:y0.28-0.90,aba25781e62700cce31a490a6872ab00b57083459a0cceaaa1e48fd2b80cc844,
wide,16.20,1944,4g,palette_soil_meanV,54.75823386399299,levels,x0.58-0.96:y0.28-0.90,aba25781e62700cce31a490a6872ab00b57083459a0cceaaa1e48fd2b80cc844,
wide,16.20,1944,4g,palette_soil_share,0.43363751862982236,fraction,x0.58-0.96:y0.28-0.90,aba25781e62700cce31a490a6872ab00b57083459a0cceaaa1e48fd2b80cc844,
wide,16.20,1944,4g,palette_soil_k1_hex,#1E2020,hex,x0.58-0.96:y0.28-0.90,aba25781e62700cce31a490a6872ab00b57083459a0cceaaa1e48fd2b80cc844,k-means k=3 seed 0; informational
wide,16.20,1944,4g,palette_soil_k1_share,0.6509365659342982,fraction,x0.58-0.96:y0.28-0.90,aba25781e62700cce31a490a6872ab00b57083459a0cceaaa1e48fd2b80cc844,
wide,16.20,1944,4g,palette_soil_k2_hex,#414341,hex,x0.58-0.96:y0.28-0.90,aba25781e62700cce31a490a6872ab00b57083459a0cceaaa1e48fd2b80cc844,k-means k=3 seed 0; informational
wide,16.20,1944,4g,palette_soil_k2_share,0.29701634236421975,fraction,x0.58-0.96:y0.28-0.90,aba25781e62700cce31a490a6872ab00b57083459a0cceaaa1e48fd2b80cc844,
wide,16.20,1944,4g,palette_soil_k3_hex,#7C8488,hex,x0.58-0.96:y0.28-0.90,aba25781e62700cce31a490a6872ab00b57083459a0cceaaa1e48fd2b80cc844,k-means k=3 seed 0; informational
wide,16.20,1944,4g,palette_soil_k3_share,0.05204709170148211,fraction,x0.58-0.96:y0.28-0.90,aba25781e62700cce31a490a6872ab00b57083459a0cceaaa1e48fd2b80cc844,
wide,16.20,1944,4g,palette_pebble_median_hex,#393912,hex,x0.58-0.96:y0.28-0.90,aba25781e62700cce31a490a6872ab00b57083459a0cceaaa1e48fd2b80cc844,island-local split; +-2 %H boundary
wide,16.20,1944,4g,palette_pebble_meanS,0.6018346841997082,S,x0.58-0.96:y0.28-0.90,aba25781e62700cce31a490a6872ab00b57083459a0cceaaa1e48fd2b80cc844,
wide,16.20,1944,4g,palette_pebble_meanV,64.41561952695925,levels,x0.58-0.96:y0.28-0.90,aba25781e62700cce31a490a6872ab00b57083459a0cceaaa1e48fd2b80cc844,
wide,16.20,1944,4g,palette_pebble_share,0.07184514647316084,fraction,x0.58-0.96:y0.28-0.90,aba25781e62700cce31a490a6872ab00b57083459a0cceaaa1e48fd2b80cc844,
wide,16.20,1944,4g,palette_pebble_k1_hex,#23220E,hex,x0.58-0.96:y0.28-0.90,aba25781e62700cce31a490a6872ab00b57083459a0cceaaa1e48fd2b80cc844,k-means k=3 seed 0; informational
wide,16.20,1944,4g,palette_pebble_k1_share,0.42590671813096187,fraction,x0.58-0.96:y0.28-0.90,aba25781e62700cce31a490a6872ab00b57083459a0cceaaa1e48fd2b80cc844,
wide,16.20,1944,4g,palette_pebble_k2_hex,#454518,hex,x0.58-0.96:y0.28-0.90,aba25781e62700cce31a490a6872ab00b57083459a0cceaaa1e48fd2b80cc844,k-means k=3 seed 0; informational
wide,16.20,1944,4g,palette_pebble_k2_share,0.3756440121745932,fraction,x0.58-0.96:y0.28-0.90,aba25781e62700cce31a490a6872ab00b57083459a0cceaaa1e48fd2b80cc844,
wide,16.20,1944,4g,palette_pebble_k3_hex,#6A6D41,hex,x0.58-0.96:y0.28-0.90,aba25781e62700cce31a490a6872ab00b57083459a0cceaaa1e48fd2b80cc844,k-means k=3 seed 0; informational
wide,16.20,1944,4g,palette_pebble_k3_share,0.19844926969444493,fraction,x0.58-0.96:y0.28-0.90,aba25781e62700cce31a490a6872ab00b57083459a0cceaaa1e48fd2b80cc844,
wide,16.20,1944,4g,palette_basalt_median_hex,#0C0D11,hex,x0.58-0.96:y0.28-0.90,aba25781e62700cce31a490a6872ab00b57083459a0cceaaa1e48fd2b80cc844,island-local split; +-2 %H boundary
wide,16.20,1944,4g,palette_basalt_meanS,0.49920768643217117,S,x0.58-0.96:y0.28-0.90,aba25781e62700cce31a490a6872ab00b57083459a0cceaaa1e48fd2b80cc844,
wide,16.20,1944,4g,palette_basalt_meanV,18.422793418801614,levels,x0.58-0.96:y0.28-0.90,aba25781e62700cce31a490a6872ab00b57083459a0cceaaa1e48fd2b80cc844,
wide,16.20,1944,4g,palette_basalt_share,0.2892020327884874,fraction,x0.58-0.96:y0.28-0.90,aba25781e62700cce31a490a6872ab00b57083459a0cceaaa1e48fd2b80cc844,
wide,16.20,1944,4g,palette_basalt_k1_hex,#0F1118,hex,x0.58-0.96:y0.28-0.90,aba25781e62700cce31a490a6872ab00b57083459a0cceaaa1e48fd2b80cc844,k-means k=3 seed 0; informational
wide,16.20,1944,4g,palette_basalt_k1_share,0.40480283861701905,fraction,x0.58-0.96:y0.28-0.90,aba25781e62700cce31a490a6872ab00b57083459a0cceaaa1e48fd2b80cc844,
wide,16.20,1944,4g,palette_basalt_k2_hex,#080A10,hex,x0.58-0.96:y0.28-0.90,aba25781e62700cce31a490a6872ab00b57083459a0cceaaa1e48fd2b80cc844,k-means k=3 seed 0; informational
wide,16.20,1944,4g,palette_basalt_k2_share,0.33017509029083153,fraction,x0.58-0.96:y0.28-0.90,aba25781e62700cce31a490a6872ab00b57083459a0cceaaa1e48fd2b80cc844,
wide,16.20,1944,4g,palette_basalt_k3_hex,#0B0A06,hex,x0.58-0.96:y0.28-0.90,aba25781e62700cce31a490a6872ab00b57083459a0cceaaa1e48fd2b80cc844,k-means k=3 seed 0; informational
wide,16.20,1944,4g,palette_basalt_k3_share,0.2650220710921494,fraction,x0.58-0.96:y0.28-0.90,aba25781e62700cce31a490a6872ab00b57083459a0cceaaa1e48fd2b80cc844,
wide,16.20,1944,4g,palette_turf_vs_517046_deltaE,35.281303011832605,dE76,x0.58-0.96:y0.28-0.90,aba25781e62700cce31a490a6872ab00b57083459a0cceaaa1e48fd2b80cc844,"informational: #517046 is a reference-reel value, not a hero target"
wide,16.20,1944,4g,palette_basalt_vs_474B59_deltaE,29.163130273567926,dE76,x0.58-0.96:y0.28-0.90,aba25781e62700cce31a490a6872ab00b57083459a0cceaaa1e48fd2b80cc844,"informational: #474B59 is a reference-reel value, not a hero target"
wide,16.20,1944,4h,conifer_dark_area_pct,12.376355252772816,%,x0.62-0.95:y0.28-0.50,aba25781e62700cce31a490a6872ab00b57083459a0cceaaa1e48fd2b80cc844,
wide,16.20,1944,4h,conifer_edge_density,0.18005234079674323,fraction,x0.62-0.95:y0.28-0.50,aba25781e62700cce31a490a6872ab00b57083459a0cceaaa1e48fd2b80cc844,Sobel mag > 12 levels
wide,20.25,2430,4a,sky_hex_anchor_0.02,#2D3E4E,hex,x0.02-0.30:y0.02-0.58,aba25781e62700cce31a490a6872ab00b57083459a0cceaaa1e48fd2b80cc844,
wide,20.25,2430,4a,sky_anchor_0.02_best_token,sky_top,token,x0.02-0.30:y0.02-0.58,aba25781e62700cce31a490a6872ab00b57083459a0cceaaa1e48fd2b80cc844,
wide,20.25,2430,4a,sky_anchor_0.02_deltaE_min,19.396518815243365,dE76,x0.02-0.30:y0.02-0.58,aba25781e62700cce31a490a6872ab00b57083459a0cceaaa1e48fd2b80cc844,nearest of the four settled sky/haze tokens
wide,20.25,2430,4a,sky_hex_anchor_0.10,#4F6C87,hex,x0.02-0.30:y0.02-0.58,aba25781e62700cce31a490a6872ab00b57083459a0cceaaa1e48fd2b80cc844,
wide,20.25,2430,4a,sky_anchor_0.10_best_token,sky_top,token,x0.02-0.30:y0.02-0.58,aba25781e62700cce31a490a6872ab00b57083459a0cceaaa1e48fd2b80cc844,
wide,20.25,2430,4a,sky_anchor_0.10_deltaE_min,4.30679636336934,dE76,x0.02-0.30:y0.02-0.58,aba25781e62700cce31a490a6872ab00b57083459a0cceaaa1e48fd2b80cc844,nearest of the four settled sky/haze tokens
wide,20.25,2430,4a,sky_hex_anchor_0.25,#66829B,hex,x0.02-0.30:y0.02-0.58,aba25781e62700cce31a490a6872ab00b57083459a0cceaaa1e48fd2b80cc844,
wide,20.25,2430,4a,sky_anchor_0.25_best_token,sky_mid,token,x0.02-0.30:y0.02-0.58,aba25781e62700cce31a490a6872ab00b57083459a0cceaaa1e48fd2b80cc844,
wide,20.25,2430,4a,sky_anchor_0.25_deltaE_min,9.329891449349336,dE76,x0.02-0.30:y0.02-0.58,aba25781e62700cce31a490a6872ab00b57083459a0cceaaa1e48fd2b80cc844,nearest of the four settled sky/haze tokens
wide,20.25,2430,4a,sky_hex_anchor_0.40,#899FB5,hex,x0.02-0.30:y0.02-0.58,aba25781e62700cce31a490a6872ab00b57083459a0cceaaa1e48fd2b80cc844,
wide,20.25,2430,4a,sky_anchor_0.40_best_token,sky_mid,token,x0.02-0.30:y0.02-0.58,aba25781e62700cce31a490a6872ab00b57083459a0cceaaa1e48fd2b80cc844,
wide,20.25,2430,4a,sky_anchor_0.40_deltaE_min,3.7173023871094455,dE76,x0.02-0.30:y0.02-0.58,aba25781e62700cce31a490a6872ab00b57083459a0cceaaa1e48fd2b80cc844,nearest of the four settled sky/haze tokens
wide,20.25,2430,4a,sky_hex_anchor_0.55,#B8C3D1,hex,x0.02-0.30:y0.02-0.58,aba25781e62700cce31a490a6872ab00b57083459a0cceaaa1e48fd2b80cc844,
wide,20.25,2430,4a,sky_anchor_0.55_best_token,sky_low,token,x0.02-0.30:y0.02-0.58,aba25781e62700cce31a490a6872ab00b57083459a0cceaaa1e48fd2b80cc844,
wide,20.25,2430,4a,sky_anchor_0.55_deltaE_min,3.926470294782423,dE76,x0.02-0.30:y0.02-0.58,aba25781e62700cce31a490a6872ab00b57083459a0cceaaa1e48fd2b80cc844,nearest of the four settled sky/haze tokens
wide,20.25,2430,4a,sky_hex_anchor_0.68,#757A81,hex,x0.02-0.30:y0.02-0.58,aba25781e62700cce31a490a6872ab00b57083459a0cceaaa1e48fd2b80cc844,
wide,20.25,2430,4a,sky_anchor_0.68_best_token,haze,token,x0.02-0.30:y0.02-0.58,aba25781e62700cce31a490a6872ab00b57083459a0cceaaa1e48fd2b80cc844,
wide,20.25,2430,4a,sky_anchor_0.68_deltaE_min,7.354901584902602,dE76,x0.02-0.30:y0.02-0.58,aba25781e62700cce31a490a6872ab00b57083459a0cceaaa1e48fd2b80cc844,nearest of the four settled sky/haze tokens
wide,20.25,2430,4a,sky_hex_top,#4C6883,hex,x0.02-0.30:y0.02-0.58,aba25781e62700cce31a490a6872ab00b57083459a0cceaaa1e48fd2b80cc844,
wide,20.25,2430,4a,sky_deltaE_top_vs_sky_top,4.575676943856402,dE76,x0.02-0.30:y0.02-0.58,aba25781e62700cce31a490a6872ab00b57083459a0cceaaa1e48fd2b80cc844,
wide,20.25,2430,4a,sky_deltaE_top_vs_sky_mid,19.44530498420539,dE76,x0.02-0.30:y0.02-0.58,aba25781e62700cce31a490a6872ab00b57083459a0cceaaa1e48fd2b80cc844,
wide,20.25,2430,4a,sky_deltaE_top_vs_sky_low,33.251776140180624,dE76,x0.02-0.30:y0.02-0.58,aba25781e62700cce31a490a6872ab00b57083459a0cceaaa1e48fd2b80cc844,
wide,20.25,2430,4a,sky_deltaE_top_vs_haze,18.475011114346128,dE76,x0.02-0.30:y0.02-0.58,aba25781e62700cce31a490a6872ab00b57083459a0cceaaa1e48fd2b80cc844,
wide,20.25,2430,4a,sky_hex_mid,#7E96AC,hex,x0.02-0.30:y0.02-0.58,aba25781e62700cce31a490a6872ab00b57083459a0cceaaa1e48fd2b80cc844,
wide,20.25,2430,4a,sky_deltaE_mid_vs_sky_top,17.41191868747844,dE76,x0.02-0.30:y0.02-0.58,aba25781e62700cce31a490a6872ab00b57083459a0cceaaa1e48fd2b80cc844,
wide,20.25,2430,4a,sky_deltaE_mid_vs_sky_mid,2.44246693647989,dE76,x0.02-0.30:y0.02-0.58,aba25781e62700cce31a490a6872ab00b57083459a0cceaaa1e48fd2b80cc844,
wide,20.25,2430,4a,sky_deltaE_mid_vs_sky_low,14.982615279805277,dE76,x0.02-0.30:y0.02-0.58,aba25781e62700cce31a490a6872ab00b57083459a0cceaaa1e48fd2b80cc844,
wide,20.25,2430,4a,sky_deltaE_mid_vs_haze,9.57545027778007,dE76,x0.02-0.30:y0.02-0.58,aba25781e62700cce31a490a6872ab00b57083459a0cceaaa1e48fd2b80cc844,
wide,20.25,2430,4a,sky_hex_horizon,#757A81,hex,x0.02-0.30:y0.02-0.58,aba25781e62700cce31a490a6872ab00b57083459a0cceaaa1e48fd2b80cc844,
wide,20.25,2430,4a,sky_deltaE_horizon_vs_sky_top,14.700018401206195,dE76,x0.02-0.30:y0.02-0.58,aba25781e62700cce31a490a6872ab00b57083459a0cceaaa1e48fd2b80cc844,
wide,20.25,2430,4a,sky_deltaE_horizon_vs_sky_mid,15.047672858305923,dE76,x0.02-0.30:y0.02-0.58,aba25781e62700cce31a490a6872ab00b57083459a0cceaaa1e48fd2b80cc844,
wide,20.25,2430,4a,sky_deltaE_horizon_vs_sky_low,24.649904319865477,dE76,x0.02-0.30:y0.02-0.58,aba25781e62700cce31a490a6872ab00b57083459a0cceaaa1e48fd2b80cc844,
wide,20.25,2430,4a,sky_deltaE_horizon_vs_haze,7.354901584902602,dE76,x0.02-0.30:y0.02-0.58,aba25781e62700cce31a490a6872ab00b57083459a0cceaaa1e48fd2b80cc844,
wide,20.25,2430,4a,haze_hex,#B7C3D0,hex,x0.02-0.30:y0.50-0.60,aba25781e62700cce31a490a6872ab00b57083459a0cceaaa1e48fd2b80cc844,
wide,20.25,2430,4a,haze_deltaE_vs_haze_token,21.952780967823788,dE76,x0.02-0.30:y0.50-0.60,aba25781e62700cce31a490a6872ab00b57083459a0cceaaa1e48fd2b80cc844,
wide,20.25,2430,4a,sky_slope_R,2.116288098456256,levels/%H,x0.02-0.30:y0.02-0.58,aba25781e62700cce31a490a6872ab00b57083459a0cceaaa1e48fd2b80cc844,
wide,20.25,2430,4a,sky_r2_R,0.964950788486618,1,x0.02-0.30:y0.02-0.58,aba25781e62700cce31a490a6872ab00b57083459a0cceaaa1e48fd2b80cc844,
wide,20.25,2430,4a,sky_slope_G,1.8047574557875468,levels/%H,x0.02-0.30:y0.02-0.58,aba25781e62700cce31a490a6872ab00b57083459a0cceaaa1e48fd2b80cc844,
wide,20.25,2430,4a,sky_r2_G,0.9731861146618722,1,x0.02-0.30:y0.02-0.58,aba25781e62700cce31a490a6872ab00b57083459a0cceaaa1e48fd2b80cc844,
wide,20.25,2430,4a,sky_slope_B,1.541748084761087,levels/%H,x0.02-0.30:y0.02-0.58,aba25781e62700cce31a490a6872ab00b57083459a0cceaaa1e48fd2b80cc844,
wide,20.25,2430,4a,sky_r2_B,0.9763997842621043,1,x0.02-0.30:y0.02-0.58,aba25781e62700cce31a490a6872ab00b57083459a0cceaaa1e48fd2b80cc844,
wide,20.25,2430,4b,contrast_rms_D1,6.322218159077947,levels,x0.70-0.95:y0.35-0.75,aba25781e62700cce31a490a6872ab00b57083459a0cceaaa1e48fd2b80cc844,
wide,20.25,2430,4b,sat_S_D1,0.38777480122330626,S,x0.70-0.95:y0.35-0.75,aba25781e62700cce31a490a6872ab00b57083459a0cceaaa1e48fd2b80cc844,
wide,20.25,2430,4b,value_V_D1,102.28773509837963,levels,x0.70-0.95:y0.35-0.75,aba25781e62700cce31a490a6872ab00b57083459a0cceaaa1e48fd2b80cc844,
wide,20.25,2430,4b,contrast_rms_D2,1.4858229351899883,levels,x0.02-0.40:y0.45-0.70,aba25781e62700cce31a490a6872ab00b57083459a0cceaaa1e48fd2b80cc844,
wide,20.25,2430,4b,sat_S_D2,0.1473900785418139,S,x0.02-0.40:y0.45-0.70,aba25781e62700cce31a490a6872ab00b57083459a0cceaaa1e48fd2b80cc844,
wide,20.25,2430,4b,value_V_D2,202.46451146142715,levels,x0.02-0.40:y0.45-0.70,aba25781e62700cce31a490a6872ab00b57083459a0cceaaa1e48fd2b80cc844,
wide,20.25,2430,4b,contrast_rms_D3,0.5545985795477893,levels,x0.02-0.30:y0.50-0.60,aba25781e62700cce31a490a6872ab00b57083459a0cceaaa1e48fd2b80cc844,
wide,20.25,2430,4b,sat_S_D3,0.1225596113151293,S,x0.02-0.30:y0.50-0.60,aba25781e62700cce31a490a6872ab00b57083459a0cceaaa1e48fd2b80cc844,
wide,20.25,2430,4b,value_V_D3,207.85162360034454,levels,x0.02-0.30:y0.50-0.60,aba25781e62700cce31a490a6872ab00b57083459a0cceaaa1e48fd2b80cc844,
wide,20.25,2430,4b,falloff_rms_D2_D1,0.23501608103423716,ratio,x0.02-0.40:y0.45-0.70,aba25781e62700cce31a490a6872ab00b57083459a0cceaaa1e48fd2b80cc844,
wide,20.25,2430,4b,falloff_rms_D3_D1,0.08772215156027989,ratio,x0.02-0.30:y0.50-0.60,aba25781e62700cce31a490a6872ab00b57083459a0cceaaa1e48fd2b80cc844,
wide,20.25,2430,4b,falloff_sat_D2_D1,0.38009194531683094,ratio,x0.02-0.40:y0.45-0.70,aba25781e62700cce31a490a6872ab00b57083459a0cceaaa1e48fd2b80cc844,
wide,20.25,2430,4b,falloff_sat_D3_D1,0.3160587302952453,ratio,x0.02-0.30:y0.50-0.60,aba25781e62700cce31a490a6872ab00b57083459a0cceaaa1e48fd2b80cc844,
wide,20.25,2430,4c,bloom_peak_L,186.74159999999998,levels,x0.55-0.80:y0.20-0.45,aba25781e62700cce31a490a6872ab00b57083459a0cceaaa1e48fd2b80cc844,
wide,20.25,2430,4c,bloom_bg_L,124.2092,levels,x0.55-0.80:y0.20-0.45,aba25781e62700cce31a490a6872ab00b57083459a0cceaaa1e48fd2b80cc844,
wide,20.25,2430,4c,bloom_peak_bg_ratio,1.5034441893193096,ratio,x0.55-0.80:y0.20-0.45,aba25781e62700cce31a490a6872ab00b57083459a0cceaaa1e48fd2b80cc844,
wide,20.25,2430,4c,bloom_r50_px,0.7091732857090883,px,x0.55-0.80:y0.20-0.45,aba25781e62700cce31a490a6872ab00b57083459a0cceaaa1e48fd2b80cc844,"edge-limited: peak sits on the island silhouette, not sky; TOOL (ESRGAN/HEVC) — not a resolvable sky-side halo"
wide,20.25,2430,4c,bloom_r50_pctH,0.03283209656060594,%H,x0.55-0.80:y0.20-0.45,aba25781e62700cce31a490a6872ab00b57083459a0cceaaa1e48fd2b80cc844,
wide,20.25,2430,4c,bloom_falloff_10_90_px,1.0663806417051573,px,x0.55-0.80:y0.20-0.45,aba25781e62700cce31a490a6872ab00b57083459a0cceaaa1e48fd2b80cc844,
wide,20.25,2430,4d,shadow_p0_1,1.5655999999999999,levels,x0.58-0.96:y0.55-0.90,aba25781e62700cce31a490a6872ab00b57083459a0cceaaa1e48fd2b80cc844,
wide,20.25,2430,4d,shadow_p1,3.1456,levels,x0.58-0.96:y0.55-0.90,aba25781e62700cce31a490a6872ab00b57083459a0cceaaa1e48fd2b80cc844,black floor = p1; HEVC crush is the limit
wide,20.25,2430,4d,shadow_p5,9.144400000000001,levels,x0.58-0.96:y0.55-0.90,aba25781e62700cce31a490a6872ab00b57083459a0cceaaa1e48fd2b80cc844,
wide,20.25,2430,4d,shadow_p50,78.51039999999999,levels,x0.58-0.96:y0.55-0.90,aba25781e62700cce31a490a6872ab00b57083459a0cceaaa1e48fd2b80cc844,
wide,20.25,2430,4d,shadow_min,0,levels,x0.58-0.96:y0.55-0.90,aba25781e62700cce31a490a6872ab00b57083459a0cceaaa1e48fd2b80cc844,
wide,20.25,2430,4d,shadow_floor_lifted,0,bool,x0.58-0.96:y0.55-0.90,aba25781e62700cce31a490a6872ab00b57083459a0cceaaa1e48fd2b80cc844,"1 = p1 >= 8 levels, i.e. clearly above the codec floor"
wide,20.25,2430,4e,dof_lapvar_D1,67.54151931442794,levels2,x0.70-0.95:y0.35-0.75,aba25781e62700cce31a490a6872ab00b57083459a0cceaaa1e48fd2b80cc844,
wide,20.25,2430,4e,dof_lapvar_D2,3.5519515579343,levels2,x0.02-0.40:y0.45-0.70,aba25781e62700cce31a490a6872ab00b57083459a0cceaaa1e48fd2b80cc844,
wide,20.25,2430,4e,dof_lapvar_D3,0.9955539241958348,levels2,x0.02-0.30:y0.50-0.60,aba25781e62700cce31a490a6872ab00b57083459a0cceaaa1e48fd2b80cc844,
wide,20.25,2430,4e,dof_ratio_D1_D2,19.01532670499254,ratio,x0.02-0.40:y0.45-0.70,aba25781e62700cce31a490a6872ab00b57083459a0cceaaa1e48fd2b80cc844,
wide,20.25,2430,4e,dof_sigma_D2_px,1.22344970703125,px,x0.02-0.40:y0.45-0.70,aba25781e62700cce31a490a6872ab00b57083459a0cceaaa1e48fd2b80cc844,D1 blurred to match band; sharp end is TOOL
wide,20.25,2430,4e,dof_sigma_D2_pctH,0.056641190140335654,%H,x0.02-0.40:y0.45-0.70,aba25781e62700cce31a490a6872ab00b57083459a0cceaaa1e48fd2b80cc844,
wide,20.25,2430,4e,dof_sigma_D3_px,1.85882568359375,px,x0.02-0.30:y0.50-0.60,aba25781e62700cce31a490a6872ab00b57083459a0cceaaa1e48fd2b80cc844,D1 blurred to match band; sharp end is TOOL
wide,20.25,2430,4e,dof_sigma_D3_pctH,0.08605674461082176,%H,x0.02-0.30:y0.50-0.60,aba25781e62700cce31a490a6872ab00b57083459a0cceaaa1e48fd2b80cc844,
wide,20.25,2430,4f,grain_sigma_R,0.36294396090947867,levels,x0.02-0.50:y0.02-0.42,aba25781e62700cce31a490a6872ab00b57083459a0cceaaa1e48fd2b80cc844,TOOL (ESRGAN/RIFE); native 4K
wide,20.25,2430,4f,grain_sigma_G,0.32235445416986197,levels,x0.02-0.50:y0.02-0.42,aba25781e62700cce31a490a6872ab00b57083459a0cceaaa1e48fd2b80cc844,TOOL (ESRGAN/RIFE); native 4K
wide,20.25,2430,4f,grain_sigma_B,0.3707042389126109,levels,x0.02-0.50:y0.02-0.42,aba25781e62700cce31a490a6872ab00b57083459a0cceaaa1e48fd2b80cc844,TOOL (ESRGAN/RIFE); native 4K
wide,20.25,2430,4f,grain_acf_halfmax_x,2,px,x0.02-0.50:y0.02-0.42,aba25781e62700cce31a490a6872ab00b57083459a0cceaaa1e48fd2b80cc844,
wide,20.25,2430,4f,grain_acf_zerocross_x,-1,px,x0.02-0.50:y0.02-0.42,aba25781e62700cce31a490a6872ab00b57083459a0cceaaa1e48fd2b80cc844,
wide,20.25,2430,4f,grain_acf_halfmax_y,1,px,x0.02-0.50:y0.02-0.42,aba25781e62700cce31a490a6872ab00b57083459a0cceaaa1e48fd2b80cc844,
wide,20.25,2430,4f,grain_acf_zerocross_y,3,px,x0.02-0.50:y0.02-0.42,aba25781e62700cce31a490a6872ab00b57083459a0cceaaa1e48fd2b80cc844,
wide,20.25,2430,4g,palette_turf_median_hex,#2A341A,hex,x0.58-0.96:y0.28-0.90,aba25781e62700cce31a490a6872ab00b57083459a0cceaaa1e48fd2b80cc844,island-local split; +-2 %H boundary
wide,20.25,2430,4g,palette_turf_meanS,0.4772031672979078,S,x0.58-0.96:y0.28-0.90,aba25781e62700cce31a490a6872ab00b57083459a0cceaaa1e48fd2b80cc844,
wide,20.25,2430,4g,palette_turf_meanV,58.21340891981995,levels,x0.58-0.96:y0.28-0.90,aba25781e62700cce31a490a6872ab00b57083459a0cceaaa1e48fd2b80cc844,
wide,20.25,2430,4g,palette_turf_share,0.08329558280418609,fraction,x0.58-0.96:y0.28-0.90,aba25781e62700cce31a490a6872ab00b57083459a0cceaaa1e48fd2b80cc844,
wide,20.25,2430,4g,palette_turf_k1_hex,#1B2412,hex,x0.58-0.96:y0.28-0.90,aba25781e62700cce31a490a6872ab00b57083459a0cceaaa1e48fd2b80cc844,k-means k=3 seed 0; informational
wide,20.25,2430,4g,palette_turf_k1_share,0.5070439845754405,fraction,x0.58-0.96:y0.28-0.90,aba25781e62700cce31a490a6872ab00b57083459a0cceaaa1e48fd2b80cc844,
wide,20.25,2430,4g,palette_turf_k2_hex,#3C4524,hex,x0.58-0.96:y0.28-0.90,aba25781e62700cce31a490a6872ab00b57083459a0cceaaa1e48fd2b80cc844,k-means k=3 seed 0; informational
wide,20.25,2430,4g,palette_turf_k2_share,0.3486196248329262,fraction,x0.58-0.96:y0.28-0.90,aba25781e62700cce31a490a6872ab00b57083459a0cceaaa1e48fd2b80cc844,
wide,20.25,2430,4g,palette_turf_k3_hex,#666F44,hex,x0.58-0.96:y0.28-0.90,aba25781e62700cce31a490a6872ab00b57083459a0cceaaa1e48fd2b80cc844,k-means k=3 seed 0; informational
wide,20.25,2430,4g,palette_turf_k3_share,0.14433639059163325,fraction,x0.58-0.96:y0.28-0.90,aba25781e62700cce31a490a6872ab00b57083459a0cceaaa1e48fd2b80cc844,
wide,20.25,2430,4g,palette_moss_median_hex,#3D4515,hex,x0.58-0.96:y0.28-0.90,aba25781e62700cce31a490a6872ab00b57083459a0cceaaa1e48fd2b80cc844,island-local split; +-2 %H boundary
wide,20.25,2430,4g,palette_moss_meanS,0.673273432847587,S,x0.58-0.96:y0.28-0.90,aba25781e62700cce31a490a6872ab00b57083459a0cceaaa1e48fd2b80cc844,
wide,20.25,2430,4g,palette_moss_meanV,71.44736070154853,levels,x0.58-0.96:y0.28-0.90,aba25781e62700cce31a490a6872ab00b57083459a0cceaaa1e48fd2b80cc844,
wide,20.25,2430,4g,palette_moss_share,0.08288608553886001,fraction,x0.58-0.96:y0.28-0.90,aba25781e62700cce31a490a6872ab00b57083459a0cceaaa1e48fd2b80cc844,
wide,20.25,2430,4g,palette_moss_k1_hex,#212809,hex,x0.58-0.96:y0.28-0.90,aba25781e62700cce31a490a6872ab00b57083459a0cceaaa1e48fd2b80cc844,k-means k=3 seed 0; informational
wide,20.25,2430,4g,palette_moss_k1_share,0.4322150345061833,fraction,x0.58-0.96:y0.28-0.90,aba25781e62700cce31a490a6872ab00b57083459a0cceaaa1e48fd2b80cc844,
wide,20.25,2430,4g,palette_moss_k2_hex,#4B531C,hex,x0.58-0.96:y0.28-0.90,aba25781e62700cce31a490a6872ab00b57083459a0cceaaa1e48fd2b80cc844,k-means k=3 seed 0; informational
wide,20.25,2430,4g,palette_moss_k2_share,0.3879822760185886,fraction,x0.58-0.96:y0.28-0.90,aba25781e62700cce31a490a6872ab00b57083459a0cceaaa1e48fd2b80cc844,
wide,20.25,2430,4g,palette_moss_k3_hex,#747C42,hex,x0.58-0.96:y0.28-0.90,aba25781e62700cce31a490a6872ab00b57083459a0cceaaa1e48fd2b80cc844,k-means k=3 seed 0; informational
wide,20.25,2430,4g,palette_moss_k3_share,0.17980268947522812,fraction,x0.58-0.96:y0.28-0.90,aba25781e62700cce31a490a6872ab00b57083459a0cceaaa1e48fd2b80cc844,
wide,20.25,2430,4g,palette_soil_median_hex,#242628,hex,x0.58-0.96:y0.28-0.90,aba25781e62700cce31a490a6872ab00b57083459a0cceaaa1e48fd2b80cc844,island-local split; +-2 %H boundary
wide,20.25,2430,4g,palette_soil_meanS,0.3612708663407385,S,x0.58-0.96:y0.28-0.90,aba25781e62700cce31a490a6872ab00b57083459a0cceaaa1e48fd2b80cc844,
wide,20.25,2430,4g,palette_soil_meanV,54.510992996385326,levels,x0.58-0.96:y0.28-0.90,aba25781e62700cce31a490a6872ab00b57083459a0cceaaa1e48fd2b80cc844,
wide,20.25,2430,4g,palette_soil_share,0.4251822902670178,fraction,x0.58-0.96:y0.28-0.90,aba25781e62700cce31a490a6872ab00b57083459a0cceaaa1e48fd2b80cc844,
wide,20.25,2430,4g,palette_soil_k1_hex,#1E201F,hex,x0.58-0.96:y0.28-0.90,aba25781e62700cce31a490a6872ab00b57083459a0cceaaa1e48fd2b80cc844,k-means k=3 seed 0; informational
wide,20.25,2430,4g,palette_soil_k1_share,0.6589086159208083,fraction,x0.58-0.96:y0.28-0.90,aba25781e62700cce31a490a6872ab00b57083459a0cceaaa1e48fd2b80cc844,
wide,20.25,2430,4g,palette_soil_k2_hex,#424440,hex,x0.58-0.96:y0.28-0.90,aba25781e62700cce31a490a6872ab00b57083459a0cceaaa1e48fd2b80cc844,k-means k=3 seed 0; informational
wide,20.25,2430,4g,palette_soil_k2_share,0.2928486081557349,fraction,x0.58-0.96:y0.28-0.90,aba25781e62700cce31a490a6872ab00b57083459a0cceaaa1e48fd2b80cc844,
wide,20.25,2430,4g,palette_soil_k3_hex,#838D93,hex,x0.58-0.96:y0.28-0.90,aba25781e62700cce31a490a6872ab00b57083459a0cceaaa1e48fd2b80cc844,k-means k=3 seed 0; informational
wide,20.25,2430,4g,palette_soil_k3_share,0.04824277592345684,fraction,x0.58-0.96:y0.28-0.90,aba25781e62700cce31a490a6872ab00b57083459a0cceaaa1e48fd2b80cc844,
wide,20.25,2430,4g,palette_pebble_median_hex,#2A2C0E,hex,x0.58-0.96:y0.28-0.90,aba25781e62700cce31a490a6872ab00b57083459a0cceaaa1e48fd2b80cc844,island-local split; +-2 %H boundary
wide,20.25,2430,4g,palette_pebble_meanS,0.6508268434370944,S,x0.58-0.96:y0.28-0.90,aba25781e62700cce31a490a6872ab00b57083459a0cceaaa1e48fd2b80cc844,
wide,20.25,2430,4g,palette_pebble_meanV,59.77642062537583,levels,x0.58-0.96:y0.28-0.90,aba25781e62700cce31a490a6872ab00b57083459a0cceaaa1e48fd2b80cc844,
wide,20.25,2430,4g,palette_pebble_share,0.03404969761186313,fraction,x0.58-0.96:y0.28-0.90,aba25781e62700cce31a490a6872ab00b57083459a0cceaaa1e48fd2b80cc844,
wide,20.25,2430,4g,palette_pebble_k1_hex,#1B1C0B,hex,x0.58-0.96:y0.28-0.90,aba25781e62700cce31a490a6872ab00b57083459a0cceaaa1e48fd2b80cc844,k-means k=3 seed 0; informational
wide,20.25,2430,4g,palette_pebble_k1_share,0.5074789536981359,fraction,x0.58-0.96:y0.28-0.90,aba25781e62700cce31a490a6872ab00b57083459a0cceaaa1e48fd2b80cc844,
wide,20.25,2430,4g,palette_pebble_k2_hex,#3E4019,hex,x0.58-0.96:y0.28-0.90,aba25781e62700cce31a490a6872ab00b57083459a0cceaaa1e48fd2b80cc844,k-means k=3 seed 0; informational
wide,20.25,2430,4g,palette_pebble_k2_share,0.2528938665063139,fraction,x0.58-0.96:y0.28-0.90,aba25781e62700cce31a490a6872ab00b57083459a0cceaaa1e48fd2b80cc844,
wide,20.25,2430,4g,palette_pebble_k3_hex,#75772A,hex,x0.58-0.96:y0.28-0.90,aba25781e62700cce31a490a6872ab00b57083459a0cceaaa1e48fd2b80cc844,k-means k=3 seed 0; informational
wide,20.25,2430,4g,palette_pebble_k3_share,0.2396271797955502,fraction,x0.58-0.96:y0.28-0.90,aba25781e62700cce31a490a6872ab00b57083459a0cceaaa1e48fd2b80cc844,
wide,20.25,2430,4g,palette_basalt_median_hex,#0B0D10,hex,x0.58-0.96:y0.28-0.90,aba25781e62700cce31a490a6872ab00b57083459a0cceaaa1e48fd2b80cc844,island-local split; +-2 %H boundary
wide,20.25,2430,4g,palette_basalt_meanS,0.532344775075205,S,x0.58-0.96:y0.28-0.90,aba25781e62700cce31a490a6872ab00b57083459a0cceaaa1e48fd2b80cc844,
wide,20.25,2430,4g,palette_basalt_meanV,18.09734533244273,levels,x0.58-0.96:y0.28-0.90,aba25781e62700cce31a490a6872ab00b57083459a0cceaaa1e48fd2b80cc844,
wide,20.25,2430,4g,palette_basalt_share,0.2835410252275909,fraction,x0.58-0.96:y0.28-0.90,aba25781e62700cce31a490a6872ab00b57083459a0cceaaa1e48fd2b80cc844,
wide,20.25,2430,4g,palette_basalt_k1_hex,#0D1017,hex,x0.58-0.96:y0.28-0.90,aba25781e62700cce31a490a6872ab00b57083459a0cceaaa1e48fd2b80cc844,k-means k=3 seed 0; informational
wide,20.25,2430,4g,palette_basalt_k1_share,0.4570342823100392,fraction,x0.58-0.96:y0.28-0.90,aba25781e62700cce31a490a6872ab00b57083459a0cceaaa1e48fd2b80cc844,
wide,20.25,2430,4g,palette_basalt_k2_hex,#07070B,hex,x0.58-0.96:y0.28-0.90,aba25781e62700cce31a490a6872ab00b57083459a0cceaaa1e48fd2b80cc844,k-means k=3 seed 0; informational
wide,20.25,2430,4g,palette_basalt_k2_share,0.35477406892567653,fraction,x0.58-0.96:y0.28-0.90,aba25781e62700cce31a490a6872ab00b57083459a0cceaaa1e48fd2b80cc844,
wide,20.25,2430,4g,palette_basalt_k3_hex,#111005,hex,x0.58-0.96:y0.28-0.90,aba25781e62700cce31a490a6872ab00b57083459a0cceaaa1e48fd2b80cc844,k-means k=3 seed 0; informational
wide,20.25,2430,4g,palette_basalt_k3_share,0.1881916487642843,fraction,x0.58-0.96:y0.28-0.90,aba25781e62700cce31a490a6872ab00b57083459a0cceaaa1e48fd2b80cc844,
wide,20.25,2430,4g,palette_turf_vs_517046_deltaE,26.33029444548267,dE76,x0.58-0.96:y0.28-0.90,aba25781e62700cce31a490a6872ab00b57083459a0cceaaa1e48fd2b80cc844,"informational: #517046 is a reference-reel value, not a hero target"
wide,20.25,2430,4g,palette_basalt_vs_474B59_deltaE,29.379062179130127,dE76,x0.58-0.96:y0.28-0.90,aba25781e62700cce31a490a6872ab00b57083459a0cceaaa1e48fd2b80cc844,"informational: #474B59 is a reference-reel value, not a hero target"
wide,20.25,2430,4h,conifer_dark_area_pct,9.257674573173265,%,x0.62-0.95:y0.28-0.50,aba25781e62700cce31a490a6872ab00b57083459a0cceaaa1e48fd2b80cc844,
wide,20.25,2430,4h,conifer_edge_density,0.11113031196776471,fraction,x0.62-0.95:y0.28-0.50,aba25781e62700cce31a490a6872ab00b57083459a0cceaaa1e48fd2b80cc844,Sobel mag > 12 levels
wide,24.30,2916,4a,sky_hex_anchor_0.02,#2D3E4E,hex,x0.02-0.30:y0.02-0.58,aba25781e62700cce31a490a6872ab00b57083459a0cceaaa1e48fd2b80cc844,
wide,24.30,2916,4a,sky_anchor_0.02_best_token,sky_top,token,x0.02-0.30:y0.02-0.58,aba25781e62700cce31a490a6872ab00b57083459a0cceaaa1e48fd2b80cc844,
wide,24.30,2916,4a,sky_anchor_0.02_deltaE_min,19.390023298598603,dE76,x0.02-0.30:y0.02-0.58,aba25781e62700cce31a490a6872ab00b57083459a0cceaaa1e48fd2b80cc844,nearest of the four settled sky/haze tokens
wide,24.30,2916,4a,sky_hex_anchor_0.10,#506D87,hex,x0.02-0.30:y0.02-0.58,aba25781e62700cce31a490a6872ab00b57083459a0cceaaa1e48fd2b80cc844,
wide,24.30,2916,4a,sky_anchor_0.10_best_token,sky_top,token,x0.02-0.30:y0.02-0.58,aba25781e62700cce31a490a6872ab00b57083459a0cceaaa1e48fd2b80cc844,
wide,24.30,2916,4a,sky_anchor_0.10_deltaE_min,4.297985111000374,dE76,x0.02-0.30:y0.02-0.58,aba25781e62700cce31a490a6872ab00b57083459a0cceaaa1e48fd2b80cc844,nearest of the four settled sky/haze tokens
wide,24.30,2916,4a,sky_hex_anchor_0.25,#66829B,hex,x0.02-0.30:y0.02-0.58,aba25781e62700cce31a490a6872ab00b57083459a0cceaaa1e48fd2b80cc844,
wide,24.30,2916,4a,sky_anchor_0.25_best_token,sky_mid,token,x0.02-0.30:y0.02-0.58,aba25781e62700cce31a490a6872ab00b57083459a0cceaaa1e48fd2b80cc844,
wide,24.30,2916,4a,sky_anchor_0.25_deltaE_min,9.375566602776603,dE76,x0.02-0.30:y0.02-0.58,aba25781e62700cce31a490a6872ab00b57083459a0cceaaa1e48fd2b80cc844,nearest of the four settled sky/haze tokens
wide,24.30,2916,4a,sky_hex_anchor_0.40,#899FB5,hex,x0.02-0.30:y0.02-0.58,aba25781e62700cce31a490a6872ab00b57083459a0cceaaa1e48fd2b80cc844,
wide,24.30,2916,4a,sky_anchor_0.40_best_token,sky_mid,token,x0.02-0.30:y0.02-0.58,aba25781e62700cce31a490a6872ab00b57083459a0cceaaa1e48fd2b80cc844,
wide,24.30,2916,4a,sky_anchor_0.40_deltaE_min,3.6858756279392777,dE76,x0.02-0.30:y0.02-0.58,aba25781e62700cce31a490a6872ab00b57083459a0cceaaa1e48fd2b80cc844,nearest of the four settled sky/haze tokens
wide,24.30,2916,4a,sky_hex_anchor_0.55,#B8C3D1,hex,x0.02-0.30:y0.02-0.58,aba25781e62700cce31a490a6872ab00b57083459a0cceaaa1e48fd2b80cc844,
wide,24.30,2916,4a,sky_anchor_0.55_best_token,sky_low,token,x0.02-0.30:y0.02-0.58,aba25781e62700cce31a490a6872ab00b57083459a0cceaaa1e48fd2b80cc844,
wide,24.30,2916,4a,sky_anchor_0.55_deltaE_min,3.927746784477735,dE76,x0.02-0.30:y0.02-0.58,aba25781e62700cce31a490a6872ab00b57083459a0cceaaa1e48fd2b80cc844,nearest of the four settled sky/haze tokens
wide,24.30,2916,4a,sky_hex_anchor_0.68,#757A80,hex,x0.02-0.30:y0.02-0.58,aba25781e62700cce31a490a6872ab00b57083459a0cceaaa1e48fd2b80cc844,
wide,24.30,2916,4a,sky_anchor_0.68_best_token,haze,token,x0.02-0.30:y0.02-0.58,aba25781e62700cce31a490a6872ab00b57083459a0cceaaa1e48fd2b80cc844,
wide,24.30,2916,4a,sky_anchor_0.68_deltaE_min,7.353013431760253,dE76,x0.02-0.30:y0.02-0.58,aba25781e62700cce31a490a6872ab00b57083459a0cceaaa1e48fd2b80cc844,nearest of the four settled sky/haze tokens
wide,24.30,2916,4a,sky_hex_top,#4C6883,hex,x0.02-0.30:y0.02-0.58,aba25781e62700cce31a490a6872ab00b57083459a0cceaaa1e48fd2b80cc844,
wide,24.30,2916,4a,sky_deltaE_top_vs_sky_top,4.691413789759368,dE76,x0.02-0.30:y0.02-0.58,aba25781e62700cce31a490a6872ab00b57083459a0cceaaa1e48fd2b80cc844,
wide,24.30,2916,4a,sky_deltaE_top_vs_sky_mid,19.499409959602655,dE76,x0.02-0.30:y0.02-0.58,aba25781e62700cce31a490a6872ab00b57083459a0cceaaa1e48fd2b80cc844,
wide,24.30,2916,4a,sky_deltaE_top_vs_sky_low,33.29106955655121,dE76,x0.02-0.30:y0.02-0.58,aba25781e62700cce31a490a6872ab00b57083459a0cceaaa1e48fd2b80cc844,
wide,24.30,2916,4a,sky_deltaE_top_vs_haze,18.532464334168456,dE76,x0.02-0.30:y0.02-0.58,aba25781e62700cce31a490a6872ab00b57083459a0cceaaa1e48fd2b80cc844,
wide,24.30,2916,4a,sky_hex_mid,#7E96AC,hex,x0.02-0.30:y0.02-0.58,aba25781e62700cce31a490a6872ab00b57083459a0cceaaa1e48fd2b80cc844,
wide,24.30,2916,4a,sky_deltaE_mid_vs_sky_top,17.416505525976493,dE76,x0.02-0.30:y0.02-0.58,aba25781e62700cce31a490a6872ab00b57083459a0cceaaa1e48fd2b80cc844,
wide,24.30,2916,4a,sky_deltaE_mid_vs_sky_mid,2.4879537896385138,dE76,x0.02-0.30:y0.02-0.58,aba25781e62700cce31a490a6872ab00b57083459a0cceaaa1e48fd2b80cc844,
wide,24.30,2916,4a,sky_deltaE_mid_vs_sky_low,14.982810290561144,dE76,x0.02-0.30:y0.02-0.58,aba25781e62700cce31a490a6872ab00b57083459a0cceaaa1e48fd2b80cc844,
wide,24.30,2916,4a,sky_deltaE_mid_vs_haze,9.570327867323623,dE76,x0.02-0.30:y0.02-0.58,aba25781e62700cce31a490a6872ab00b57083459a0cceaaa1e48fd2b80cc844,
wide,24.30,2916,4a,sky_hex_horizon,#757A80,hex,x0.02-0.30:y0.02-0.58,aba25781e62700cce31a490a6872ab00b57083459a0cceaaa1e48fd2b80cc844,
wide,24.30,2916,4a,sky_deltaE_horizon_vs_sky_top,14.735373145794064,dE76,x0.02-0.30:y0.02-0.58,aba25781e62700cce31a490a6872ab00b57083459a0cceaaa1e48fd2b80cc844,
wide,24.30,2916,4a,sky_deltaE_horizon_vs_sky_mid,15.079545342578017,dE76,x0.02-0.30:y0.02-0.58,aba25781e62700cce31a490a6872ab00b57083459a0cceaaa1e48fd2b80cc844,
wide,24.30,2916,4a,sky_deltaE_horizon_vs_sky_low,24.66312892522634,dE76,x0.02-0.30:y0.02-0.58,aba25781e62700cce31a490a6872ab00b57083459a0cceaaa1e48fd2b80cc844,
wide,24.30,2916,4a,sky_deltaE_horizon_vs_haze,7.353013431760253,dE76,x0.02-0.30:y0.02-0.58,aba25781e62700cce31a490a6872ab00b57083459a0cceaaa1e48fd2b80cc844,
wide,24.30,2916,4a,haze_hex,#B7C3D0,hex,x0.02-0.30:y0.50-0.60,aba25781e62700cce31a490a6872ab00b57083459a0cceaaa1e48fd2b80cc844,
wide,24.30,2916,4a,haze_deltaE_vs_haze_token,21.944741886757427,dE76,x0.02-0.30:y0.50-0.60,aba25781e62700cce31a490a6872ab00b57083459a0cceaaa1e48fd2b80cc844,
wide,24.30,2916,4a,sky_slope_R,2.1136808555958155,levels/%H,x0.02-0.30:y0.02-0.58,aba25781e62700cce31a490a6872ab00b57083459a0cceaaa1e48fd2b80cc844,
wide,24.30,2916,4a,sky_r2_R,0.9645378812679979,1,x0.02-0.30:y0.02-0.58,aba25781e62700cce31a490a6872ab00b57083459a0cceaaa1e48fd2b80cc844,
wide,24.30,2916,4a,sky_slope_G,1.8036203188960878,levels/%H,x0.02-0.30:y0.02-0.58,aba25781e62700cce31a490a6872ab00b57083459a0cceaaa1e48fd2b80cc844,
wide,24.30,2916,4a,sky_r2_G,0.9731702046805264,1,x0.02-0.30:y0.02-0.58,aba25781e62700cce31a490a6872ab00b57083459a0cceaaa1e48fd2b80cc844,
wide,24.30,2916,4a,sky_slope_B,1.5422766528489609,levels/%H,x0.02-0.30:y0.02-0.58,aba25781e62700cce31a490a6872ab00b57083459a0cceaaa1e48fd2b80cc844,
wide,24.30,2916,4a,sky_r2_B,0.9759938654248861,1,x0.02-0.30:y0.02-0.58,aba25781e62700cce31a490a6872ab00b57083459a0cceaaa1e48fd2b80cc844,
wide,24.30,2916,4b,contrast_rms_D1,8.926721766415893,levels,x0.70-0.95:y0.35-0.75,aba25781e62700cce31a490a6872ab00b57083459a0cceaaa1e48fd2b80cc844,
wide,24.30,2916,4b,sat_S_D1,0.3806359508558894,S,x0.70-0.95:y0.35-0.75,aba25781e62700cce31a490a6872ab00b57083459a0cceaaa1e48fd2b80cc844,
wide,24.30,2916,4b,value_V_D1,99.45076075424383,levels,x0.70-0.95:y0.35-0.75,aba25781e62700cce31a490a6872ab00b57083459a0cceaaa1e48fd2b80cc844,
wide,24.30,2916,4b,contrast_rms_D2,1.4733411436280341,levels,x0.02-0.40:y0.45-0.70,aba25781e62700cce31a490a6872ab00b57083459a0cceaaa1e48fd2b80cc844,
wide,24.30,2916,4b,sat_S_D2,0.1471873252336169,S,x0.02-0.40:y0.45-0.70,aba25781e62700cce31a490a6872ab00b57083459a0cceaaa1e48fd2b80cc844,
wide,24.30,2916,4b,value_V_D2,202.3817023329018,levels,x0.02-0.40:y0.45-0.70,aba25781e62700cce31a490a6872ab00b57083459a0cceaaa1e48fd2b80cc844,
wide,24.30,2916,4b,contrast_rms_D3,0.5465141928525608,levels,x0.02-0.30:y0.50-0.60,aba25781e62700cce31a490a6872ab00b57083459a0cceaaa1e48fd2b80cc844,
wide,24.30,2916,4b,sat_S_D3,0.12250525811331461,S,x0.02-0.30:y0.50-0.60,aba25781e62700cce31a490a6872ab00b57083459a0cceaaa1e48fd2b80cc844,
wide,24.30,2916,4b,value_V_D3,207.801330749354,levels,x0.02-0.30:y0.50-0.60,aba25781e62700cce31a490a6872ab00b57083459a0cceaaa1e48fd2b80cc844,
wide,24.30,2916,4b,falloff_rms_D2_D1,0.1650483998695957,ratio,x0.02-0.40:y0.45-0.70,aba25781e62700cce31a490a6872ab00b57083459a0cceaaa1e48fd2b80cc844,
wide,24.30,2916,4b,falloff_rms_D3_D1,0.06122227253779278,ratio,x0.02-0.30:y0.50-0.60,aba25781e62700cce31a490a6872ab00b57083459a0cceaaa1e48fd2b80cc844,
wide,24.30,2916,4b,falloff_sat_D2_D1,0.38668792294226234,ratio,x0.02-0.40:y0.45-0.70,aba25781e62700cce31a490a6872ab00b57083459a0cceaaa1e48fd2b80cc844,
wide,24.30,2916,4b,falloff_sat_D3_D1,0.32184363520537684,ratio,x0.02-0.30:y0.50-0.60,aba25781e62700cce31a490a6872ab00b57083459a0cceaaa1e48fd2b80cc844,
wide,24.30,2916,4c,bloom_peak_L,180.6814,levels,x0.55-0.80:y0.20-0.45,aba25781e62700cce31a490a6872ab00b57083459a0cceaaa1e48fd2b80cc844,
wide,24.30,2916,4c,bloom_bg_L,123.20920000000001,levels,x0.55-0.80:y0.20-0.45,aba25781e62700cce31a490a6872ab00b57083459a0cceaaa1e48fd2b80cc844,
wide,24.30,2916,4c,bloom_peak_bg_ratio,1.4664602967960183,ratio,x0.55-0.80:y0.20-0.45,aba25781e62700cce31a490a6872ab00b57083459a0cceaaa1e48fd2b80cc844,
wide,24.30,2916,4c,bloom_r50_px,0.8923419526028092,px,x0.55-0.80:y0.20-0.45,aba25781e62700cce31a490a6872ab00b57083459a0cceaaa1e48fd2b80cc844,"edge-limited: peak sits on the island silhouette, not sky; TOOL (ESRGAN/HEVC) — not a resolvable sky-side halo"
wide,24.30,2916,4c,bloom_r50_pctH,0.04131212743531524,%H,x0.55-0.80:y0.20-0.45,aba25781e62700cce31a490a6872ab00b57083459a0cceaaa1e48fd2b80cc844,
wide,24.30,2916,4c,bloom_falloff_10_90_px,2.088901125946552,px,x0.55-0.80:y0.20-0.45,aba25781e62700cce31a490a6872ab00b57083459a0cceaaa1e48fd2b80cc844,
wide,24.30,2916,4d,shadow_p0_1,1.71,levels,x0.58-0.96:y0.55-0.90,aba25781e62700cce31a490a6872ab00b57083459a0cceaaa1e48fd2b80cc844,
wide,24.30,2916,4d,shadow_p1,4.002800000000001,levels,x0.58-0.96:y0.55-0.90,aba25781e62700cce31a490a6872ab00b57083459a0cceaaa1e48fd2b80cc844,black floor = p1; HEVC crush is the limit
wide,24.30,2916,4d,shadow_p5,9.5146,levels,x0.58-0.96:y0.55-0.90,aba25781e62700cce31a490a6872ab00b57083459a0cceaaa1e48fd2b80cc844,
wide,24.30,2916,4d,shadow_p50,135.843,levels,x0.58-0.96:y0.55-0.90,aba25781e62700cce31a490a6872ab00b57083459a0cceaaa1e48fd2b80cc844,
wide,24.30,2916,4d,shadow_min,0,levels,x0.58-0.96:y0.55-0.90,aba25781e62700cce31a490a6872ab00b57083459a0cceaaa1e48fd2b80cc844,
wide,24.30,2916,4d,shadow_floor_lifted,0,bool,x0.58-0.96:y0.55-0.90,aba25781e62700cce31a490a6872ab00b57083459a0cceaaa1e48fd2b80cc844,"1 = p1 >= 8 levels, i.e. clearly above the codec floor"
wide,24.30,2916,4e,dof_lapvar_D1,214.52237418206784,levels2,x0.70-0.95:y0.35-0.75,aba25781e62700cce31a490a6872ab00b57083459a0cceaaa1e48fd2b80cc844,
wide,24.30,2916,4e,dof_lapvar_D2,3.4677352831154833,levels2,x0.02-0.40:y0.45-0.70,aba25781e62700cce31a490a6872ab00b57083459a0cceaaa1e48fd2b80cc844,
wide,24.30,2916,4e,dof_lapvar_D3,0.9966615919007236,levels2,x0.02-0.30:y0.50-0.60,aba25781e62700cce31a490a6872ab00b57083459a0cceaaa1e48fd2b80cc844,
wide,24.30,2916,4e,dof_ratio_D1_D2,61.862384717364186,ratio,x0.02-0.40:y0.45-0.70,aba25781e62700cce31a490a6872ab00b57083459a0cceaaa1e48fd2b80cc844,
wide,24.30,2916,4e,dof_sigma_D2_px,1.52069091796875,px,x0.02-0.40:y0.45-0.70,aba25781e62700cce31a490a6872ab00b57083459a0cceaaa1e48fd2b80cc844,D1 blurred to match band; sharp end is TOOL
wide,24.30,2916,4e,dof_sigma_D2_pctH,0.07040235731336805,%H,x0.02-0.40:y0.45-0.70,aba25781e62700cce31a490a6872ab00b57083459a0cceaaa1e48fd2b80cc844,
wide,24.30,2916,4e,dof_sigma_D3_px,2.23785400390625,px,x0.02-0.30:y0.50-0.60,aba25781e62700cce31a490a6872ab00b57083459a0cceaaa1e48fd2b80cc844,D1 blurred to match band; sharp end is TOOL
wide,24.30,2916,4e,dof_sigma_D3_pctH,0.10360435203269677,%H,x0.02-0.30:y0.50-0.60,aba25781e62700cce31a490a6872ab00b57083459a0cceaaa1e48fd2b80cc844,
wide,24.30,2916,4f,grain_sigma_R,0.35906427696745685,levels,x0.02-0.50:y0.02-0.42,aba25781e62700cce31a490a6872ab00b57083459a0cceaaa1e48fd2b80cc844,TOOL (ESRGAN/RIFE); native 4K
wide,24.30,2916,4f,grain_sigma_G,0.32075078809110436,levels,x0.02-0.50:y0.02-0.42,aba25781e62700cce31a490a6872ab00b57083459a0cceaaa1e48fd2b80cc844,TOOL (ESRGAN/RIFE); native 4K
wide,24.30,2916,4f,grain_sigma_B,0.4018535242612669,levels,x0.02-0.50:y0.02-0.42,aba25781e62700cce31a490a6872ab00b57083459a0cceaaa1e48fd2b80cc844,TOOL (ESRGAN/RIFE); native 4K
wide,24.30,2916,4f,grain_acf_halfmax_x,2,px,x0.02-0.50:y0.02-0.42,aba25781e62700cce31a490a6872ab00b57083459a0cceaaa1e48fd2b80cc844,
wide,24.30,2916,4f,grain_acf_zerocross_x,-1,px,x0.02-0.50:y0.02-0.42,aba25781e62700cce31a490a6872ab00b57083459a0cceaaa1e48fd2b80cc844,
wide,24.30,2916,4f,grain_acf_halfmax_y,1,px,x0.02-0.50:y0.02-0.42,aba25781e62700cce31a490a6872ab00b57083459a0cceaaa1e48fd2b80cc844,
wide,24.30,2916,4f,grain_acf_zerocross_y,3,px,x0.02-0.50:y0.02-0.42,aba25781e62700cce31a490a6872ab00b57083459a0cceaaa1e48fd2b80cc844,
wide,24.30,2916,4g,palette_turf_median_hex,#242E16,hex,x0.58-0.96:y0.28-0.90,aba25781e62700cce31a490a6872ab00b57083459a0cceaaa1e48fd2b80cc844,island-local split; +-2 %H boundary
wide,24.30,2916,4g,palette_turf_meanS,0.4970472007212309,S,x0.58-0.96:y0.28-0.90,aba25781e62700cce31a490a6872ab00b57083459a0cceaaa1e48fd2b80cc844,
wide,24.30,2916,4g,palette_turf_meanV,50.96077458298308,levels,x0.58-0.96:y0.28-0.90,aba25781e62700cce31a490a6872ab00b57083459a0cceaaa1e48fd2b80cc844,
wide,24.30,2916,4g,palette_turf_share,0.13158196336808886,fraction,x0.58-0.96:y0.28-0.90,aba25781e62700cce31a490a6872ab00b57083459a0cceaaa1e48fd2b80cc844,
wide,24.30,2916,4g,palette_turf_k1_hex,#141D0F,hex,x0.58-0.96:y0.28-0.90,aba25781e62700cce31a490a6872ab00b57083459a0cceaaa1e48fd2b80cc844,k-means k=3 seed 0; informational
wide,24.30,2916,4g,palette_turf_k1_share,0.5087960946757548,fraction,x0.58-0.96:y0.28-0.90,aba25781e62700cce31a490a6872ab00b57083459a0cceaaa1e48fd2b80cc844,
wide,24.30,2916,4g,palette_turf_k2_hex,#374020,hex,x0.58-0.96:y0.28-0.90,aba25781e62700cce31a490a6872ab00b57083459a0cceaaa1e48fd2b80cc844,k-means k=3 seed 0; informational
wide,24.30,2916,4g,palette_turf_k2_share,0.38749404984960045,fraction,x0.58-0.96:y0.28-0.90,aba25781e62700cce31a490a6872ab00b57083459a0cceaaa1e48fd2b80cc844,
wide,24.30,2916,4g,palette_turf_k3_hex,#616C48,hex,x0.58-0.96:y0.28-0.90,aba25781e62700cce31a490a6872ab00b57083459a0cceaaa1e48fd2b80cc844,k-means k=3 seed 0; informational
wide,24.30,2916,4g,palette_turf_k3_share,0.10370985547464476,fraction,x0.58-0.96:y0.28-0.90,aba25781e62700cce31a490a6872ab00b57083459a0cceaaa1e48fd2b80cc844,
wide,24.30,2916,4g,palette_moss_median_hex,#404816,hex,x0.58-0.96:y0.28-0.90,aba25781e62700cce31a490a6872ab00b57083459a0cceaaa1e48fd2b80cc844,island-local split; +-2 %H boundary
wide,24.30,2916,4g,palette_moss_meanS,0.6648902504324166,S,x0.58-0.96:y0.28-0.90,aba25781e62700cce31a490a6872ab00b57083459a0cceaaa1e48fd2b80cc844,
wide,24.30,2916,4g,palette_moss_meanV,73.24164203679652,levels,x0.58-0.96:y0.28-0.90,aba25781e62700cce31a490a6872ab00b57083459a0cceaaa1e48fd2b80cc844,
wide,24.30,2916,4g,palette_moss_share,0.1303079489967803,fraction,x0.58-0.96:y0.28-0.90,aba25781e62700cce31a490a6872ab00b57083459a0cceaaa1e48fd2b80cc844,
wide,24.30,2916,4g,palette_moss_k1_hex,#4D551B,hex,x0.58-0.96:y0.28-0.90,aba25781e62700cce31a490a6872ab00b57083459a0cceaaa1e48fd2b80cc844,k-means k=3 seed 0; informational
wide,24.30,2916,4g,palette_moss_k1_share,0.4405661631605322,fraction,x0.58-0.96:y0.28-0.90,aba25781e62700cce31a490a6872ab00b57083459a0cceaaa1e48fd2b80cc844,
wide,24.30,2916,4g,palette_moss_k2_hex,#242B0C,hex,x0.58-0.96:y0.28-0.90,aba25781e62700cce31a490a6872ab00b57083459a0cceaaa1e48fd2b80cc844,k-means k=3 seed 0; informational
wide,24.30,2916,4g,palette_moss_k2_share,0.41683967232898006,fraction,x0.58-0.96:y0.28-0.90,aba25781e62700cce31a490a6872ab00b57083459a0cceaaa1e48fd2b80cc844,
wide,24.30,2916,4g,palette_moss_k3_hex,#737B48,hex,x0.58-0.96:y0.28-0.90,aba25781e62700cce31a490a6872ab00b57083459a0cceaaa1e48fd2b80cc844,k-means k=3 seed 0; informational
wide,24.30,2916,4g,palette_moss_k3_share,0.14259416451048773,fraction,x0.58-0.96:y0.28-0.90,aba25781e62700cce31a490a6872ab00b57083459a0cceaaa1e48fd2b80cc844,
wide,24.30,2916,4g,palette_soil_median_hex,#27292B,hex,x0.58-0.96:y0.28-0.90,aba25781e62700cce31a490a6872ab00b57083459a0cceaaa1e48fd2b80cc844,island-local split; +-2 %H boundary
wide,24.30,2916,4g,palette_soil_meanS,0.32356368629241133,S,x0.58-0.96:y0.28-0.90,aba25781e62700cce31a490a6872ab00b57083459a0cceaaa1e48fd2b80cc844,
wide,24.30,2916,4g,palette_soil_meanV,59.22980841401375,levels,x0.58-0.96:y0.28-0.90,aba25781e62700cce31a490a6872ab00b57083459a0cceaaa1e48fd2b80cc844,
wide,24.30,2916,4g,palette_soil_share,0.3515506727222329,fraction,x0.58-0.96:y0.28-0.90,aba25781e62700cce31a490a6872ab00b57083459a0cceaaa1e48fd2b80cc844,
wide,24.30,2916,4g,palette_soil_k1_hex,#1F2120,hex,x0.58-0.96:y0.28-0.90,aba25781e62700cce31a490a6872ab00b57083459a0cceaaa1e48fd2b80cc844,k-means k=3 seed 0; informational
wide,24.30,2916,4g,palette_soil_k1_share,0.6370935336886557,fraction,x0.58-0.96:y0.28-0.90,aba25781e62700cce31a490a6872ab00b57083459a0cceaaa1e48fd2b80cc844,
wide,24.30,2916,4g,palette_soil_k2_hex,#474743,hex,x0.58-0.96:y0.28-0.90,aba25781e62700cce31a490a6872ab00b57083459a0cceaaa1e48fd2b80cc844,k-means k=3 seed 0; informational
wide,24.30,2916,4g,palette_soil_k2_share,0.28631377038491573,fraction,x0.58-0.96:y0.28-0.90,aba25781e62700cce31a490a6872ab00b57083459a0cceaaa1e48fd2b80cc844,
wide,24.30,2916,4g,palette_soil_k3_hex,#878C90,hex,x0.58-0.96:y0.28-0.90,aba25781e62700cce31a490a6872ab00b57083459a0cceaaa1e48fd2b80cc844,k-means k=3 seed 0; informational
wide,24.30,2916,4g,palette_soil_k3_share,0.07659269592642856,fraction,x0.58-0.96:y0.28-0.90,aba25781e62700cce31a490a6872ab00b57083459a0cceaaa1e48fd2b80cc844,
wide,24.30,2916,4g,palette_pebble_median_hex,#2D2D0E,hex,x0.58-0.96:y0.28-0.90,aba25781e62700cce31a490a6872ab00b57083459a0cceaaa1e48fd2b80cc844,island-local split; +-2 %H boundary
wide,24.30,2916,4g,palette_pebble_meanS,0.6377084234196719,S,x0.58-0.96:y0.28-0.90,aba25781e62700cce31a490a6872ab00b57083459a0cceaaa1e48fd2b80cc844,
wide,24.30,2916,4g,palette_pebble_meanV,55.02535350463737,levels,x0.58-0.96:y0.28-0.90,aba25781e62700cce31a490a6872ab00b57083459a0cceaaa1e48fd2b80cc844,
wide,24.30,2916,4g,palette_pebble_share,0.03505938292927355,fraction,x0.58-0.96:y0.28-0.90,aba25781e62700cce31a490a6872ab00b57083459a0cceaaa1e48fd2b80cc844,
wide,24.30,2916,4g,palette_pebble_k1_hex,#1B1B09,hex,x0.58-0.96:y0.28-0.90,aba25781e62700cce31a490a6872ab00b57083459a0cceaaa1e48fd2b80cc844,k-means k=3 seed 0; informational
wide,24.30,2916,4g,palette_pebble_k1_share,0.5093507678272768,fraction,x0.58-0.96:y0.28-0.90,aba25781e62700cce31a490a6872ab00b57083459a0cceaaa1e48fd2b80cc844,
wide,24.30,2916,4g,palette_pebble_k2_hex,#424219,hex,x0.58-0.96:y0.28-0.90,aba25781e62700cce31a490a6872ab00b57083459a0cceaaa1e48fd2b80cc844,k-means k=3 seed 0; informational
wide,24.30,2916,4g,palette_pebble_k2_share,0.34791698342709443,fraction,x0.58-0.96:y0.28-0.90,aba25781e62700cce31a490a6872ab00b57083459a0cceaaa1e48fd2b80cc844,
wide,24.30,2916,4g,palette_pebble_k3_hex,#75773D,hex,x0.58-0.96:y0.28-0.90,aba25781e62700cce31a490a6872ab00b57083459a0cceaaa1e48fd2b80cc844,k-means k=3 seed 0; informational
wide,24.30,2916,4g,palette_pebble_k3_share,0.1427322487456287,fraction,x0.58-0.96:y0.28-0.90,aba25781e62700cce31a490a6872ab00b57083459a0cceaaa1e48fd2b80cc844,
wide,24.30,2916,4g,palette_basalt_median_hex,#0B0D0F,hex,x0.58-0.96:y0.28-0.90,aba25781e62700cce31a490a6872ab00b57083459a0cceaaa1e48fd2b80cc844,island-local split; +-2 %H boundary
wide,24.30,2916,4g,palette_basalt_meanS,0.5154765448367981,S,x0.58-0.96:y0.28-0.90,aba25781e62700cce31a490a6872ab00b57083459a0cceaaa1e48fd2b80cc844,
wide,24.30,2916,4g,palette_basalt_meanV,17.835064310954063,levels,x0.58-0.96:y0.28-0.90,aba25781e62700cce31a490a6872ab00b57083459a0cceaaa1e48fd2b80cc844,
wide,24.30,2916,4g,palette_basalt_share,0.23571264845732318,fraction,x0.58-0.96:y0.28-0.90,aba25781e62700cce31a490a6872ab00b57083459a0cceaaa1e48fd2b80cc844,
wide,24.30,2916,4g,palette_basalt_k1_hex,#0D1018,hex,x0.58-0.96:y0.28-0.90,aba25781e62700cce31a490a6872ab00b57083459a0cceaaa1e48fd2b80cc844,k-means k=3 seed 0; informational
wide,24.30,2916,4g,palette_basalt_k1_share,0.4142530035335689,fraction,x0.58-0.96:y0.28-0.90,aba25781e62700cce31a490a6872ab00b57083459a0cceaaa1e48fd2b80cc844,
wide,24.30,2916,4g,palette_basalt_k2_hex,#06070A,hex,x0.58-0.96:y0.28-0.90,aba25781e62700cce31a490a6872ab00b57083459a0cceaaa1e48fd2b80cc844,k-means k=3 seed 0; informational
wide,24.30,2916,4g,palette_basalt_k2_share,0.37227985865724383,fraction,x0.58-0.96:y0.28-0.90,aba25781e62700cce31a490a6872ab00b57083459a0cceaaa1e48fd2b80cc844,
wide,24.30,2916,4g,palette_basalt_k3_hex,#111008,hex,x0.58-0.96:y0.28-0.90,aba25781e62700cce31a490a6872ab00b57083459a0cceaaa1e48fd2b80cc844,k-means k=3 seed 0; informational
wide,24.30,2916,4g,palette_basalt_k3_share,0.21346713780918727,fraction,x0.58-0.96:y0.28-0.90,aba25781e62700cce31a490a6872ab00b57083459a0cceaaa1e48fd2b80cc844,
wide,24.30,2916,4g,palette_turf_vs_517046_deltaE,29.081942331168687,dE76,x0.58-0.96:y0.28-0.90,aba25781e62700cce31a490a6872ab00b57083459a0cceaaa1e48fd2b80cc844,"informational: #517046 is a reference-reel value, not a hero target"
wide,24.30,2916,4g,palette_basalt_vs_474B59_deltaE,29.543419720593565,dE76,x0.58-0.96:y0.28-0.90,aba25781e62700cce31a490a6872ab00b57083459a0cceaaa1e48fd2b80cc844,"informational: #474B59 is a reference-reel value, not a hero target"
wide,24.30,2916,4h,conifer_dark_area_pct,13.58800315706393,%,x0.62-0.95:y0.28-0.50,aba25781e62700cce31a490a6872ab00b57083459a0cceaaa1e48fd2b80cc844,
wide,24.30,2916,4h,conifer_edge_density,0.17583350641797865,fraction,x0.62-0.95:y0.28-0.50,aba25781e62700cce31a490a6872ab00b57083459a0cceaaa1e48fd2b80cc844,Sobel mag > 12 levels
wide,28.35,3402,4a,sky_hex_anchor_0.02,#2D3E4E,hex,x0.02-0.30:y0.02-0.58,aba25781e62700cce31a490a6872ab00b57083459a0cceaaa1e48fd2b80cc844,
wide,28.35,3402,4a,sky_anchor_0.02_best_token,sky_top,token,x0.02-0.30:y0.02-0.58,aba25781e62700cce31a490a6872ab00b57083459a0cceaaa1e48fd2b80cc844,
wide,28.35,3402,4a,sky_anchor_0.02_deltaE_min,19.414702204849107,dE76,x0.02-0.30:y0.02-0.58,aba25781e62700cce31a490a6872ab00b57083459a0cceaaa1e48fd2b80cc844,nearest of the four settled sky/haze tokens
wide,28.35,3402,4a,sky_hex_anchor_0.10,#4F6C87,hex,x0.02-0.30:y0.02-0.58,aba25781e62700cce31a490a6872ab00b57083459a0cceaaa1e48fd2b80cc844,
wide,28.35,3402,4a,sky_anchor_0.10_best_token,sky_top,token,x0.02-0.30:y0.02-0.58,aba25781e62700cce31a490a6872ab00b57083459a0cceaaa1e48fd2b80cc844,
wide,28.35,3402,4a,sky_anchor_0.10_deltaE_min,4.435371066081194,dE76,x0.02-0.30:y0.02-0.58,aba25781e62700cce31a490a6872ab00b57083459a0cceaaa1e48fd2b80cc844,nearest of the four settled sky/haze tokens
wide,28.35,3402,4a,sky_hex_anchor_0.25,#66829B,hex,x0.02-0.30:y0.02-0.58,aba25781e62700cce31a490a6872ab00b57083459a0cceaaa1e48fd2b80cc844,
wide,28.35,3402,4a,sky_anchor_0.25_best_token,sky_mid,token,x0.02-0.30:y0.02-0.58,aba25781e62700cce31a490a6872ab00b57083459a0cceaaa1e48fd2b80cc844,
wide,28.35,3402,4a,sky_anchor_0.25_deltaE_min,9.420412109614379,dE76,x0.02-0.30:y0.02-0.58,aba25781e62700cce31a490a6872ab00b57083459a0cceaaa1e48fd2b80cc844,nearest of the four settled sky/haze tokens
wide,28.35,3402,4a,sky_hex_anchor_0.40,#899FB5,hex,x0.02-0.30:y0.02-0.58,aba25781e62700cce31a490a6872ab00b57083459a0cceaaa1e48fd2b80cc844,
wide,28.35,3402,4a,sky_anchor_0.40_best_token,sky_mid,token,x0.02-0.30:y0.02-0.58,aba25781e62700cce31a490a6872ab00b57083459a0cceaaa1e48fd2b80cc844,
wide,28.35,3402,4a,sky_anchor_0.40_deltaE_min,3.7097144313308448,dE76,x0.02-0.30:y0.02-0.58,aba25781e62700cce31a490a6872ab00b57083459a0cceaaa1e48fd2b80cc844,nearest of the four settled sky/haze tokens
wide,28.35,3402,4a,sky_hex_anchor_0.55,#B8C3D1,hex,x0.02-0.30:y0.02-0.58,aba25781e62700cce31a490a6872ab00b57083459a0cceaaa1e48fd2b80cc844,
wide,28.35,3402,4a,sky_anchor_0.55_best_token,sky_low,token,x0.02-0.30:y0.02-0.58,aba25781e62700cce31a490a6872ab00b57083459a0cceaaa1e48fd2b80cc844,
wide,28.35,3402,4a,sky_anchor_0.55_deltaE_min,3.923971071818564,dE76,x0.02-0.30:y0.02-0.58,aba25781e62700cce31a490a6872ab00b57083459a0cceaaa1e48fd2b80cc844,nearest of the four settled sky/haze tokens
wide,28.35,3402,4a,sky_hex_anchor_0.68,#757A80,hex,x0.02-0.30:y0.02-0.58,aba25781e62700cce31a490a6872ab00b57083459a0cceaaa1e48fd2b80cc844,
wide,28.35,3402,4a,sky_anchor_0.68_best_token,haze,token,x0.02-0.30:y0.02-0.58,aba25781e62700cce31a490a6872ab00b57083459a0cceaaa1e48fd2b80cc844,
wide,28.35,3402,4a,sky_anchor_0.68_deltaE_min,7.291452640876434,dE76,x0.02-0.30:y0.02-0.58,aba25781e62700cce31a490a6872ab00b57083459a0cceaaa1e48fd2b80cc844,nearest of the four settled sky/haze tokens
wide,28.35,3402,4a,sky_hex_top,#4C6883,hex,x0.02-0.30:y0.02-0.58,aba25781e62700cce31a490a6872ab00b57083459a0cceaaa1e48fd2b80cc844,
wide,28.35,3402,4a,sky_deltaE_top_vs_sky_top,4.734333165228017,dE76,x0.02-0.30:y0.02-0.58,aba25781e62700cce31a490a6872ab00b57083459a0cceaaa1e48fd2b80cc844,
wide,28.35,3402,4a,sky_deltaE_top_vs_sky_mid,19.55353998552074,dE76,x0.02-0.30:y0.02-0.58,aba25781e62700cce31a490a6872ab00b57083459a0cceaaa1e48fd2b80cc844,
wide,28.35,3402,4a,sky_deltaE_top_vs_sky_low,33.34318157773774,dE76,x0.02-0.30:y0.02-0.58,aba25781e62700cce31a490a6872ab00b57083459a0cceaaa1e48fd2b80cc844,
wide,28.35,3402,4a,sky_deltaE_top_vs_haze,18.58823824825528,dE76,x0.02-0.30:y0.02-0.58,aba25781e62700cce31a490a6872ab00b57083459a0cceaaa1e48fd2b80cc844,
wide,28.35,3402,4a,sky_hex_mid,#7E96AC,hex,x0.02-0.30:y0.02-0.58,aba25781e62700cce31a490a6872ab00b57083459a0cceaaa1e48fd2b80cc844,
wide,28.35,3402,4a,sky_deltaE_mid_vs_sky_top,17.39272997448766,dE76,x0.02-0.30:y0.02-0.58,aba25781e62700cce31a490a6872ab00b57083459a0cceaaa1e48fd2b80cc844,
wide,28.35,3402,4a,sky_deltaE_mid_vs_sky_mid,2.446298669572091,dE76,x0.02-0.30:y0.02-0.58,aba25781e62700cce31a490a6872ab00b57083459a0cceaaa1e48fd2b80cc844,
wide,28.35,3402,4a,sky_deltaE_mid_vs_sky_low,14.988514279312021,dE76,x0.02-0.30:y0.02-0.58,aba25781e62700cce31a490a6872ab00b57083459a0cceaaa1e48fd2b80cc844,
wide,28.35,3402,4a,sky_deltaE_mid_vs_haze,9.51698621209896,dE76,x0.02-0.30:y0.02-0.58,aba25781e62700cce31a490a6872ab00b57083459a0cceaaa1e48fd2b80cc844,
wide,28.35,3402,4a,sky_hex_horizon,#757A80,hex,x0.02-0.30:y0.02-0.58,aba25781e62700cce31a490a6872ab00b57083459a0cceaaa1e48fd2b80cc844,
wide,28.35,3402,4a,sky_deltaE_horizon_vs_sky_top,14.774868051551842,dE76,x0.02-0.30:y0.02-0.58,aba25781e62700cce31a490a6872ab00b57083459a0cceaaa1e48fd2b80cc844,
wide,28.35,3402,4a,sky_deltaE_horizon_vs_sky_mid,15.086366453191241,dE76,x0.02-0.30:y0.02-0.58,aba25781e62700cce31a490a6872ab00b57083459a0cceaaa1e48fd2b80cc844,
wide,28.35,3402,4a,sky_deltaE_horizon_vs_sky_low,24.65019233651572,dE76,x0.02-0.30:y0.02-0.58,aba25781e62700cce31a490a6872ab00b57083459a0cceaaa1e48fd2b80cc844,
wide,28.35,3402,4a,sky_deltaE_horizon_vs_haze,7.291452640876434,dE76,x0.02-0.30:y0.02-0.58,aba25781e62700cce31a490a6872ab00b57083459a0cceaaa1e48fd2b80cc844,
wide,28.35,3402,4a,haze_hex,#B7C3D0,hex,x0.02-0.30:y0.50-0.60,aba25781e62700cce31a490a6872ab00b57083459a0cceaaa1e48fd2b80cc844,
wide,28.35,3402,4a,haze_deltaE_vs_haze_token,21.946204356978335,dE76,x0.02-0.30:y0.50-0.60,aba25781e62700cce31a490a6872ab00b57083459a0cceaaa1e48fd2b80cc844,
wide,28.35,3402,4a,sky_slope_R,2.1160181510318306,levels/%H,x0.02-0.30:y0.02-0.58,aba25781e62700cce31a490a6872ab00b57083459a0cceaaa1e48fd2b80cc844,
wide,28.35,3402,4a,sky_r2_R,0.9645822302837531,1,x0.02-0.30:y0.02-0.58,aba25781e62700cce31a490a6872ab00b57083459a0cceaaa1e48fd2b80cc844,
wide,28.35,3402,4a,sky_slope_G,1.8061216792012944,levels/%H,x0.02-0.30:y0.02-0.58,aba25781e62700cce31a490a6872ab00b57083459a0cceaaa1e48fd2b80cc844,
wide,28.35,3402,4a,sky_r2_G,0.9730762271977311,1,x0.02-0.30:y0.02-0.58,aba25781e62700cce31a490a6872ab00b57083459a0cceaaa1e48fd2b80cc844,
wide,28.35,3402,4a,sky_slope_B,1.542323992618942,levels/%H,x0.02-0.30:y0.02-0.58,aba25781e62700cce31a490a6872ab00b57083459a0cceaaa1e48fd2b80cc844,
wide,28.35,3402,4a,sky_r2_B,0.9761509154635405,1,x0.02-0.30:y0.02-0.58,aba25781e62700cce31a490a6872ab00b57083459a0cceaaa1e48fd2b80cc844,
wide,28.35,3402,4b,contrast_rms_D1,13.344155521384382,levels,x0.70-0.95:y0.35-0.75,aba25781e62700cce31a490a6872ab00b57083459a0cceaaa1e48fd2b80cc844,
wide,28.35,3402,4b,sat_S_D1,0.3927458558340267,S,x0.70-0.95:y0.35-0.75,aba25781e62700cce31a490a6872ab00b57083459a0cceaaa1e48fd2b80cc844,
wide,28.35,3402,4b,value_V_D1,101.19752965856482,levels,x0.70-0.95:y0.35-0.75,aba25781e62700cce31a490a6872ab00b57083459a0cceaaa1e48fd2b80cc844,
wide,28.35,3402,4b,contrast_rms_D2,1.4801086991702737,levels,x0.02-0.40:y0.45-0.70,aba25781e62700cce31a490a6872ab00b57083459a0cceaaa1e48fd2b80cc844,
wide,28.35,3402,4b,sat_S_D2,0.147568742037449,S,x0.02-0.40:y0.45-0.70,aba25781e62700cce31a490a6872ab00b57083459a0cceaaa1e48fd2b80cc844,
wide,28.35,3402,4b,value_V_D2,202.40857131977762,levels,x0.02-0.40:y0.45-0.70,aba25781e62700cce31a490a6872ab00b57083459a0cceaaa1e48fd2b80cc844,
wide,28.35,3402,4b,contrast_rms_D3,0.5553584633317751,levels,x0.02-0.30:y0.50-0.60,aba25781e62700cce31a490a6872ab00b57083459a0cceaaa1e48fd2b80cc844,
wide,28.35,3402,4b,sat_S_D3,0.12291463622773843,S,x0.02-0.30:y0.50-0.60,aba25781e62700cce31a490a6872ab00b57083459a0cceaaa1e48fd2b80cc844,
wide,28.35,3402,4b,value_V_D3,207.8244918173988,levels,x0.02-0.30:y0.50-0.60,aba25781e62700cce31a490a6872ab00b57083459a0cceaaa1e48fd2b80cc844,
wide,28.35,3402,4b,falloff_rms_D2_D1,0.1109181241779113,ratio,x0.02-0.40:y0.45-0.70,aba25781e62700cce31a490a6872ab00b57083459a0cceaaa1e48fd2b80cc844,
wide,28.35,3402,4b,falloff_rms_D3_D1,0.041618104828124766,ratio,x0.02-0.30:y0.50-0.60,aba25781e62700cce31a490a6872ab00b57083459a0cceaaa1e48fd2b80cc844,
wide,28.35,3402,4b,falloff_sat_D2_D1,0.3757359621887675,ratio,x0.02-0.40:y0.45-0.70,aba25781e62700cce31a490a6872ab00b57083459a0cceaaa1e48fd2b80cc844,
wide,28.35,3402,4b,falloff_sat_D3_D1,0.31296227420839245,ratio,x0.02-0.30:y0.50-0.60,aba25781e62700cce31a490a6872ab00b57083459a0cceaaa1e48fd2b80cc844,
wide,28.35,3402,4c,bloom_peak_L,204.11179999999996,levels,x0.55-0.80:y0.20-0.45,aba25781e62700cce31a490a6872ab00b57083459a0cceaaa1e48fd2b80cc844,
wide,28.35,3402,4c,bloom_bg_L,122.49919999999999,levels,x0.55-0.80:y0.20-0.45,aba25781e62700cce31a490a6872ab00b57083459a0cceaaa1e48fd2b80cc844,
wide,28.35,3402,4c,bloom_peak_bg_ratio,1.6662296570100048,ratio,x0.55-0.80:y0.20-0.45,aba25781e62700cce31a490a6872ab00b57083459a0cceaaa1e48fd2b80cc844,
wide,28.35,3402,4c,bloom_r50_px,0.4957911152102984,px,x0.55-0.80:y0.20-0.45,aba25781e62700cce31a490a6872ab00b57083459a0cceaaa1e48fd2b80cc844,"edge-limited: peak sits on the island silhouette, not sky; TOOL (ESRGAN/HEVC) — not a resolvable sky-side halo"
wide,28.35,3402,4c,bloom_r50_pctH,0.02295329237084715,%H,x0.55-0.80:y0.20-0.45,aba25781e62700cce31a490a6872ab00b57083459a0cceaaa1e48fd2b80cc844,
wide,28.35,3402,4c,bloom_falloff_10_90_px,0.7947529822317744,px,x0.55-0.80:y0.20-0.45,aba25781e62700cce31a490a6872ab00b57083459a0cceaaa1e48fd2b80cc844,
wide,28.35,3402,4d,shadow_p0_1,0.8504,levels,x0.58-0.96:y0.55-0.90,aba25781e62700cce31a490a6872ab00b57083459a0cceaaa1e48fd2b80cc844,
wide,28.35,3402,4d,shadow_p1,2.2808,levels,x0.58-0.96:y0.55-0.90,aba25781e62700cce31a490a6872ab00b57083459a0cceaaa1e48fd2b80cc844,black floor = p1; HEVC crush is the limit
wide,28.35,3402,4d,shadow_p5,6.925940000000005,levels,x0.58-0.96:y0.55-0.90,aba25781e62700cce31a490a6872ab00b57083459a0cceaaa1e48fd2b80cc844,
wide,28.35,3402,4d,shadow_p50,129.4894,levels,x0.58-0.96:y0.55-0.90,aba25781e62700cce31a490a6872ab00b57083459a0cceaaa1e48fd2b80cc844,
wide,28.35,3402,4d,shadow_min,0,levels,x0.58-0.96:y0.55-0.90,aba25781e62700cce31a490a6872ab00b57083459a0cceaaa1e48fd2b80cc844,
wide,28.35,3402,4d,shadow_floor_lifted,0,bool,x0.58-0.96:y0.55-0.90,aba25781e62700cce31a490a6872ab00b57083459a0cceaaa1e48fd2b80cc844,"1 = p1 >= 8 levels, i.e. clearly above the codec floor"
wide,28.35,3402,4e,dof_lapvar_D1,347.789070455594,levels2,x0.70-0.95:y0.35-0.75,aba25781e62700cce31a490a6872ab00b57083459a0cceaaa1e48fd2b80cc844,
wide,28.35,3402,4e,dof_lapvar_D2,3.417322203385206,levels2,x0.02-0.40:y0.45-0.70,aba25781e62700cce31a490a6872ab00b57083459a0cceaaa1e48fd2b80cc844,
wide,28.35,3402,4e,dof_lapvar_D3,0.9961194336696554,levels2,x0.02-0.30:y0.50-0.60,aba25781e62700cce31a490a6872ab00b57083459a0cceaaa1e48fd2b80cc844,
wide,28.35,3402,4e,dof_ratio_D1_D2,101.77239655981911,ratio,x0.02-0.40:y0.45-0.70,aba25781e62700cce31a490a6872ab00b57083459a0cceaaa1e48fd2b80cc844,
wide,28.35,3402,4e,dof_sigma_D2_px,2.04681396484375,px,x0.02-0.40:y0.45-0.70,aba25781e62700cce31a490a6872ab00b57083459a0cceaaa1e48fd2b80cc844,D1 blurred to match band; sharp end is TOOL
wide,28.35,3402,4e,dof_sigma_D2_pctH,0.09475990577980324,%H,x0.02-0.40:y0.45-0.70,aba25781e62700cce31a490a6872ab00b57083459a0cceaaa1e48fd2b80cc844,
wide,28.35,3402,4e,dof_sigma_D3_px,2.97027587890625,px,x0.02-0.30:y0.50-0.60,aba25781e62700cce31a490a6872ab00b57083459a0cceaaa1e48fd2b80cc844,D1 blurred to match band; sharp end is TOOL
wide,28.35,3402,4e,dof_sigma_D3_pctH,0.13751277217158564,%H,x0.02-0.30:y0.50-0.60,aba25781e62700cce31a490a6872ab00b57083459a0cceaaa1e48fd2b80cc844,
wide,28.35,3402,4f,grain_sigma_R,0.3618085460967552,levels,x0.02-0.50:y0.02-0.42,aba25781e62700cce31a490a6872ab00b57083459a0cceaaa1e48fd2b80cc844,TOOL (ESRGAN/RIFE); native 4K
wide,28.35,3402,4f,grain_sigma_G,0.3187432910755884,levels,x0.02-0.50:y0.02-0.42,aba25781e62700cce31a490a6872ab00b57083459a0cceaaa1e48fd2b80cc844,TOOL (ESRGAN/RIFE); native 4K
wide,28.35,3402,4f,grain_sigma_B,0.3677235709559622,levels,x0.02-0.50:y0.02-0.42,aba25781e62700cce31a490a6872ab00b57083459a0cceaaa1e48fd2b80cc844,TOOL (ESRGAN/RIFE); native 4K
wide,28.35,3402,4f,grain_acf_halfmax_x,2,px,x0.02-0.50:y0.02-0.42,aba25781e62700cce31a490a6872ab00b57083459a0cceaaa1e48fd2b80cc844,
wide,28.35,3402,4f,grain_acf_zerocross_x,-1,px,x0.02-0.50:y0.02-0.42,aba25781e62700cce31a490a6872ab00b57083459a0cceaaa1e48fd2b80cc844,
wide,28.35,3402,4f,grain_acf_halfmax_y,1,px,x0.02-0.50:y0.02-0.42,aba25781e62700cce31a490a6872ab00b57083459a0cceaaa1e48fd2b80cc844,
wide,28.35,3402,4f,grain_acf_zerocross_y,3,px,x0.02-0.50:y0.02-0.42,aba25781e62700cce31a490a6872ab00b57083459a0cceaaa1e48fd2b80cc844,
wide,28.35,3402,4g,palette_turf_median_hex,#1C270F,hex,x0.58-0.96:y0.28-0.90,aba25781e62700cce31a490a6872ab00b57083459a0cceaaa1e48fd2b80cc844,island-local split; +-2 %H boundary
wide,28.35,3402,4g,palette_turf_meanS,0.6052890590460475,S,x0.58-0.96:y0.28-0.90,aba25781e62700cce31a490a6872ab00b57083459a0cceaaa1e48fd2b80cc844,
wide,28.35,3402,4g,palette_turf_meanV,44.83036364605354,levels,x0.58-0.96:y0.28-0.90,aba25781e62700cce31a490a6872ab00b57083459a0cceaaa1e48fd2b80cc844,
wide,28.35,3402,4g,palette_turf_share,0.1414332519271163,fraction,x0.58-0.96:y0.28-0.90,aba25781e62700cce31a490a6872ab00b57083459a0cceaaa1e48fd2b80cc844,
wide,28.35,3402,4g,palette_turf_k1_hex,#0F1909,hex,x0.58-0.96:y0.28-0.90,aba25781e62700cce31a490a6872ab00b57083459a0cceaaa1e48fd2b80cc844,k-means k=3 seed 0; informational
wide,28.35,3402,4g,palette_turf_k1_share,0.5313371586932192,fraction,x0.58-0.96:y0.28-0.90,aba25781e62700cce31a490a6872ab00b57083459a0cceaaa1e48fd2b80cc844,
wide,28.35,3402,4g,palette_turf_k2_hex,#303A1A,hex,x0.58-0.96:y0.28-0.90,aba25781e62700cce31a490a6872ab00b57083459a0cceaaa1e48fd2b80cc844,k-means k=3 seed 0; informational
wide,28.35,3402,4g,palette_turf_k2_share,0.37405624344921923,fraction,x0.58-0.96:y0.28-0.90,aba25781e62700cce31a490a6872ab00b57083459a0cceaaa1e48fd2b80cc844,
wide,28.35,3402,4g,palette_turf_k3_hex,#5C6845,hex,x0.58-0.96:y0.28-0.90,aba25781e62700cce31a490a6872ab00b57083459a0cceaaa1e48fd2b80cc844,k-means k=3 seed 0; informational
wide,28.35,3402,4g,palette_turf_k3_share,0.0946065978575616,fraction,x0.58-0.96:y0.28-0.90,aba25781e62700cce31a490a6872ab00b57083459a0cceaaa1e48fd2b80cc844,
wide,28.35,3402,4g,palette_moss_median_hex,#394313,hex,x0.58-0.96:y0.28-0.90,aba25781e62700cce31a490a6872ab00b57083459a0cceaaa1e48fd2b80cc844,island-local split; +-2 %H boundary
wide,28.35,3402,4g,palette_moss_meanS,0.6796220174769487,S,x0.58-0.96:y0.28-0.90,aba25781e62700cce31a490a6872ab00b57083459a0cceaaa1e48fd2b80cc844,
wide,28.35,3402,4g,palette_moss_meanV,68.0594351905895,levels,x0.58-0.96:y0.28-0.90,aba25781e62700cce31a490a6872ab00b57083459a0cceaaa1e48fd2b80cc844,
wide,28.35,3402,4g,palette_moss_share,0.13990437282037366,fraction,x0.58-0.96:y0.28-0.90,aba25781e62700cce31a490a6872ab00b57083459a0cceaaa1e48fd2b80cc844,
wide,28.35,3402,4g,palette_moss_k1_hex,#454E18,hex,x0.58-0.96:y0.28-0.90,aba25781e62700cce31a490a6872ab00b57083459a0cceaaa1e48fd2b80cc844,k-means k=3 seed 0; informational
wide,28.35,3402,4g,palette_moss_k1_share,0.45915682665110225,fraction,x0.58-0.96:y0.28-0.90,aba25781e62700cce31a490a6872ab00b57083459a0cceaaa1e48fd2b80cc844,
wide,28.35,3402,4g,palette_moss_k2_hex,#1F270A,hex,x0.58-0.96:y0.28-0.90,aba25781e62700cce31a490a6872ab00b57083459a0cceaaa1e48fd2b80cc844,k-means k=3 seed 0; informational
wide,28.35,3402,4g,palette_moss_k2_share,0.4011583531630225,fraction,x0.58-0.96:y0.28-0.90,aba25781e62700cce31a490a6872ab00b57083459a0cceaaa1e48fd2b80cc844,
wide,28.35,3402,4g,palette_moss_k3_hex,#70783D,hex,x0.58-0.96:y0.28-0.90,aba25781e62700cce31a490a6872ab00b57083459a0cceaaa1e48fd2b80cc844,k-means k=3 seed 0; informational
wide,28.35,3402,4g,palette_moss_k3_share,0.13968482018587527,fraction,x0.58-0.96:y0.28-0.90,aba25781e62700cce31a490a6872ab00b57083459a0cceaaa1e48fd2b80cc844,
wide,28.35,3402,4g,palette_soil_median_hex,#2A2B2D,hex,x0.58-0.96:y0.28-0.90,aba25781e62700cce31a490a6872ab00b57083459a0cceaaa1e48fd2b80cc844,island-local split; +-2 %H boundary
wide,28.35,3402,4g,palette_soil_meanS,0.2817802065053051,S,x0.58-0.96:y0.28-0.90,aba25781e62700cce31a490a6872ab00b57083459a0cceaaa1e48fd2b80cc844,
wide,28.35,3402,4g,palette_soil_meanV,63.01906029895057,levels,x0.58-0.96:y0.28-0.90,aba25781e62700cce31a490a6872ab00b57083459a0cceaaa1e48fd2b80cc844,
wide,28.35,3402,4g,palette_soil_share,0.32836479030361504,fraction,x0.58-0.96:y0.28-0.90,aba25781e62700cce31a490a6872ab00b57083459a0cceaaa1e48fd2b80cc844,
wide,28.35,3402,4g,palette_soil_k1_hex,#202122,hex,x0.58-0.96:y0.28-0.90,aba25781e62700cce31a490a6872ab00b57083459a0cceaaa1e48fd2b80cc844,k-means k=3 seed 0; informational
wide,28.35,3402,4g,palette_soil_k1_share,0.6134340292523175,fraction,x0.58-0.96:y0.28-0.90,aba25781e62700cce31a490a6872ab00b57083459a0cceaaa1e48fd2b80cc844,
wide,28.35,3402,4g,palette_soil_k2_hex,#494947,hex,x0.58-0.96:y0.28-0.90,aba25781e62700cce31a490a6872ab00b57083459a0cceaaa1e48fd2b80cc844,k-means k=3 seed 0; informational
wide,28.35,3402,4g,palette_soil_k2_share,0.2859924784127385,fraction,x0.58-0.96:y0.28-0.90,aba25781e62700cce31a490a6872ab00b57083459a0cceaaa1e48fd2b80cc844,
wide,28.35,3402,4g,palette_soil_k3_hex,#8A8F92,hex,x0.58-0.96:y0.28-0.90,aba25781e62700cce31a490a6872ab00b57083459a0cceaaa1e48fd2b80cc844,k-means k=3 seed 0; informational
wide,28.35,3402,4g,palette_soil_k3_share,0.100573492334944,fraction,x0.58-0.96:y0.28-0.90,aba25781e62700cce31a490a6872ab00b57083459a0cceaaa1e48fd2b80cc844,
wide,28.35,3402,4g,palette_pebble_median_hex,#22200D,hex,x0.58-0.96:y0.28-0.90,aba25781e62700cce31a490a6872ab00b57083459a0cceaaa1e48fd2b80cc844,island-local split; +-2 %H boundary
wide,28.35,3402,4g,palette_pebble_meanS,0.5515284581287838,S,x0.58-0.96:y0.28-0.90,aba25781e62700cce31a490a6872ab00b57083459a0cceaaa1e48fd2b80cc844,
wide,28.35,3402,4g,palette_pebble_meanV,45.988330632090765,levels,x0.58-0.96:y0.28-0.90,aba25781e62700cce31a490a6872ab00b57083459a0cceaaa1e48fd2b80cc844,
wide,28.35,3402,4g,palette_pebble_share,0.05425824866081748,fraction,x0.58-0.96:y0.28-0.90,aba25781e62700cce31a490a6872ab00b57083459a0cceaaa1e48fd2b80cc844,
wide,28.35,3402,4g,palette_pebble_k1_hex,#16150A,hex,x0.58-0.96:y0.28-0.90,aba25781e62700cce31a490a6872ab00b57083459a0cceaaa1e48fd2b80cc844,k-means k=3 seed 0; informational
wide,28.35,3402,4g,palette_pebble_k1_share,0.630446862699699,fraction,x0.58-0.96:y0.28-0.90,aba25781e62700cce31a490a6872ab00b57083459a0cceaaa1e48fd2b80cc844,
wide,28.35,3402,4g,palette_pebble_k2_hex,#4B4922,hex,x0.58-0.96:y0.28-0.90,aba25781e62700cce31a490a6872ab00b57083459a0cceaaa1e48fd2b80cc844,k-means k=3 seed 0; informational
wide,28.35,3402,4g,palette_pebble_k2_share,0.31917110442232,fraction,x0.58-0.96:y0.28-0.90,aba25781e62700cce31a490a6872ab00b57083459a0cceaaa1e48fd2b80cc844,
wide,28.35,3402,4g,palette_pebble_k3_hex,#858978,hex,x0.58-0.96:y0.28-0.90,aba25781e62700cce31a490a6872ab00b57083459a0cceaaa1e48fd2b80cc844,k-means k=3 seed 0; informational
wide,28.35,3402,4g,palette_pebble_k3_share,0.050382032877981014,fraction,x0.58-0.96:y0.28-0.90,aba25781e62700cce31a490a6872ab00b57083459a0cceaaa1e48fd2b80cc844,
wide,28.35,3402,4g,palette_basalt_median_hex,#090B0E,hex,x0.58-0.96:y0.28-0.90,aba25781e62700cce31a490a6872ab00b57083459a0cceaaa1e48fd2b80cc844,island-local split; +-2 %H boundary
wide,28.35,3402,4g,palette_basalt_meanS,0.5581751999233209,S,x0.58-0.96:y0.28-0.90,aba25781e62700cce31a490a6872ab00b57083459a0cceaaa1e48fd2b80cc844,
wide,28.35,3402,4g,palette_basalt_meanV,16.320774965464487,levels,x0.58-0.96:y0.28-0.90,aba25781e62700cce31a490a6872ab00b57083459a0cceaaa1e48fd2b80cc844,
wide,28.35,3402,4g,palette_basalt_share,0.22007567763138058,fraction,x0.58-0.96:y0.28-0.90,aba25781e62700cce31a490a6872ab00b57083459a0cceaaa1e48fd2b80cc844,
wide,28.35,3402,4g,palette_basalt_k1_hex,#050609,hex,x0.58-0.96:y0.28-0.90,aba25781e62700cce31a490a6872ab00b57083459a0cceaaa1e48fd2b80cc844,k-means k=3 seed 0; informational
wide,28.35,3402,4g,palette_basalt_k1_share,0.42390199906383075,fraction,x0.58-0.96:y0.28-0.90,aba25781e62700cce31a490a6872ab00b57083459a0cceaaa1e48fd2b80cc844,
wide,28.35,3402,4g,palette_basalt_k2_hex,#0B0F17,hex,x0.58-0.96:y0.28-0.90,aba25781e62700cce31a490a6872ab00b57083459a0cceaaa1e48fd2b80cc844,k-means k=3 seed 0; informational
wide,28.35,3402,4g,palette_basalt_k2_share,0.4006518934593737,fraction,x0.58-0.96:y0.28-0.90,aba25781e62700cce31a490a6872ab00b57083459a0cceaaa1e48fd2b80cc844,
wide,28.35,3402,4g,palette_basalt_k3_hex,#110F08,hex,x0.58-0.96:y0.28-0.90,aba25781e62700cce31a490a6872ab00b57083459a0cceaaa1e48fd2b80cc844,k-means k=3 seed 0; informational
wide,28.35,3402,4g,palette_basalt_k3_share,0.17544610747679557,fraction,x0.58-0.96:y0.28-0.90,aba25781e62700cce31a490a6872ab00b57083459a0cceaaa1e48fd2b80cc844,
wide,28.35,3402,4g,palette_turf_vs_517046_deltaE,32.03677890087419,dE76,x0.58-0.96:y0.28-0.90,aba25781e62700cce31a490a6872ab00b57083459a0cceaaa1e48fd2b80cc844,"informational: #517046 is a reference-reel value, not a hero target"
wide,28.35,3402,4g,palette_basalt_vs_474B59_deltaE,30.00579181559593,dE76,x0.58-0.96:y0.28-0.90,aba25781e62700cce31a490a6872ab00b57083459a0cceaaa1e48fd2b80cc844,"informational: #474B59 is a reference-reel value, not a hero target"
wide,28.35,3402,4h,conifer_dark_area_pct,14.259294645453412,%,x0.62-0.95:y0.28-0.50,aba25781e62700cce31a490a6872ab00b57083459a0cceaaa1e48fd2b80cc844,
wide,28.35,3402,4h,conifer_edge_density,0.19930876916047024,fraction,x0.62-0.95:y0.28-0.50,aba25781e62700cce31a490a6872ab00b57083459a0cceaaa1e48fd2b80cc844,Sobel mag > 12 levels
wide,mean,,4a,sky_anchor_0.02_deltaE_min,19.2984556196469,dE76,x0.02-0.30:y0.02-0.58,aba25781e62700cce31a490a6872ab00b57083459a0cceaaa1e48fd2b80cc844,mean of s0..s7
wide,frame_sd,,4a,sky_anchor_0.02_deltaE_min,0.1065403349068026,dE76,x0.02-0.30:y0.02-0.58,aba25781e62700cce31a490a6872ab00b57083459a0cceaaa1e48fd2b80cc844,frame_sd of s0..s7
wide,mean,,4a,sky_anchor_0.10_deltaE_min,4.493803794801915,dE76,x0.02-0.30:y0.02-0.58,aba25781e62700cce31a490a6872ab00b57083459a0cceaaa1e48fd2b80cc844,mean of s0..s7
wide,frame_sd,,4a,sky_anchor_0.10_deltaE_min,0.16910072008063579,dE76,x0.02-0.30:y0.02-0.58,aba25781e62700cce31a490a6872ab00b57083459a0cceaaa1e48fd2b80cc844,frame_sd of s0..s7
wide,mean,,4a,sky_anchor_0.25_deltaE_min,9.333774339262405,dE76,x0.02-0.30:y0.02-0.58,aba25781e62700cce31a490a6872ab00b57083459a0cceaaa1e48fd2b80cc844,mean of s0..s7
wide,frame_sd,,4a,sky_anchor_0.25_deltaE_min,0.048619527442701704,dE76,x0.02-0.30:y0.02-0.58,aba25781e62700cce31a490a6872ab00b57083459a0cceaaa1e48fd2b80cc844,frame_sd of s0..s7
wide,mean,,4a,sky_anchor_0.40_deltaE_min,3.813328497305617,dE76,x0.02-0.30:y0.02-0.58,aba25781e62700cce31a490a6872ab00b57083459a0cceaaa1e48fd2b80cc844,mean of s0..s7
wide,frame_sd,,4a,sky_anchor_0.40_deltaE_min,0.17160659278911583,dE76,x0.02-0.30:y0.02-0.58,aba25781e62700cce31a490a6872ab00b57083459a0cceaaa1e48fd2b80cc844,frame_sd of s0..s7
wide,mean,,4a,sky_anchor_0.55_deltaE_min,4.0107783931076,dE76,x0.02-0.30:y0.02-0.58,aba25781e62700cce31a490a6872ab00b57083459a0cceaaa1e48fd2b80cc844,mean of s0..s7
wide,frame_sd,,4a,sky_anchor_0.55_deltaE_min,0.15379839090671402,dE76,x0.02-0.30:y0.02-0.58,aba25781e62700cce31a490a6872ab00b57083459a0cceaaa1e48fd2b80cc844,frame_sd of s0..s7
wide,mean,,4a,sky_anchor_0.68_deltaE_min,7.26960372339748,dE76,x0.02-0.30:y0.02-0.58,aba25781e62700cce31a490a6872ab00b57083459a0cceaaa1e48fd2b80cc844,mean of s0..s7
wide,frame_sd,,4a,sky_anchor_0.68_deltaE_min,0.14453113455760674,dE76,x0.02-0.30:y0.02-0.58,aba25781e62700cce31a490a6872ab00b57083459a0cceaaa1e48fd2b80cc844,frame_sd of s0..s7
wide,mean,,4a,sky_deltaE_top_vs_sky_top,4.564426827832239,dE76,x0.02-0.30:y0.02-0.58,aba25781e62700cce31a490a6872ab00b57083459a0cceaaa1e48fd2b80cc844,mean of s0..s7
wide,frame_sd,,4a,sky_deltaE_top_vs_sky_top,0.1556199313091649,dE76,x0.02-0.30:y0.02-0.58,aba25781e62700cce31a490a6872ab00b57083459a0cceaaa1e48fd2b80cc844,frame_sd of s0..s7
wide,mean,,4a,sky_deltaE_top_vs_sky_mid,19.376935349421615,dE76,x0.02-0.30:y0.02-0.58,aba25781e62700cce31a490a6872ab00b57083459a0cceaaa1e48fd2b80cc844,mean of s0..s7
wide,frame_sd,,4a,sky_deltaE_top_vs_sky_mid,0.11244076643799125,dE76,x0.02-0.30:y0.02-0.58,aba25781e62700cce31a490a6872ab00b57083459a0cceaaa1e48fd2b80cc844,frame_sd of s0..s7
wide,mean,,4a,sky_deltaE_top_vs_sky_low,33.18815710388737,dE76,x0.02-0.30:y0.02-0.58,aba25781e62700cce31a490a6872ab00b57083459a0cceaaa1e48fd2b80cc844,mean of s0..s7
wide,frame_sd,,4a,sky_deltaE_top_vs_sky_low,0.09655877741149356,dE76,x0.02-0.30:y0.02-0.58,aba25781e62700cce31a490a6872ab00b57083459a0cceaaa1e48fd2b80cc844,frame_sd of s0..s7
wide,mean,,4a,sky_deltaE_top_vs_haze,18.44095931712365,dE76,x0.02-0.30:y0.02-0.58,aba25781e62700cce31a490a6872ab00b57083459a0cceaaa1e48fd2b80cc844,mean of s0..s7
wide,frame_sd,,4a,sky_deltaE_top_vs_haze,0.12424773177984964,dE76,x0.02-0.30:y0.02-0.58,aba25781e62700cce31a490a6872ab00b57083459a0cceaaa1e48fd2b80cc844,frame_sd of s0..s7
wide,mean,,4a,sky_deltaE_mid_vs_sky_top,17.533322800481905,dE76,x0.02-0.30:y0.02-0.58,aba25781e62700cce31a490a6872ab00b57083459a0cceaaa1e48fd2b80cc844,mean of s0..s7
wide,frame_sd,,4a,sky_deltaE_mid_vs_sky_top,0.17685317673247514,dE76,x0.02-0.30:y0.02-0.58,aba25781e62700cce31a490a6872ab00b57083459a0cceaaa1e48fd2b80cc844,frame_sd of s0..s7
wide,mean,,4a,sky_deltaE_mid_vs_sky_mid,2.465988502222123,dE76,x0.02-0.30:y0.02-0.58,aba25781e62700cce31a490a6872ab00b57083459a0cceaaa1e48fd2b80cc844,mean of s0..s7
wide,frame_sd,,4a,sky_deltaE_mid_vs_sky_mid,0.030491291165060216,dE76,x0.02-0.30:y0.02-0.58,aba25781e62700cce31a490a6872ab00b57083459a0cceaaa1e48fd2b80cc844,frame_sd of s0..s7
wide,mean,,4a,sky_deltaE_mid_vs_sky_low,14.8905836616454,dE76,x0.02-0.30:y0.02-0.58,aba25781e62700cce31a490a6872ab00b57083459a0cceaaa1e48fd2b80cc844,mean of s0..s7
wide,frame_sd,,4a,sky_deltaE_mid_vs_sky_low,0.12768077190608276,dE76,x0.02-0.30:y0.02-0.58,aba25781e62700cce31a490a6872ab00b57083459a0cceaaa1e48fd2b80cc844,frame_sd of s0..s7
wide,mean,,4a,sky_deltaE_mid_vs_haze,9.69409480050771,dE76,x0.02-0.30:y0.02-0.58,aba25781e62700cce31a490a6872ab00b57083459a0cceaaa1e48fd2b80cc844,mean of s0..s7
wide,frame_sd,,4a,sky_deltaE_mid_vs_haze,0.22454010691223625,dE76,x0.02-0.30:y0.02-0.58,aba25781e62700cce31a490a6872ab00b57083459a0cceaaa1e48fd2b80cc844,frame_sd of s0..s7
wide,mean,,4a,sky_deltaE_horizon_vs_sky_top,14.761972094070149,dE76,x0.02-0.30:y0.02-0.58,aba25781e62700cce31a490a6872ab00b57083459a0cceaaa1e48fd2b80cc844,mean of s0..s7
wide,frame_sd,,4a,sky_deltaE_horizon_vs_sky_top,0.07668094092938027,dE76,x0.02-0.30:y0.02-0.58,aba25781e62700cce31a490a6872ab00b57083459a0cceaaa1e48fd2b80cc844,frame_sd of s0..s7
wide,mean,,4a,sky_deltaE_horizon_vs_sky_mid,14.996750451094968,dE76,x0.02-0.30:y0.02-0.58,aba25781e62700cce31a490a6872ab00b57083459a0cceaaa1e48fd2b80cc844,mean of s0..s7
wide,frame_sd,,4a,sky_deltaE_horizon_vs_sky_mid,0.1350839916477604,dE76,x0.02-0.30:y0.02-0.58,aba25781e62700cce31a490a6872ab00b57083459a0cceaaa1e48fd2b80cc844,frame_sd of s0..s7
wide,mean,,4a,sky_deltaE_horizon_vs_sky_low,24.566229870091334,dE76,x0.02-0.30:y0.02-0.58,aba25781e62700cce31a490a6872ab00b57083459a0cceaaa1e48fd2b80cc844,mean of s0..s7
wide,frame_sd,,4a,sky_deltaE_horizon_vs_sky_low,0.17365525050521385,dE76,x0.02-0.30:y0.02-0.58,aba25781e62700cce31a490a6872ab00b57083459a0cceaaa1e48fd2b80cc844,frame_sd of s0..s7
wide,mean,,4a,sky_deltaE_horizon_vs_haze,7.26960372339748,dE76,x0.02-0.30:y0.02-0.58,aba25781e62700cce31a490a6872ab00b57083459a0cceaaa1e48fd2b80cc844,mean of s0..s7
wide,frame_sd,,4a,sky_deltaE_horizon_vs_haze,0.14453113455760674,dE76,x0.02-0.30:y0.02-0.58,aba25781e62700cce31a490a6872ab00b57083459a0cceaaa1e48fd2b80cc844,frame_sd of s0..s7
wide,mean,,4a,haze_deltaE_vs_haze_token,22.065919008340632,dE76,x0.02-0.30:y0.50-0.60,aba25781e62700cce31a490a6872ab00b57083459a0cceaaa1e48fd2b80cc844,mean of s0..s7
wide,frame_sd,,4a,haze_deltaE_vs_haze_token,0.20779468865890655,dE76,x0.02-0.30:y0.50-0.60,aba25781e62700cce31a490a6872ab00b57083459a0cceaaa1e48fd2b80cc844,frame_sd of s0..s7
wide,mean,,4a,sky_slope_R,2.1195834293121427,levels/%H,x0.02-0.30:y0.02-0.58,aba25781e62700cce31a490a6872ab00b57083459a0cceaaa1e48fd2b80cc844,mean of s0..s7
wide,frame_sd,,4a,sky_slope_R,0.011112578325943959,levels/%H,x0.02-0.30:y0.02-0.58,aba25781e62700cce31a490a6872ab00b57083459a0cceaaa1e48fd2b80cc844,frame_sd of s0..s7
wide,mean,,4a,sky_r2_R,0.9651135240206672,1,x0.02-0.30:y0.02-0.58,aba25781e62700cce31a490a6872ab00b57083459a0cceaaa1e48fd2b80cc844,mean of s0..s7
wide,frame_sd,,4a,sky_r2_R,0.0005335867169097259,1,x0.02-0.30:y0.02-0.58,aba25781e62700cce31a490a6872ab00b57083459a0cceaaa1e48fd2b80cc844,frame_sd of s0..s7
wide,mean,,4a,sky_slope_G,1.8075150129864936,levels/%H,x0.02-0.30:y0.02-0.58,aba25781e62700cce31a490a6872ab00b57083459a0cceaaa1e48fd2b80cc844,mean of s0..s7
wide,frame_sd,,4a,sky_slope_G,0.009992627215274273,levels/%H,x0.02-0.30:y0.02-0.58,aba25781e62700cce31a490a6872ab00b57083459a0cceaaa1e48fd2b80cc844,frame_sd of s0..s7
wide,mean,,4a,sky_r2_G,0.9732584980458151,1,x0.02-0.30:y0.02-0.58,aba25781e62700cce31a490a6872ab00b57083459a0cceaaa1e48fd2b80cc844,mean of s0..s7
wide,frame_sd,,4a,sky_r2_G,0.00020730840013882956,1,x0.02-0.30:y0.02-0.58,aba25781e62700cce31a490a6872ab00b57083459a0cceaaa1e48fd2b80cc844,frame_sd of s0..s7
wide,mean,,4a,sky_slope_B,1.5420345736909518,levels/%H,x0.02-0.30:y0.02-0.58,aba25781e62700cce31a490a6872ab00b57083459a0cceaaa1e48fd2b80cc844,mean of s0..s7
wide,frame_sd,,4a,sky_slope_B,0.007540444490513801,levels/%H,x0.02-0.30:y0.02-0.58,aba25781e62700cce31a490a6872ab00b57083459a0cceaaa1e48fd2b80cc844,frame_sd of s0..s7
wide,mean,,4a,sky_r2_B,0.9764143863097036,1,x0.02-0.30:y0.02-0.58,aba25781e62700cce31a490a6872ab00b57083459a0cceaaa1e48fd2b80cc844,mean of s0..s7
wide,frame_sd,,4a,sky_r2_B,0.00022969596156481765,1,x0.02-0.30:y0.02-0.58,aba25781e62700cce31a490a6872ab00b57083459a0cceaaa1e48fd2b80cc844,frame_sd of s0..s7
wide,mean,,4b,contrast_rms_D1,9.995557259034808,levels,x0.70-0.95:y0.35-0.75,aba25781e62700cce31a490a6872ab00b57083459a0cceaaa1e48fd2b80cc844,mean of s0..s7
wide,frame_sd,,4b,contrast_rms_D1,3.099529656583964,levels,x0.70-0.95:y0.35-0.75,aba25781e62700cce31a490a6872ab00b57083459a0cceaaa1e48fd2b80cc844,frame_sd of s0..s7
wide,mean,,4b,sat_S_D1,0.38591118257399815,S,x0.70-0.95:y0.35-0.75,aba25781e62700cce31a490a6872ab00b57083459a0cceaaa1e48fd2b80cc844,mean of s0..s7
wide,frame_sd,,4b,sat_S_D1,0.024766022032113894,S,x0.70-0.95:y0.35-0.75,aba25781e62700cce31a490a6872ab00b57083459a0cceaaa1e48fd2b80cc844,frame_sd of s0..s7
wide,mean,,4b,value_V_D1,98.46193485966435,levels,x0.70-0.95:y0.35-0.75,aba25781e62700cce31a490a6872ab00b57083459a0cceaaa1e48fd2b80cc844,mean of s0..s7
wide,frame_sd,,4b,value_V_D1,4.2553302768073955,levels,x0.70-0.95:y0.35-0.75,aba25781e62700cce31a490a6872ab00b57083459a0cceaaa1e48fd2b80cc844,frame_sd of s0..s7
wide,mean,,4b,contrast_rms_D2,1.485773908047991,levels,x0.02-0.40:y0.45-0.70,aba25781e62700cce31a490a6872ab00b57083459a0cceaaa1e48fd2b80cc844,mean of s0..s7
wide,frame_sd,,4b,contrast_rms_D2,0.013741082011330289,levels,x0.02-0.40:y0.45-0.70,aba25781e62700cce31a490a6872ab00b57083459a0cceaaa1e48fd2b80cc844,frame_sd of s0..s7
wide,mean,,4b,sat_S_D2,0.14765645565211555,S,x0.02-0.40:y0.45-0.70,aba25781e62700cce31a490a6872ab00b57083459a0cceaaa1e48fd2b80cc844,mean of s0..s7
wide,frame_sd,,4b,sat_S_D2,0.0008319490809949082,S,x0.02-0.40:y0.45-0.70,aba25781e62700cce31a490a6872ab00b57083459a0cceaaa1e48fd2b80cc844,frame_sd of s0..s7
wide,mean,,4b,value_V_D2,202.7701852169167,levels,x0.02-0.40:y0.45-0.70,aba25781e62700cce31a490a6872ab00b57083459a0cceaaa1e48fd2b80cc844,mean of s0..s7
wide,frame_sd,,4b,value_V_D2,0.5989602110143596,levels,x0.02-0.40:y0.45-0.70,aba25781e62700cce31a490a6872ab00b57083459a0cceaaa1e48fd2b80cc844,frame_sd of s0..s7
wide,mean,,4b,contrast_rms_D3,0.5442759691677085,levels,x0.02-0.30:y0.50-0.60,aba25781e62700cce31a490a6872ab00b57083459a0cceaaa1e48fd2b80cc844,mean of s0..s7
wide,frame_sd,,4b,contrast_rms_D3,0.008928084102701985,levels,x0.02-0.30:y0.50-0.60,aba25781e62700cce31a490a6872ab00b57083459a0cceaaa1e48fd2b80cc844,frame_sd of s0..s7
wide,mean,,4b,sat_S_D3,0.1229902244394307,S,x0.02-0.30:y0.50-0.60,aba25781e62700cce31a490a6872ab00b57083459a0cceaaa1e48fd2b80cc844,mean of s0..s7
wide,frame_sd,,4b,sat_S_D3,0.0008989380161667713,S,x0.02-0.30:y0.50-0.60,aba25781e62700cce31a490a6872ab00b57083459a0cceaaa1e48fd2b80cc844,frame_sd of s0..s7
wide,mean,,4b,value_V_D3,208.21127368647717,levels,x0.02-0.30:y0.50-0.60,aba25781e62700cce31a490a6872ab00b57083459a0cceaaa1e48fd2b80cc844,mean of s0..s7
wide,frame_sd,,4b,value_V_D3,0.6974544327566946,levels,x0.02-0.30:y0.50-0.60,aba25781e62700cce31a490a6872ab00b57083459a0cceaaa1e48fd2b80cc844,frame_sd of s0..s7
wide,mean,,4b,falloff_rms_D2_D1,0.16176011616280866,ratio,x0.02-0.40:y0.45-0.70,aba25781e62700cce31a490a6872ab00b57083459a0cceaaa1e48fd2b80cc844,mean of s0..s7
wide,frame_sd,,4b,falloff_rms_D2_D1,0.04408270871613408,ratio,x0.02-0.40:y0.45-0.70,aba25781e62700cce31a490a6872ab00b57083459a0cceaaa1e48fd2b80cc844,frame_sd of s0..s7
wide,mean,,4b,falloff_rms_D3_D1,0.059368628608727936,ratio,x0.02-0.30:y0.50-0.60,aba25781e62700cce31a490a6872ab00b57083459a0cceaaa1e48fd2b80cc844,mean of s0..s7
wide,frame_sd,,4b,falloff_rms_D3_D1,0.016606830829436182,ratio,x0.02-0.30:y0.50-0.60,aba25781e62700cce31a490a6872ab00b57083459a0cceaaa1e48fd2b80cc844,frame_sd of s0..s7
wide,mean,,4b,falloff_sat_D2_D1,0.3839549978391563,ratio,x0.02-0.40:y0.45-0.70,aba25781e62700cce31a490a6872ab00b57083459a0cceaaa1e48fd2b80cc844,mean of s0..s7
wide,frame_sd,,4b,falloff_sat_D2_D1,0.02096655082629177,ratio,x0.02-0.40:y0.45-0.70,aba25781e62700cce31a490a6872ab00b57083459a0cceaaa1e48fd2b80cc844,frame_sd of s0..s7
wide,mean,,4b,falloff_sat_D3_D1,0.31978893596487423,ratio,x0.02-0.30:y0.50-0.60,aba25781e62700cce31a490a6872ab00b57083459a0cceaaa1e48fd2b80cc844,mean of s0..s7
wide,frame_sd,,4b,falloff_sat_D3_D1,0.017095831624850642,ratio,x0.02-0.30:y0.50-0.60,aba25781e62700cce31a490a6872ab00b57083459a0cceaaa1e48fd2b80cc844,frame_sd of s0..s7
wide,mean,,4c,bloom_peak_L,196.3363,levels,x0.55-0.80:y0.20-0.45,aba25781e62700cce31a490a6872ab00b57083459a0cceaaa1e48fd2b80cc844,mean of s0..s7
wide,frame_sd,,4c,bloom_peak_L,9.317664497608826,levels,x0.55-0.80:y0.20-0.45,aba25781e62700cce31a490a6872ab00b57083459a0cceaaa1e48fd2b80cc844,frame_sd of s0..s7
wide,mean,,4c,bloom_bg_L,123.40685,levels,x0.55-0.80:y0.20-0.45,aba25781e62700cce31a490a6872ab00b57083459a0cceaaa1e48fd2b80cc844,mean of s0..s7
wide,frame_sd,,4c,bloom_bg_L,0.5138918344360018,levels,x0.55-0.80:y0.20-0.45,aba25781e62700cce31a490a6872ab00b57083459a0cceaaa1e48fd2b80cc844,frame_sd of s0..s7
wide,mean,,4c,bloom_peak_bg_ratio,1.5910595002957213,ratio,x0.55-0.80:y0.20-0.45,aba25781e62700cce31a490a6872ab00b57083459a0cceaaa1e48fd2b80cc844,mean of s0..s7
wide,frame_sd,,4c,bloom_peak_bg_ratio,0.07714043028747743,ratio,x0.55-0.80:y0.20-0.45,aba25781e62700cce31a490a6872ab00b57083459a0cceaaa1e48fd2b80cc844,frame_sd of s0..s7
wide,mean,,4c,bloom_r50_px,0.7968845571055927,px,x0.55-0.80:y0.20-0.45,aba25781e62700cce31a490a6872ab00b57083459a0cceaaa1e48fd2b80cc844,mean of s0..s7
wide,frame_sd,,4c,bloom_r50_px,0.24199827292936427,px,x0.55-0.80:y0.20-0.45,aba25781e62700cce31a490a6872ab00b57083459a0cceaaa1e48fd2b80cc844,frame_sd of s0..s7
wide,mean,,4c,bloom_r50_pctH,0.03689280356970336,%H,x0.55-0.80:y0.20-0.45,aba25781e62700cce31a490a6872ab00b57083459a0cceaaa1e48fd2b80cc844,mean of s0..s7
wide,frame_sd,,4c,bloom_r50_pctH,0.01120362374672983,%H,x0.55-0.80:y0.20-0.45,aba25781e62700cce31a490a6872ab00b57083459a0cceaaa1e48fd2b80cc844,frame_sd of s0..s7
wide,mean,,4c,bloom_falloff_10_90_px,1.234319807717121,px,x0.55-0.80:y0.20-0.45,aba25781e62700cce31a490a6872ab00b57083459a0cceaaa1e48fd2b80cc844,mean of s0..s7
wide,frame_sd,,4c,bloom_falloff_10_90_px,0.3989391799799666,px,x0.55-0.80:y0.20-0.45,aba25781e62700cce31a490a6872ab00b57083459a0cceaaa1e48fd2b80cc844,frame_sd of s0..s7
wide,mean,,4d,shadow_p0_1,1.2469000000000001,levels,x0.58-0.96:y0.55-0.90,aba25781e62700cce31a490a6872ab00b57083459a0cceaaa1e48fd2b80cc844,mean of s0..s7
wide,frame_sd,,4d,shadow_p0_1,0.560326574418883,levels,x0.58-0.96:y0.55-0.90,aba25781e62700cce31a490a6872ab00b57083459a0cceaaa1e48fd2b80cc844,frame_sd of s0..s7
wide,mean,,4d,shadow_p1,2.723775,levels,x0.58-0.96:y0.55-0.90,aba25781e62700cce31a490a6872ab00b57083459a0cceaaa1e48fd2b80cc844,mean of s0..s7
wide,frame_sd,,4d,shadow_p1,0.839300228985433,levels,x0.58-0.96:y0.55-0.90,aba25781e62700cce31a490a6872ab00b57083459a0cceaaa1e48fd2b80cc844,frame_sd of s0..s7
wide,mean,,4d,shadow_p5,7.451417500000001,levels,x0.58-0.96:y0.55-0.90,aba25781e62700cce31a490a6872ab00b57083459a0cceaaa1e48fd2b80cc844,mean of s0..s7
wide,frame_sd,,4d,shadow_p5,2.0737204406919822,levels,x0.58-0.96:y0.55-0.90,aba25781e62700cce31a490a6872ab00b57083459a0cceaaa1e48fd2b80cc844,frame_sd of s0..s7
wide,mean,,4d,shadow_p50,107.2901,levels,x0.58-0.96:y0.55-0.90,aba25781e62700cce31a490a6872ab00b57083459a0cceaaa1e48fd2b80cc844,mean of s0..s7
wide,frame_sd,,4d,shadow_p50,27.455931312013437,levels,x0.58-0.96:y0.55-0.90,aba25781e62700cce31a490a6872ab00b57083459a0cceaaa1e48fd2b80cc844,frame_sd of s0..s7
wide,mean,,4d,shadow_min,0.045125,levels,x0.58-0.96:y0.55-0.90,aba25781e62700cce31a490a6872ab00b57083459a0cceaaa1e48fd2b80cc844,mean of s0..s7
wide,frame_sd,,4d,shadow_min,0.11938952791178965,levels,x0.58-0.96:y0.55-0.90,aba25781e62700cce31a490a6872ab00b57083459a0cceaaa1e48fd2b80cc844,frame_sd of s0..s7
wide,mean,,4d,shadow_floor_lifted,0,bool,x0.58-0.96:y0.55-0.90,aba25781e62700cce31a490a6872ab00b57083459a0cceaaa1e48fd2b80cc844,mean of s0..s7
wide,frame_sd,,4d,shadow_floor_lifted,0,bool,x0.58-0.96:y0.55-0.90,aba25781e62700cce31a490a6872ab00b57083459a0cceaaa1e48fd2b80cc844,frame_sd of s0..s7
wide,mean,,4e,dof_lapvar_D1,267.8914510689414,levels2,x0.70-0.95:y0.35-0.75,aba25781e62700cce31a490a6872ab00b57083459a0cceaaa1e48fd2b80cc844,mean of s0..s7
wide,frame_sd,,4e,dof_lapvar_D1,234.85513867234334,levels2,x0.70-0.95:y0.35-0.75,aba25781e62700cce31a490a6872ab00b57083459a0cceaaa1e48fd2b80cc844,frame_sd of s0..s7
wide,mean,,4e,dof_lapvar_D2,3.5864184581253795,levels2,x0.02-0.40:y0.45-0.70,aba25781e62700cce31a490a6872ab00b57083459a0cceaaa1e48fd2b80cc844,mean of s0..s7
wide,frame_sd,,4e,dof_lapvar_D2,0.167680942389645,levels2,x0.02-0.40:y0.45-0.70,aba25781e62700cce31a490a6872ab00b57083459a0cceaaa1e48fd2b80cc844,frame_sd of s0..s7
wide,mean,,4e,dof_lapvar_D3,0.9806582960869135,levels2,x0.02-0.30:y0.50-0.60,aba25781e62700cce31a490a6872ab00b57083459a0cceaaa1e48fd2b80cc844,mean of s0..s7
wide,frame_sd,,4e,dof_lapvar_D3,0.018183063955924415,levels2,x0.02-0.30:y0.50-0.60,aba25781e62700cce31a490a6872ab00b57083459a0cceaaa1e48fd2b80cc844,frame_sd of s0..s7
wide,mean,,4e,dof_ratio_D1_D2,72.79623507850528,ratio,x0.02-0.40:y0.45-0.70,aba25781e62700cce31a490a6872ab00b57083459a0cceaaa1e48fd2b80cc844,mean of s0..s7
wide,frame_sd,,4e,dof_ratio_D1_D2,58.73085658225543,ratio,x0.02-0.40:y0.45-0.70,aba25781e62700cce31a490a6872ab00b57083459a0cceaaa1e48fd2b80cc844,frame_sd of s0..s7
wide,mean,,4e,dof_sigma_D2_px,1.617431640625,px,x0.02-0.40:y0.45-0.70,aba25781e62700cce31a490a6872ab00b57083459a0cceaaa1e48fd2b80cc844,mean of s0..s7
wide,frame_sd,,4e,dof_sigma_D2_px,0.3004608615369385,px,x0.02-0.40:y0.45-0.70,aba25781e62700cce31a490a6872ab00b57083459a0cceaaa1e48fd2b80cc844,frame_sd of s0..s7
wide,mean,,4e,dof_sigma_D2_pctH,0.07488109447337962,%H,x0.02-0.40:y0.45-0.70,aba25781e62700cce31a490a6872ab00b57083459a0cceaaa1e48fd2b80cc844,mean of s0..s7
wide,frame_sd,,4e,dof_sigma_D2_pctH,0.01391022507115456,%H,x0.02-0.40:y0.45-0.70,aba25781e62700cce31a490a6872ab00b57083459a0cceaaa1e48fd2b80cc844,frame_sd of s0..s7
wide,mean,,4e,dof_sigma_D3_px,2.4230194091796875,px,x0.02-0.30:y0.50-0.60,aba25781e62700cce31a490a6872ab00b57083459a0cceaaa1e48fd2b80cc844,mean of s0..s7
wide,frame_sd,,4e,dof_sigma_D3_px,0.44316797888350506,px,x0.02-0.30:y0.50-0.60,aba25781e62700cce31a490a6872ab00b57083459a0cceaaa1e48fd2b80cc844,frame_sd of s0..s7
wide,mean,,4e,dof_sigma_D3_pctH,0.11217682449905961,%H,x0.02-0.30:y0.50-0.60,aba25781e62700cce31a490a6872ab00b57083459a0cceaaa1e48fd2b80cc844,mean of s0..s7
wide,frame_sd,,4e,dof_sigma_D3_pctH,0.020517036059421526,%H,x0.02-0.30:y0.50-0.60,aba25781e62700cce31a490a6872ab00b57083459a0cceaaa1e48fd2b80cc844,frame_sd of s0..s7
wide,mean,,4f,grain_sigma_R,0.3611325324658342,levels,x0.02-0.50:y0.02-0.42,aba25781e62700cce31a490a6872ab00b57083459a0cceaaa1e48fd2b80cc844,mean of s0..s7
wide,frame_sd,,4f,grain_sigma_R,0.0064295098373100225,levels,x0.02-0.50:y0.02-0.42,aba25781e62700cce31a490a6872ab00b57083459a0cceaaa1e48fd2b80cc844,frame_sd of s0..s7
wide,mean,,4f,grain_sigma_G,0.3202250490668595,levels,x0.02-0.50:y0.02-0.42,aba25781e62700cce31a490a6872ab00b57083459a0cceaaa1e48fd2b80cc844,mean of s0..s7
wide,frame_sd,,4f,grain_sigma_G,0.0037333681607085033,levels,x0.02-0.50:y0.02-0.42,aba25781e62700cce31a490a6872ab00b57083459a0cceaaa1e48fd2b80cc844,frame_sd of s0..s7
wide,mean,,4f,grain_sigma_B,0.3722082646276138,levels,x0.02-0.50:y0.02-0.42,aba25781e62700cce31a490a6872ab00b57083459a0cceaaa1e48fd2b80cc844,mean of s0..s7
wide,frame_sd,,4f,grain_sigma_B,0.014608005050724425,levels,x0.02-0.50:y0.02-0.42,aba25781e62700cce31a490a6872ab00b57083459a0cceaaa1e48fd2b80cc844,frame_sd of s0..s7
wide,mean,,4f,grain_acf_halfmax_x,2.125,px,x0.02-0.50:y0.02-0.42,aba25781e62700cce31a490a6872ab00b57083459a0cceaaa1e48fd2b80cc844,mean of s0..s7
wide,frame_sd,,4f,grain_acf_halfmax_x,0.33071891388307384,px,x0.02-0.50:y0.02-0.42,aba25781e62700cce31a490a6872ab00b57083459a0cceaaa1e48fd2b80cc844,frame_sd of s0..s7
wide,mean,,4f,grain_acf_zerocross_x,110.75,px,x0.02-0.50:y0.02-0.42,aba25781e62700cce31a490a6872ab00b57083459a0cceaaa1e48fd2b80cc844,mean of s0..s7
wide,frame_sd,,4f,grain_acf_zerocross_x,235.13068174953264,px,x0.02-0.50:y0.02-0.42,aba25781e62700cce31a490a6872ab00b57083459a0cceaaa1e48fd2b80cc844,frame_sd of s0..s7
wide,mean,,4f,grain_acf_halfmax_y,1,px,x0.02-0.50:y0.02-0.42,aba25781e62700cce31a490a6872ab00b57083459a0cceaaa1e48fd2b80cc844,mean of s0..s7
wide,frame_sd,,4f,grain_acf_halfmax_y,0,px,x0.02-0.50:y0.02-0.42,aba25781e62700cce31a490a6872ab00b57083459a0cceaaa1e48fd2b80cc844,frame_sd of s0..s7
wide,mean,,4f,grain_acf_zerocross_y,3,px,x0.02-0.50:y0.02-0.42,aba25781e62700cce31a490a6872ab00b57083459a0cceaaa1e48fd2b80cc844,mean of s0..s7
wide,frame_sd,,4f,grain_acf_zerocross_y,0,px,x0.02-0.50:y0.02-0.42,aba25781e62700cce31a490a6872ab00b57083459a0cceaaa1e48fd2b80cc844,frame_sd of s0..s7
wide,mean,,4g,palette_turf_meanS,0.5385021310554985,S,x0.58-0.96:y0.28-0.90,aba25781e62700cce31a490a6872ab00b57083459a0cceaaa1e48fd2b80cc844,mean of s0..s7
wide,frame_sd,,4g,palette_turf_meanS,0.07541379887608128,S,x0.58-0.96:y0.28-0.90,aba25781e62700cce31a490a6872ab00b57083459a0cceaaa1e48fd2b80cc844,frame_sd of s0..s7
wide,mean,,4g,palette_turf_meanV,48.55810332020752,levels,x0.58-0.96:y0.28-0.90,aba25781e62700cce31a490a6872ab00b57083459a0cceaaa1e48fd2b80cc844,mean of s0..s7
wide,frame_sd,,4g,palette_turf_meanV,4.652476160671057,levels,x0.58-0.96:y0.28-0.90,aba25781e62700cce31a490a6872ab00b57083459a0cceaaa1e48fd2b80cc844,frame_sd of s0..s7
wide,mean,,4g,palette_turf_share,0.11396076738621869,fraction,x0.58-0.96:y0.28-0.90,aba25781e62700cce31a490a6872ab00b57083459a0cceaaa1e48fd2b80cc844,mean of s0..s7
wide,frame_sd,,4g,palette_turf_share,0.027862409274299584,fraction,x0.58-0.96:y0.28-0.90,aba25781e62700cce31a490a6872ab00b57083459a0cceaaa1e48fd2b80cc844,frame_sd of s0..s7
wide,mean,,4g,palette_turf_k1_share,0.549082888962736,fraction,x0.58-0.96:y0.28-0.90,aba25781e62700cce31a490a6872ab00b57083459a0cceaaa1e48fd2b80cc844,mean of s0..s7
wide,frame_sd,,4g,palette_turf_k1_share,0.029200873461419943,fraction,x0.58-0.96:y0.28-0.90,aba25781e62700cce31a490a6872ab00b57083459a0cceaaa1e48fd2b80cc844,frame_sd of s0..s7
wide,mean,,4g,palette_turf_k2_share,0.34042943041371365,fraction,x0.58-0.96:y0.28-0.90,aba25781e62700cce31a490a6872ab00b57083459a0cceaaa1e48fd2b80cc844,mean of s0..s7
wide,frame_sd,,4g,palette_turf_k2_share,0.036509463921636044,fraction,x0.58-0.96:y0.28-0.90,aba25781e62700cce31a490a6872ab00b57083459a0cceaaa1e48fd2b80cc844,frame_sd of s0..s7
wide,mean,,4g,palette_turf_k3_share,0.11048768062355033,fraction,x0.58-0.96:y0.28-0.90,aba25781e62700cce31a490a6872ab00b57083459a0cceaaa1e48fd2b80cc844,mean of s0..s7
wide,frame_sd,,4g,palette_turf_k3_share,0.021881325762578237,fraction,x0.58-0.96:y0.28-0.90,aba25781e62700cce31a490a6872ab00b57083459a0cceaaa1e48fd2b80cc844,frame_sd of s0..s7
wide,mean,,4g,palette_moss_meanS,0.6710619601931902,S,x0.58-0.96:y0.28-0.90,aba25781e62700cce31a490a6872ab00b57083459a0cceaaa1e48fd2b80cc844,mean of s0..s7
wide,frame_sd,,4g,palette_moss_meanS,0.03614938589667273,S,x0.58-0.96:y0.28-0.90,aba25781e62700cce31a490a6872ab00b57083459a0cceaaa1e48fd2b80cc844,frame_sd of s0..s7
wide,mean,,4g,palette_moss_meanV,68.84511389655296,levels,x0.58-0.96:y0.28-0.90,aba25781e62700cce31a490a6872ab00b57083459a0cceaaa1e48fd2b80cc844,mean of s0..s7
wide,frame_sd,,4g,palette_moss_meanV,3.844459472164811,levels,x0.58-0.96:y0.28-0.90,aba25781e62700cce31a490a6872ab00b57083459a0cceaaa1e48fd2b80cc844,frame_sd of s0..s7
wide,mean,,4g,palette_moss_share,0.11292707346397898,fraction,x0.58-0.96:y0.28-0.90,aba25781e62700cce31a490a6872ab00b57083459a0cceaaa1e48fd2b80cc844,mean of s0..s7
wide,frame_sd,,4g,palette_moss_share,0.027593359582357563,fraction,x0.58-0.96:y0.28-0.90,aba25781e62700cce31a490a6872ab00b57083459a0cceaaa1e48fd2b80cc844,frame_sd of s0..s7
wide,mean,,4g,palette_moss_k1_share,0.4545403548912825,fraction,x0.58-0.96:y0.28-0.90,aba25781e62700cce31a490a6872ab00b57083459a0cceaaa1e48fd2b80cc844,mean of s0..s7
wide,frame_sd,,4g,palette_moss_k1_share,0.01683209256817073,fraction,x0.58-0.96:y0.28-0.90,aba25781e62700cce31a490a6872ab00b57083459a0cceaaa1e48fd2b80cc844,frame_sd of s0..s7
wide,mean,,4g,palette_moss_k2_share,0.3907425499390623,fraction,x0.58-0.96:y0.28-0.90,aba25781e62700cce31a490a6872ab00b57083459a0cceaaa1e48fd2b80cc844,mean of s0..s7
wide,frame_sd,,4g,palette_moss_k2_share,0.02270249796152464,fraction,x0.58-0.96:y0.28-0.90,aba25781e62700cce31a490a6872ab00b57083459a0cceaaa1e48fd2b80cc844,frame_sd of s0..s7
wide,mean,,4g,palette_moss_k3_share,0.15471709516965515,fraction,x0.58-0.96:y0.28-0.90,aba25781e62700cce31a490a6872ab00b57083459a0cceaaa1e48fd2b80cc844,mean of s0..s7
wide,frame_sd,,4g,palette_moss_k3_share,0.025630423399296207,fraction,x0.58-0.96:y0.28-0.90,aba25781e62700cce31a490a6872ab00b57083459a0cceaaa1e48fd2b80cc844,frame_sd of s0..s7
wide,mean,,4g,palette_soil_meanS,0.31606709796029775,S,x0.58-0.96:y0.28-0.90,aba25781e62700cce31a490a6872ab00b57083459a0cceaaa1e48fd2b80cc844,mean of s0..s7
wide,frame_sd,,4g,palette_soil_meanS,0.025524748822257623,S,x0.58-0.96:y0.28-0.90,aba25781e62700cce31a490a6872ab00b57083459a0cceaaa1e48fd2b80cc844,frame_sd of s0..s7
wide,mean,,4g,palette_soil_meanV,57.20245018287231,levels,x0.58-0.96:y0.28-0.90,aba25781e62700cce31a490a6872ab00b57083459a0cceaaa1e48fd2b80cc844,mean of s0..s7
wide,frame_sd,,4g,palette_soil_meanV,4.020660792305047,levels,x0.58-0.96:y0.28-0.90,aba25781e62700cce31a490a6872ab00b57083459a0cceaaa1e48fd2b80cc844,frame_sd of s0..s7
wide,mean,,4g,palette_soil_share,0.3736905167001122,fraction,x0.58-0.96:y0.28-0.90,aba25781e62700cce31a490a6872ab00b57083459a0cceaaa1e48fd2b80cc844,mean of s0..s7
wide,frame_sd,,4g,palette_soil_share,0.04175439637698043,fraction,x0.58-0.96:y0.28-0.90,aba25781e62700cce31a490a6872ab00b57083459a0cceaaa1e48fd2b80cc844,frame_sd of s0..s7
wide,mean,,4g,palette_soil_k1_share,0.6341853843105572,fraction,x0.58-0.96:y0.28-0.90,aba25781e62700cce31a490a6872ab00b57083459a0cceaaa1e48fd2b80cc844,mean of s0..s7
wide,frame_sd,,4g,palette_soil_k1_share,0.01523880204059539,fraction,x0.58-0.96:y0.28-0.90,aba25781e62700cce31a490a6872ab00b57083459a0cceaaa1e48fd2b80cc844,frame_sd of s0..s7
wide,mean,,4g,palette_soil_k2_share,0.2895825988354088,fraction,x0.58-0.96:y0.28-0.90,aba25781e62700cce31a490a6872ab00b57083459a0cceaaa1e48fd2b80cc844,mean of s0..s7
wide,frame_sd,,4g,palette_soil_k2_share,0.007820931711285348,fraction,x0.58-0.96:y0.28-0.90,aba25781e62700cce31a490a6872ab00b57083459a0cceaaa1e48fd2b80cc844,frame_sd of s0..s7
wide,mean,,4g,palette_soil_k3_share,0.076232016854034,fraction,x0.58-0.96:y0.28-0.90,aba25781e62700cce31a490a6872ab00b57083459a0cceaaa1e48fd2b80cc844,mean of s0..s7
wide,frame_sd,,4g,palette_soil_k3_share,0.019585552522726948,fraction,x0.58-0.96:y0.28-0.90,aba25781e62700cce31a490a6872ab00b57083459a0cceaaa1e48fd2b80cc844,frame_sd of s0..s7
wide,mean,,4g,palette_pebble_meanS,0.5790772774788557,S,x0.58-0.96:y0.28-0.90,aba25781e62700cce31a490a6872ab00b57083459a0cceaaa1e48fd2b80cc844,mean of s0..s7
wide,frame_sd,,4g,palette_pebble_meanS,0.05064463471687775,S,x0.58-0.96:y0.28-0.90,aba25781e62700cce31a490a6872ab00b57083459a0cceaaa1e48fd2b80cc844,frame_sd of s0..s7
wide,mean,,4g,palette_pebble_meanV,52.790918583121865,levels,x0.58-0.96:y0.28-0.90,aba25781e62700cce31a490a6872ab00b57083459a0cceaaa1e48fd2b80cc844,mean of s0..s7
wide,frame_sd,,4g,palette_pebble_meanV,11.718881611245498,levels,x0.58-0.96:y0.28-0.90,aba25781e62700cce31a490a6872ab00b57083459a0cceaaa1e48fd2b80cc844,frame_sd of s0..s7
wide,mean,,4g,palette_pebble_share,0.05086507043994366,fraction,x0.58-0.96:y0.28-0.90,aba25781e62700cce31a490a6872ab00b57083459a0cceaaa1e48fd2b80cc844,mean of s0..s7
wide,frame_sd,,4g,palette_pebble_share,0.01353041108760923,fraction,x0.58-0.96:y0.28-0.90,aba25781e62700cce31a490a6872ab00b57083459a0cceaaa1e48fd2b80cc844,frame_sd of s0..s7
wide,mean,,4g,palette_pebble_k1_share,0.5435004287635312,fraction,x0.58-0.96:y0.28-0.90,aba25781e62700cce31a490a6872ab00b57083459a0cceaaa1e48fd2b80cc844,mean of s0..s7
wide,frame_sd,,4g,palette_pebble_k1_share,0.07507092482820533,fraction,x0.58-0.96:y0.28-0.90,aba25781e62700cce31a490a6872ab00b57083459a0cceaaa1e48fd2b80cc844,frame_sd of s0..s7
wide,mean,,4g,palette_pebble_k2_share,0.32378599823763154,fraction,x0.58-0.96:y0.28-0.90,aba25781e62700cce31a490a6872ab00b57083459a0cceaaa1e48fd2b80cc844,mean of s0..s7
wide,frame_sd,,4g,palette_pebble_k2_share,0.0450875039868504,fraction,x0.58-0.96:y0.28-0.90,aba25781e62700cce31a490a6872ab00b57083459a0cceaaa1e48fd2b80cc844,frame_sd of s0..s7
wide,mean,,4g,palette_pebble_k3_share,0.1327135729988372,fraction,x0.58-0.96:y0.28-0.90,aba25781e62700cce31a490a6872ab00b57083459a0cceaaa1e48fd2b80cc844,mean of s0..s7
wide,frame_sd,,4g,palette_pebble_k3_share,0.06179281773741641,fraction,x0.58-0.96:y0.28-0.90,aba25781e62700cce31a490a6872ab00b57083459a0cceaaa1e48fd2b80cc844,frame_sd of s0..s7
wide,mean,,4g,palette_basalt_meanS,0.5431648176980258,S,x0.58-0.96:y0.28-0.90,aba25781e62700cce31a490a6872ab00b57083459a0cceaaa1e48fd2b80cc844,mean of s0..s7
wide,frame_sd,,4g,palette_basalt_meanS,0.0699026944914563,S,x0.58-0.96:y0.28-0.90,aba25781e62700cce31a490a6872ab00b57083459a0cceaaa1e48fd2b80cc844,frame_sd of s0..s7
wide,mean,,4g,palette_basalt_meanV,16.482106024861913,levels,x0.58-0.96:y0.28-0.90,aba25781e62700cce31a490a6872ab00b57083459a0cceaaa1e48fd2b80cc844,mean of s0..s7
wide,frame_sd,,4g,palette_basalt_meanV,2.799936095390921,levels,x0.58-0.96:y0.28-0.90,aba25781e62700cce31a490a6872ab00b57083459a0cceaaa1e48fd2b80cc844,frame_sd of s0..s7
wide,mean,,4g,palette_basalt_share,0.24994323838924412,fraction,x0.58-0.96:y0.28-0.90,aba25781e62700cce31a490a6872ab00b57083459a0cceaaa1e48fd2b80cc844,mean of s0..s7
wide,frame_sd,,4g,palette_basalt_share,0.027880783168486554,fraction,x0.58-0.96:y0.28-0.90,aba25781e62700cce31a490a6872ab00b57083459a0cceaaa1e48fd2b80cc844,frame_sd of s0..s7
wide,mean,,4g,palette_basalt_k1_share,0.42613858025955,fraction,x0.58-0.96:y0.28-0.90,aba25781e62700cce31a490a6872ab00b57083459a0cceaaa1e48fd2b80cc844,mean of s0..s7
wide,frame_sd,,4g,palette_basalt_k1_share,0.04723426988795072,fraction,x0.58-0.96:y0.28-0.90,aba25781e62700cce31a490a6872ab00b57083459a0cceaaa1e48fd2b80cc844,frame_sd of s0..s7
wide,mean,,4g,palette_basalt_k2_share,0.36230014700856095,fraction,x0.58-0.96:y0.28-0.90,aba25781e62700cce31a490a6872ab00b57083459a0cceaaa1e48fd2b80cc844,mean of s0..s7
wide,frame_sd,,4g,palette_basalt_k2_share,0.03287683847749463,fraction,x0.58-0.96:y0.28-0.90,aba25781e62700cce31a490a6872ab00b57083459a0cceaaa1e48fd2b80cc844,frame_sd of s0..s7
wide,mean,,4g,palette_basalt_k3_share,0.21156127273188904,fraction,x0.58-0.96:y0.28-0.90,aba25781e62700cce31a490a6872ab00b57083459a0cceaaa1e48fd2b80cc844,mean of s0..s7
wide,frame_sd,,4g,palette_basalt_k3_share,0.05421328359557364,fraction,x0.58-0.96:y0.28-0.90,aba25781e62700cce31a490a6872ab00b57083459a0cceaaa1e48fd2b80cc844,frame_sd of s0..s7
wide,mean,,4g,palette_turf_vs_517046_deltaE,31.241695358853647,dE76,x0.58-0.96:y0.28-0.90,aba25781e62700cce31a490a6872ab00b57083459a0cceaaa1e48fd2b80cc844,mean of s0..s7
wide,frame_sd,,4g,palette_turf_vs_517046_deltaE,2.513568050708022,dE76,x0.58-0.96:y0.28-0.90,aba25781e62700cce31a490a6872ab00b57083459a0cceaaa1e48fd2b80cc844,frame_sd of s0..s7
wide,mean,,4g,palette_basalt_vs_474B59_deltaE,29.81679007878546,dE76,x0.58-0.96:y0.28-0.90,aba25781e62700cce31a490a6872ab00b57083459a0cceaaa1e48fd2b80cc844,mean of s0..s7
wide,frame_sd,,4g,palette_basalt_vs_474B59_deltaE,0.8027083031046315,dE76,x0.58-0.96:y0.28-0.90,aba25781e62700cce31a490a6872ab00b57083459a0cceaaa1e48fd2b80cc844,frame_sd of s0..s7
wide,mean,,4h,conifer_dark_area_pct,12.342209113945083,%,x0.62-0.95:y0.28-0.50,aba25781e62700cce31a490a6872ab00b57083459a0cceaaa1e48fd2b80cc844,mean of s0..s7
wide,frame_sd,,4h,conifer_dark_area_pct,1.8150049765006393,%,x0.62-0.95:y0.28-0.50,aba25781e62700cce31a490a6872ab00b57083459a0cceaaa1e48fd2b80cc844,frame_sd of s0..s7
wide,mean,,4h,conifer_edge_density,0.16521081709799362,fraction,x0.62-0.95:y0.28-0.50,aba25781e62700cce31a490a6872ab00b57083459a0cceaaa1e48fd2b80cc844,mean of s0..s7
wide,frame_sd,,4h,conifer_edge_density,0.032726437312204607,fraction,x0.62-0.95:y0.28-0.50,aba25781e62700cce31a490a6872ab00b57083459a0cceaaa1e48fd2b80cc844,frame_sd of s0..s7
wide,0,0,4i,cloud_band_y_pctH,81.71296296296296,%H,x0.20-0.60:y0.55-0.85,aba25781e62700cce31a490a6872ab00b57083459a0cceaaa1e48fd2b80cc844,
wide,0,0,4i,cloud_texture_zero_x_px,768,px,x0.20-0.60:y0.55-0.85,aba25781e62700cce31a490a6872ab00b57083459a0cceaaa1e48fd2b80cc844,first zero of 2-D autocorrelation along x
wide,0,0,4i,cloud_texture_zero_y_px,140,px,x0.20-0.60:y0.55-0.85,aba25781e62700cce31a490a6872ab00b57083459a0cceaaa1e48fd2b80cc844,first zero of 2-D autocorrelation along y
wide,0,0,4i,drift_dx_px,-0.5624709193847862,px,x0.20-0.60:y0.55-0.85,aba25781e62700cce31a490a6872ab00b57083459a0cceaaa1e48fd2b80cc844,pair s0->s7 dt=28.35s
wide,0,0,4i,drift_dy_px,-0.12007577387004997,px,x0.20-0.60:y0.55-0.85,aba25781e62700cce31a490a6872ab00b57083459a0cceaaa1e48fd2b80cc844,pair s0->s7 dt=28.35s
wide,0,0,4i,drift_speed_px_s,-0.019840244070010095,px/s,x0.20-0.60:y0.55-0.85,aba25781e62700cce31a490a6872ab00b57083459a0cceaaa1e48fd2b80cc844,
wide,0,0,4i,drift_pctW_turn,-0.016740205934071013,%W/turn,x0.20-0.60:y0.55-0.85,aba25781e62700cce31a490a6872ab00b57083459a0cceaaa1e48fd2b80cc844,
wide,0,0,4i,drift_floor_px,0.5311531111644026,px,x0.02-0.55:y0.42-0.95,aba25781e62700cce31a490a6872ab00b57083459a0cceaaa1e48fd2b80cc844,"max |d| of static MountainBand control, pair s0->s7"
wide,0,0,4i,drift_floor_adjmax_px,0.5335390819537783,px,x0.02-0.55:y0.42-0.95,aba25781e62700cce31a490a6872ab00b57083459a0cceaaa1e48fd2b80cc844,max |d| of static MountainBand control over adjacent pairs
wide,0,0,4i,drift_floor_px_s,0.018735559476698502,px/s,x0.02-0.55:y0.42-0.95,aba25781e62700cce31a490a6872ab00b57083459a0cceaaa1e48fd2b80cc844,
wide,0,0,4i,drift_floor_pctW_turn,0.01580812830846436,%W/turn,x0.02-0.55:y0.42-0.95,aba25781e62700cce31a490a6872ab00b57083459a0cceaaa1e48fd2b80cc844,
wide,0,0,4i,drift_not_measurable,0,bool,x0.20-0.60:y0.55-0.85,aba25781e62700cce31a490a6872ab00b57083459a0cceaaa1e48fd2b80cc844,"1 = cloud max(|dx|,|dy|) <= d_floor"
wide,0,0,4i,drift_adj_dx_s0,-0.031279906305246775,px,x0.20-0.60:y0.55-0.85,aba25781e62700cce31a490a6872ab00b57083459a0cceaaa1e48fd2b80cc844,pair s0->s1 dt=4.05s
wide,0,0,4i,drift_adj_dy_s0,0.025586485619876868,px,x0.20-0.60:y0.55-0.85,aba25781e62700cce31a490a6872ab00b57083459a0cceaaa1e48fd2b80cc844,pair s0->s1 dt=4.05s
wide,0,0,4i,drift_adj_dx_s1,0.022891311471752367,px,x0.20-0.60:y0.55-0.85,aba25781e62700cce31a490a6872ab00b57083459a0cceaaa1e48fd2b80cc844,pair s1->s2 dt=4.05s
wide,0,0,4i,drift_adj_dy_s1,-0.027469296617819015,px,x0.20-0.60:y0.55-0.85,aba25781e62700cce31a490a6872ab00b57083459a0cceaaa1e48fd2b80cc844,pair s1->s2 dt=4.05s
wide,0,0,4i,drift_adj_dx_s2,0.09625810663250309,px,x0.20-0.60:y0.55-0.85,aba25781e62700cce31a490a6872ab00b57083459a0cceaaa1e48fd2b80cc844,pair s2->s3 dt=4.05s
wide,0,0,4i,drift_adj_dy_s2,-0.01821534982945131,px,x0.20-0.60:y0.55-0.85,aba25781e62700cce31a490a6872ab00b57083459a0cceaaa1e48fd2b80cc844,pair s2->s3 dt=4.05s
wide,0,0,4i,drift_adj_dx_s3,-0.018491108057428034,px,x0.20-0.60:y0.55-0.85,aba25781e62700cce31a490a6872ab00b57083459a0cceaaa1e48fd2b80cc844,pair s3->s4 dt=4.05s
wide,0,0,4i,drift_adj_dy_s3,0.00013163364441746848,px,x0.20-0.60:y0.55-0.85,aba25781e62700cce31a490a6872ab00b57083459a0cceaaa1e48fd2b80cc844,pair s3->s4 dt=4.05s
wide,0,0,4i,drift_adj_dx_s4,0.03298910991524653,px,x0.20-0.60:y0.55-0.85,aba25781e62700cce31a490a6872ab00b57083459a0cceaaa1e48fd2b80cc844,pair s4->s5 dt=4.05s
wide,0,0,4i,drift_adj_dy_s4,0.004462273660943989,px,x0.20-0.60:y0.55-0.85,aba25781e62700cce31a490a6872ab00b57083459a0cceaaa1e48fd2b80cc844,pair s4->s5 dt=4.05s
wide,0,0,4i,drift_adj_dx_s5,-0.02858855732979515,px,x0.20-0.60:y0.55-0.85,aba25781e62700cce31a490a6872ab00b57083459a0cceaaa1e48fd2b80cc844,pair s5->s6 dt=4.05s
wide,0,0,4i,drift_adj_dy_s5,0.008040810550876071,px,x0.20-0.60:y0.55-0.85,aba25781e62700cce31a490a6872ab00b57083459a0cceaaa1e48fd2b80cc844,pair s5->s6 dt=4.05s
wide,0,0,4i,drift_adj_dx_s6,-0.031129583000157866,px,x0.20-0.60:y0.55-0.85,aba25781e62700cce31a490a6872ab00b57083459a0cceaaa1e48fd2b80cc844,pair s6->s7 dt=4.05s
wide,0,0,4i,drift_adj_dy_s6,0.01719399351621421,px,x0.20-0.60:y0.55-0.85,aba25781e62700cce31a490a6872ab00b57083459a0cceaaa1e48fd2b80cc844,pair s6->s7 dt=4.05s
wide,mean,,S2,island_union_bbox_x0,0.5861979166666667,fraction,x0.00-1.00:y0.00-1.00,aba25781e62700cce31a490a6872ab00b57083459a0cceaaa1e48fd2b80cc844,island mask union over s0..s7; ref 0.59; gate PASS
wide,mean,,S2,island_union_bbox_x1,0.9497395833333333,fraction,x0.00-1.00:y0.00-1.00,aba25781e62700cce31a490a6872ab00b57083459a0cceaaa1e48fd2b80cc844,island mask union over s0..s7; ref 0.93; gate PASS
wide,mean,,S2,island_union_bbox_y0,0.2916666666666667,fraction,x0.00-1.00:y0.00-1.00,aba25781e62700cce31a490a6872ab00b57083459a0cceaaa1e48fd2b80cc844,island mask union over s0..s7; ref 0.29; gate PASS
wide,mean,,S2,island_union_bbox_y1,0.8578703703703704,fraction,x0.00-1.00:y0.00-1.00,aba25781e62700cce31a490a6872ab00b57083459a0cceaaa1e48fd2b80cc844,island mask union over s0..s7; ref 0.86; gate PASS
wide,mean,,4g,palette_turf_union_hex,#1F2912,hex,x0.58-0.96:y0.28-0.90,aba25781e62700cce31a490a6872ab00b57083459a0cceaaa1e48fd2b80cc844,union of s0..s7 (pooled stratum pixels)
wide,mean,,4g,palette_turf_union_share,0.12639479262222678,fraction,x0.58-0.96:y0.28-0.90,aba25781e62700cce31a490a6872ab00b57083459a0cceaaa1e48fd2b80cc844,union of s0..s7
wide,mean,,4g,palette_turf_union_meanS,0.55563208712517,S,x0.58-0.96:y0.28-0.90,aba25781e62700cce31a490a6872ab00b57083459a0cceaaa1e48fd2b80cc844,union of s0..s7
wide,mean,,4g,palette_turf_union_meanV,48.06672355185571,levels,x0.58-0.96:y0.28-0.90,aba25781e62700cce31a490a6872ab00b57083459a0cceaaa1e48fd2b80cc844,union of s0..s7
wide,mean,,4g,palette_turf_union_k1_hex,#131C0C,hex,x0.58-0.96:y0.28-0.90,aba25781e62700cce31a490a6872ab00b57083459a0cceaaa1e48fd2b80cc844,union k-means k=3 seed 0; informational
wide,mean,,4g,palette_turf_union_k1_share,0.5620312174817899,fraction,x0.58-0.96:y0.28-0.90,aba25781e62700cce31a490a6872ab00b57083459a0cceaaa1e48fd2b80cc844,union of s0..s7
wide,mean,,4g,palette_turf_union_k2_hex,#343F1E,hex,x0.58-0.96:y0.28-0.90,aba25781e62700cce31a490a6872ab00b57083459a0cceaaa1e48fd2b80cc844,union k-means k=3 seed 0; informational
wide,mean,,4g,palette_turf_union_k2_share,0.33698508498092267,fraction,x0.58-0.96:y0.28-0.90,aba25781e62700cce31a490a6872ab00b57083459a0cceaaa1e48fd2b80cc844,union of s0..s7
wide,mean,,4g,palette_turf_union_k3_hex,#636E47,hex,x0.58-0.96:y0.28-0.90,aba25781e62700cce31a490a6872ab00b57083459a0cceaaa1e48fd2b80cc844,union k-means k=3 seed 0; informational
wide,mean,,4g,palette_turf_union_k3_share,0.10098369753728755,fraction,x0.58-0.96:y0.28-0.90,aba25781e62700cce31a490a6872ab00b57083459a0cceaaa1e48fd2b80cc844,union of s0..s7
wide,mean,,4g,palette_moss_union_hex,#394212,hex,x0.58-0.96:y0.28-0.90,aba25781e62700cce31a490a6872ab00b57083459a0cceaaa1e48fd2b80cc844,union of s0..s7 (pooled stratum pixels)
wide,mean,,4g,palette_moss_union_share,0.12524737517078421,fraction,x0.58-0.96:y0.28-0.90,aba25781e62700cce31a490a6872ab00b57083459a0cceaaa1e48fd2b80cc844,union of s0..s7
wide,mean,,4g,palette_moss_union_meanS,0.6772002426645579,S,x0.58-0.96:y0.28-0.90,aba25781e62700cce31a490a6872ab00b57083459a0cceaaa1e48fd2b80cc844,union of s0..s7
wide,mean,,4g,palette_moss_union_meanV,68.32808835533676,levels,x0.58-0.96:y0.28-0.90,aba25781e62700cce31a490a6872ab00b57083459a0cceaaa1e48fd2b80cc844,union of s0..s7
wide,mean,,4g,palette_moss_union_k1_hex,#454E18,hex,x0.58-0.96:y0.28-0.90,aba25781e62700cce31a490a6872ab00b57083459a0cceaaa1e48fd2b80cc844,union k-means k=3 seed 0; informational
wide,mean,,4g,palette_moss_union_k1_share,0.43761402506556224,fraction,x0.58-0.96:y0.28-0.90,aba25781e62700cce31a490a6872ab00b57083459a0cceaaa1e48fd2b80cc844,union of s0..s7
wide,mean,,4g,palette_moss_union_k2_hex,#1E260A,hex,x0.58-0.96:y0.28-0.90,aba25781e62700cce31a490a6872ab00b57083459a0cceaaa1e48fd2b80cc844,union k-means k=3 seed 0; informational
wide,mean,,4g,palette_moss_union_k2_share,0.40803156507847166,fraction,x0.58-0.96:y0.28-0.90,aba25781e62700cce31a490a6872ab00b57083459a0cceaaa1e48fd2b80cc844,union of s0..s7
wide,mean,,4g,palette_moss_union_k3_hex,#70783E,hex,x0.58-0.96:y0.28-0.90,aba25781e62700cce31a490a6872ab00b57083459a0cceaaa1e48fd2b80cc844,union k-means k=3 seed 0; informational
wide,mean,,4g,palette_moss_union_k3_share,0.15435440985596613,fraction,x0.58-0.96:y0.28-0.90,aba25781e62700cce31a490a6872ab00b57083459a0cceaaa1e48fd2b80cc844,union of s0..s7
wide,mean,,4g,palette_soil_union_hex,#252729,hex,x0.58-0.96:y0.28-0.90,aba25781e62700cce31a490a6872ab00b57083459a0cceaaa1e48fd2b80cc844,union of s0..s7 (pooled stratum pixels)
wide,mean,,4g,palette_soil_union_share,0.4144865355130348,fraction,x0.58-0.96:y0.28-0.90,aba25781e62700cce31a490a6872ab00b57083459a0cceaaa1e48fd2b80cc844,union of s0..s7
wide,mean,,4g,palette_soil_union_meanS,0.3176280582202382,S,x0.58-0.96:y0.28-0.90,aba25781e62700cce31a490a6872ab00b57083459a0cceaaa1e48fd2b80cc844,union of s0..s7
wide,mean,,4g,palette_soil_union_meanV,56.86467847599126,levels,x0.58-0.96:y0.28-0.90,aba25781e62700cce31a490a6872ab00b57083459a0cceaaa1e48fd2b80cc844,union of s0..s7
wide,mean,,4g,palette_soil_union_k1_hex,#1C1E1F,hex,x0.58-0.96:y0.28-0.90,aba25781e62700cce31a490a6872ab00b57083459a0cceaaa1e48fd2b80cc844,union k-means k=3 seed 0; informational
wide,mean,,4g,palette_soil_union_k1_share,0.5891021833203868,fraction,x0.58-0.96:y0.28-0.90,aba25781e62700cce31a490a6872ab00b57083459a0cceaaa1e48fd2b80cc844,union of s0..s7
wide,mean,,4g,palette_soil_union_k2_hex,#3E3F3E,hex,x0.58-0.96:y0.28-0.90,aba25781e62700cce31a490a6872ab00b57083459a0cceaaa1e48fd2b80cc844,union k-means k=3 seed 0; informational
wide,mean,,4g,palette_soil_union_k2_share,0.3235886943232993,fraction,x0.58-0.96:y0.28-0.90,aba25781e62700cce31a490a6872ab00b57083459a0cceaaa1e48fd2b80cc844,union of s0..s7
wide,mean,,4g,palette_soil_union_k3_hex,#7E8386,hex,x0.58-0.96:y0.28-0.90,aba25781e62700cce31a490a6872ab00b57083459a0cceaaa1e48fd2b80cc844,union k-means k=3 seed 0; informational
wide,mean,,4g,palette_soil_union_k3_share,0.08730912235631397,fraction,x0.58-0.96:y0.28-0.90,aba25781e62700cce31a490a6872ab00b57083459a0cceaaa1e48fd2b80cc844,union of s0..s7
wide,mean,,4g,palette_pebble_union_hex,#2D2C10,hex,x0.58-0.96:y0.28-0.90,aba25781e62700cce31a490a6872ab00b57083459a0cceaaa1e48fd2b80cc844,union of s0..s7 (pooled stratum pixels)
wide,mean,,4g,palette_pebble_union_share,0.056672215820401724,fraction,x0.58-0.96:y0.28-0.90,aba25781e62700cce31a490a6872ab00b57083459a0cceaaa1e48fd2b80cc844,union of s0..s7
wide,mean,,4g,palette_pebble_union_meanS,0.574060527352987,S,x0.58-0.96:y0.28-0.90,aba25781e62700cce31a490a6872ab00b57083459a0cceaaa1e48fd2b80cc844,union of s0..s7
wide,mean,,4g,palette_pebble_union_meanV,53.39505702951424,levels,x0.58-0.96:y0.28-0.90,aba25781e62700cce31a490a6872ab00b57083459a0cceaaa1e48fd2b80cc844,union of s0..s7
wide,mean,,4g,palette_pebble_union_k1_hex,#18170B,hex,x0.58-0.96:y0.28-0.90,aba25781e62700cce31a490a6872ab00b57083459a0cceaaa1e48fd2b80cc844,union k-means k=3 seed 0; informational
wide,mean,,4g,palette_pebble_union_k1_share,0.508048495200609,fraction,x0.58-0.96:y0.28-0.90,aba25781e62700cce31a490a6872ab00b57083459a0cceaaa1e48fd2b80cc844,union of s0..s7
wide,mean,,4g,palette_pebble_union_k2_hex,#43431E,hex,x0.58-0.96:y0.28-0.90,aba25781e62700cce31a490a6872ab00b57083459a0cceaaa1e48fd2b80cc844,union k-means k=3 seed 0; informational
wide,mean,,4g,palette_pebble_union_k2_share,0.3700946262911321,fraction,x0.58-0.96:y0.28-0.90,aba25781e62700cce31a490a6872ab00b57083459a0cceaaa1e48fd2b80cc844,union of s0..s7
wide,mean,,4g,palette_pebble_union_k3_hex,#737547,hex,x0.58-0.96:y0.28-0.90,aba25781e62700cce31a490a6872ab00b57083459a0cceaaa1e48fd2b80cc844,union k-means k=3 seed 0; informational
wide,mean,,4g,palette_pebble_union_k3_share,0.12185687850825891,fraction,x0.58-0.96:y0.28-0.90,aba25781e62700cce31a490a6872ab00b57083459a0cceaaa1e48fd2b80cc844,union of s0..s7
wide,mean,,4g,palette_basalt_union_hex,#0A0B0F,hex,x0.58-0.96:y0.28-0.90,aba25781e62700cce31a490a6872ab00b57083459a0cceaaa1e48fd2b80cc844,union of s0..s7 (pooled stratum pixels)
wide,mean,,4g,palette_basalt_union_share,0.27719908087355244,fraction,x0.58-0.96:y0.28-0.90,aba25781e62700cce31a490a6872ab00b57083459a0cceaaa1e48fd2b80cc844,union of s0..s7
wide,mean,,4g,palette_basalt_union_meanS,0.538465684956786,S,x0.58-0.96:y0.28-0.90,aba25781e62700cce31a490a6872ab00b57083459a0cceaaa1e48fd2b80cc844,union of s0..s7
wide,mean,,4g,palette_basalt_union_meanV,16.66413380974915,levels,x0.58-0.96:y0.28-0.90,aba25781e62700cce31a490a6872ab00b57083459a0cceaaa1e48fd2b80cc844,union of s0..s7
wide,mean,,4g,palette_basalt_union_k1_hex,#0B0C0D,hex,x0.58-0.96:y0.28-0.90,aba25781e62700cce31a490a6872ab00b57083459a0cceaaa1e48fd2b80cc844,union k-means k=3 seed 0; informational
wide,mean,,4g,palette_basalt_union_k1_share,0.382901918906403,fraction,x0.58-0.96:y0.28-0.90,aba25781e62700cce31a490a6872ab00b57083459a0cceaaa1e48fd2b80cc844,union of s0..s7
wide,mean,,4g,palette_basalt_union_k2_hex,#0D1118,hex,x0.58-0.96:y0.28-0.90,aba25781e62700cce31a490a6872ab00b57083459a0cceaaa1e48fd2b80cc844,union k-means k=3 seed 0; informational
wide,mean,,4g,palette_basalt_union_k2_share,0.3333995490582606,fraction,x0.58-0.96:y0.28-0.90,aba25781e62700cce31a490a6872ab00b57083459a0cceaaa1e48fd2b80cc844,union of s0..s7
wide,mean,,4g,palette_basalt_union_k3_hex,#040407,hex,x0.58-0.96:y0.28-0.90,aba25781e62700cce31a490a6872ab00b57083459a0cceaaa1e48fd2b80cc844,union k-means k=3 seed 0; informational
wide,mean,,4g,palette_basalt_union_k3_share,0.2836985320353364,fraction,x0.58-0.96:y0.28-0.90,aba25781e62700cce31a490a6872ab00b57083459a0cceaaa1e48fd2b80cc844,union of s0..s7
